history_id,reservation_id,status,last_updated
1,1,Cancelled,2024-05-30 04:52 AM
2,2,No-show,2024-04-09 09:22 PM
3,3,Cancelled,2024-03-18 06:53 AM
4,4,Completed,2024-06-27 07:19 AM
5,5,Completed,2024-07-02 11:25 PM
6,6,Cancelled,2024-07-15 06:12 PM
7,7,Cancelled,2024-07-05 02:13 PM
8,8,No-show,2024-02-29 02:16 PM
9,9,No-show,2024-03-21 08:49 AM
10,10,No-show,2024-07-21 04:27 AM
11,11,No-show,2024-04-11 03:48 AM
12,12,Cancelled,2024-03-12 06:58 AM
13,13,No-show,2024-06-21 04:16 AM
14,14,Completed,2024-06-12 11:18 AM
15,15,Completed,2024-09-24 05:43 AM
16,16,Cancelled,2024-06-15 08:01 AM
17,17,No-show,2024-01-06 07:57 AM
18,18,Cancelled,2024-07-25 02:14 PM
19,19,No-show,2024-06-20 06:12 PM
20,20,Completed,2024-01-07 02:35 AM
21,21,Cancelled,2024-03-20 12:38 PM
22,22,No-show,2024-07-20 03:07 AM
23,23,No-show,2024-06-26 12:49 PM
24,24,No-show,2024-02-06 09:15 PM
25,25,Cancelled,2024-08-07 12:21 PM
26,26,No-show,2024-01-15 07:43 AM
27,27,Cancelled,2024-02-16 02:28 PM
28,28,Completed,2024-06-15 02:06 PM
29,29,No-show,2024-05-16 10:45 PM
30,30,No-show,2024-06-23 09:24 AM
31,31,Cancelled,2024-08-19 12:20 AM
32,32,Completed,2024-02-27 07:06 PM
33,33,Cancelled,2024-03-09 08:53 PM
34,34,No-show,2024-09-06 02:12 AM
35,35,Completed,2024-08-28 11:56 PM
36,36,No-show,2024-03-05 08:04 AM
37,37,Cancelled,2024-02-28 04:09 AM
38,38,No-show,2024-03-22 12:13 AM
39,39,Cancelled,2024-01-15 07:47 AM
40,40,Cancelled,2024-07-14 04:44 PM
41,41,Cancelled,2024-09-02 05:33 PM
42,42,Cancelled,2024-04-21 12:07 AM
43,43,Cancelled,2024-07-12 08:29 AM
44,44,Cancelled,2024-04-09 12:32 PM
45,45,No-show,2024-08-30 10:49 AM
46,46,Completed,2024-03-31 07:01 PM
47,47,No-show,2024-05-08 07:31 AM
48,48,Completed,2024-07-08 03:40 PM
49,49,Cancelled,2024-06-20 12:09 AM
50,50,No-show,2024-02-13 08:34 AM
51,51,Completed,2024-06-26 05:47 PM
52,52,Completed,2024-08-25 06:52 PM
53,53,Completed,2024-04-16 12:05 AM
54,54,No-show,2024-03-14 06:40 PM
55,55,Cancelled,2024-08-06 10:44 AM
56,56,Cancelled,2024-04-11 07:54 PM
57,57,Cancelled,2024-06-24 06:28 PM
58,58,Completed,2024-06-30 09:21 AM
59,59,Completed,2024-09-05 05:32 PM
60,60,Cancelled,2024-06-23 11:42 AM
61,61,Completed,2024-02-22 04:10 PM
62,62,Cancelled,2024-06-19 03:09 AM
63,63,Cancelled,2024-09-17 01:02 PM
64,64,No-show,2024-01-14 03:12 PM
65,65,Completed,2024-07-21 08:36 PM
66,66,Completed,2024-08-15 11:46 PM
67,67,Cancelled,2024-08-27 06:37 PM
68,68,Cancelled,2024-08-20 11:22 AM
69,69,Cancelled,2024-06-09 10:38 AM
70,70,Cancelled,2024-07-11 12:10 PM
71,71,No-show,2024-07-25 12:59 PM
72,72,Completed,2024-08-12 07:57 AM
73,73,Completed,2024-05-18 01:56 PM
74,74,No-show,2024-09-10 11:04 PM
75,75,Cancelled,2024-04-08 06:23 PM
76,76,No-show,2024-06-20 05:03 AM
77,77,Completed,2024-03-16 08:58 PM
78,78,Cancelled,2024-01-28 07:04 PM
79,79,Completed,2024-02-03 08:12 PM
80,80,Cancelled,2024-03-18 04:56 PM
81,81,Completed,2024-03-09 03:18 PM
82,82,No-show,2024-05-31 04:10 AM
83,83,Cancelled,2024-08-27 12:02 PM
84,84,No-show,2024-01-13 07:02 AM
85,85,No-show,2024-01-12 12:31 PM
86,86,Completed,2024-03-30 02:28 PM
87,87,Completed,2024-03-17 05:05 PM
88,88,No-show,2024-04-14 08:45 AM
89,89,No-show,2024-01-13 07:19 AM
90,90,Cancelled,2024-08-10 09:27 PM
91,91,Cancelled,2024-03-26 08:06 AM
92,92,No-show,2024-06-24 07:18 AM
93,93,Cancelled,2024-07-10 08:33 AM
94,94,No-show,2024-09-10 08:31 PM
95,95,No-show,2024-09-24 09:07 AM
96,96,Completed,2024-09-05 07:34 PM
97,97,Completed,2024-01-20 04:43 AM
98,98,No-show,2024-05-28 06:18 AM
99,99,Cancelled,2024-03-11 10:37 AM
100,100,No-show,2024-02-08 12:38 PM
101,101,No-show,2024-09-19 05:25 AM
102,102,Completed,2024-07-14 01:28 PM
103,103,Cancelled,2024-09-22 02:28 PM
104,104,Completed,2024-07-15 11:00 PM
105,105,Cancelled,2024-08-22 12:46 AM
106,106,No-show,2024-05-07 06:41 AM
107,107,Completed,2024-04-22 11:33 PM
108,108,Completed,2024-07-29 06:19 PM
109,109,Completed,2024-02-29 04:02 PM
110,110,No-show,2024-08-08 07:41 PM
111,111,No-show,2024-06-17 01:02 AM
112,112,Completed,2024-08-10 02:30 AM
113,113,No-show,2024-02-25 08:33 PM
114,114,Cancelled,2024-06-17 10:18 PM
115,115,No-show,2024-04-22 03:32 PM
116,116,No-show,2024-06-21 01:51 PM
117,117,Cancelled,2024-04-28 02:19 PM
118,118,Cancelled,2024-07-26 05:38 AM
119,119,Cancelled,2024-04-18 02:16 PM
120,120,Cancelled,2024-02-14 02:25 PM
121,121,Cancelled,2024-07-13 04:22 AM
122,122,Completed,2024-05-12 11:45 PM
123,123,No-show,2024-02-17 09:28 PM
124,124,Completed,2024-01-22 04:30 AM
125,125,No-show,2024-02-25 11:05 AM
126,126,Cancelled,2024-01-21 11:44 AM
127,127,No-show,2024-02-19 10:29 AM
128,128,No-show,2024-05-10 05:56 PM
129,129,Cancelled,2024-04-28 12:05 PM
130,130,Completed,2024-02-06 02:04 AM
131,131,Completed,2024-05-27 09:21 PM
132,132,Completed,2024-05-03 02:17 AM
133,133,Cancelled,2024-05-18 01:32 PM
134,134,Completed,2024-06-08 10:28 AM
135,135,No-show,2024-05-02 04:38 PM
136,136,Cancelled,2024-09-17 01:50 AM
137,137,No-show,2024-09-01 03:25 PM
138,138,Cancelled,2024-09-24 04:51 AM
139,139,Cancelled,2024-08-29 12:23 AM
140,140,No-show,2024-08-09 08:18 AM
141,141,No-show,2024-05-18 06:27 AM
142,142,Cancelled,2024-04-15 10:28 PM
143,143,No-show,2024-02-25 01:46 AM
144,144,No-show,2024-02-12 03:14 PM
145,145,Completed,2024-02-25 07:28 PM
146,146,No-show,2024-01-30 08:58 PM
147,147,Completed,2024-05-04 11:27 AM
148,148,No-show,2024-04-24 10:25 AM
149,149,Cancelled,2024-01-01 07:36 PM
150,150,Cancelled,2024-05-30 02:56 AM
151,151,Cancelled,2024-08-04 09:07 PM
152,152,Completed,2024-05-15 11:21 PM
153,153,Completed,2024-04-20 12:41 AM
154,154,Completed,2024-04-02 04:23 PM
155,155,No-show,2024-05-04 09:42 AM
156,156,Completed,2024-05-06 05:40 PM
157,157,No-show,2024-05-11 02:47 AM
158,158,No-show,2024-09-09 10:54 PM
159,159,Completed,2024-05-02 08:28 AM
160,160,Completed,2024-03-12 01:00 AM
161,161,Cancelled,2024-07-07 05:31 PM
162,162,Completed,2024-02-10 01:17 PM
163,163,No-show,2024-03-02 08:30 AM
164,164,No-show,2024-06-27 08:45 AM
165,165,Cancelled,2024-06-26 01:24 AM
166,166,Completed,2024-08-15 12:13 AM
167,167,Cancelled,2024-03-19 05:56 AM
168,168,No-show,2024-02-18 04:09 AM
169,169,Completed,2024-08-09 08:20 AM
170,170,Completed,2024-02-25 03:17 PM
171,171,Cancelled,2024-03-29 06:46 AM
172,172,Cancelled,2024-06-17 08:11 AM
173,173,Cancelled,2024-03-29 02:16 PM
174,174,No-show,2024-02-04 08:04 PM
175,175,No-show,2024-07-11 01:05 PM
176,176,Cancelled,2024-04-26 09:05 AM
177,177,Completed,2024-01-17 04:26 AM
178,178,No-show,2024-04-30 04:27 AM
179,179,No-show,2024-01-12 05:52 AM
180,180,Cancelled,2024-09-10 03:47 AM
181,181,Cancelled,2024-02-12 12:45 AM
182,182,No-show,2024-04-27 06:34 AM
183,183,No-show,2024-03-29 08:08 PM
184,184,Completed,2024-01-17 06:42 PM
185,185,No-show,2024-03-01 11:15 PM
186,186,Completed,2024-08-02 08:32 PM
187,187,No-show,2024-07-28 09:31 PM
188,188,Cancelled,2024-05-30 05:50 AM
189,189,Cancelled,2024-05-13 12:20 AM
190,190,Completed,2024-06-16 02:56 PM
191,191,Completed,2024-02-07 08:29 AM
192,192,No-show,2024-04-29 10:17 AM
193,193,Completed,2024-05-29 01:36 AM
194,194,Completed,2024-07-15 06:44 AM
195,195,Completed,2024-04-16 05:49 AM
196,196,No-show,2024-04-22 12:14 PM
197,197,No-show,2024-04-03 12:20 PM
198,198,Cancelled,2024-03-09 07:11 PM
199,199,Completed,2024-01-22 05:16 PM
200,200,Completed,2024-02-20 12:32 AM
201,201,Cancelled,2024-02-23 06:39 PM
202,202,Completed,2024-04-20 11:30 PM
203,203,Cancelled,2024-03-17 05:33 PM
204,204,No-show,2024-09-21 07:15 AM
205,205,No-show,2024-04-09 04:20 PM
206,206,Completed,2024-09-03 12:01 PM
207,207,Completed,2024-08-08 10:47 PM
208,208,Cancelled,2024-01-26 04:45 PM
209,209,Completed,2024-06-10 09:49 PM
210,210,Cancelled,2024-09-02 01:48 PM
211,211,Completed,2024-04-29 08:26 AM
212,212,No-show,2024-08-23 08:03 PM
213,213,No-show,2024-02-15 03:03 PM
214,214,No-show,2024-09-13 07:33 PM
215,215,No-show,2024-08-26 03:05 PM
216,216,No-show,2024-03-06 01:01 AM
217,217,Cancelled,2024-08-16 09:43 PM
218,218,Cancelled,2024-06-28 06:48 AM
219,219,No-show,2024-01-18 09:15 AM
220,220,Completed,2024-06-16 07:09 AM
221,221,Cancelled,2024-02-24 03:21 PM
222,222,No-show,2024-03-09 05:31 AM
223,223,Completed,2024-07-31 02:36 AM
224,224,No-show,2024-07-13 02:14 AM
225,225,Completed,2024-02-06 09:13 PM
226,226,Cancelled,2024-06-01 01:49 PM
227,227,Cancelled,2024-07-09 10:30 AM
228,228,Completed,2024-01-15 05:38 AM
229,229,No-show,2024-05-04 11:39 PM
230,230,No-show,2024-02-11 08:48 PM
231,231,Cancelled,2024-09-13 02:16 AM
232,232,Completed,2024-02-24 10:03 AM
233,233,Cancelled,2024-07-24 11:27 AM
234,234,No-show,2024-07-31 08:23 PM
235,235,Cancelled,2024-03-27 11:55 AM
236,236,Cancelled,2024-05-02 10:30 PM
237,237,Completed,2024-09-09 01:39 PM
238,238,No-show,2024-06-11 11:54 AM
239,239,No-show,2024-06-29 06:22 AM
240,240,No-show,2024-03-29 07:14 PM
241,241,Completed,2024-04-29 10:42 PM
242,242,Completed,2024-02-29 02:31 AM
243,243,No-show,2024-07-17 03:21 AM
244,244,Cancelled,2024-03-16 08:58 PM
245,245,Cancelled,2024-02-15 04:23 PM
246,246,Cancelled,2024-04-01 08:48 AM
247,247,Completed,2024-04-26 06:02 AM
248,248,Completed,2024-03-24 12:39 AM
249,249,No-show,2024-03-12 12:35 PM
250,250,Completed,2024-07-25 09:17 AM
251,251,No-show,2024-03-13 07:28 AM
252,252,Completed,2024-06-03 01:16 AM
253,253,Completed,2024-03-04 10:26 PM
254,254,Completed,2024-01-13 05:58 PM
255,255,Cancelled,2024-09-14 05:34 AM
256,256,No-show,2024-05-13 02:19 AM
257,257,Cancelled,2024-09-11 10:22 PM
258,258,Cancelled,2024-04-27 06:21 AM
259,259,No-show,2024-07-25 11:25 PM
260,260,Cancelled,2024-08-03 01:43 AM
261,261,No-show,2024-08-08 06:05 AM
262,262,Completed,2024-01-10 06:54 PM
263,263,No-show,2024-09-18 04:31 AM
264,264,No-show,2024-08-14 02:40 AM
265,265,Completed,2024-08-28 04:45 PM
266,266,No-show,2024-01-01 09:59 PM
267,267,Cancelled,2024-05-31 01:22 AM
268,268,No-show,2024-04-03 09:43 PM
269,269,Cancelled,2024-09-20 08:18 PM
270,270,Completed,2024-08-28 05:54 AM
271,271,Cancelled,2024-06-02 10:49 PM
272,272,No-show,2024-01-15 04:16 PM
273,273,Cancelled,2024-07-07 02:45 PM
274,274,No-show,2024-04-06 08:04 AM
275,275,No-show,2024-03-06 07:00 PM
276,276,No-show,2024-05-15 03:10 PM
277,277,Cancelled,2024-04-13 05:12 AM
278,278,Cancelled,2024-08-15 11:39 PM
279,279,No-show,2024-06-28 02:54 PM
280,280,Cancelled,2024-06-27 09:24 AM
281,281,Cancelled,2024-09-03 02:57 PM
282,282,Completed,2024-07-06 03:10 PM
283,283,Completed,2024-06-09 10:04 AM
284,284,No-show,2024-06-25 02:31 PM
285,285,Completed,2024-09-21 02:23 AM
286,286,Cancelled,2024-05-18 11:45 AM
287,287,Cancelled,2024-02-03 09:23 AM
288,288,Completed,2024-01-10 04:18 AM
289,289,Cancelled,2024-07-27 05:48 PM
290,290,No-show,2024-09-18 03:22 PM
291,291,Completed,2024-07-06 10:39 PM
292,292,Cancelled,2024-03-12 06:01 AM
293,293,No-show,2024-07-31 09:32 AM
294,294,Cancelled,2024-05-03 06:17 PM
295,295,Completed,2024-02-22 10:13 PM
296,296,No-show,2024-02-28 07:51 AM
297,297,Completed,2024-08-11 12:43 PM
298,298,Cancelled,2024-05-05 07:12 AM
299,299,Completed,2024-03-06 08:46 AM
300,300,Cancelled,2024-03-07 05:54 AM
301,301,Cancelled,2024-02-20 07:37 PM
302,302,Cancelled,2024-09-12 05:51 PM
303,303,No-show,2024-02-23 11:57 AM
304,304,Cancelled,2024-07-16 08:14 AM
305,305,Completed,2024-05-02 04:48 AM
306,306,No-show,2024-01-28 10:29 AM
307,307,Cancelled,2024-09-19 10:42 PM
308,308,No-show,2024-08-22 05:51 PM
309,309,No-show,2024-08-06 12:00 PM
310,310,No-show,2024-02-01 03:33 PM
311,311,No-show,2024-01-23 05:10 PM
312,312,No-show,2024-07-30 10:22 PM
313,313,Completed,2024-06-30 11:20 AM
314,314,Completed,2024-02-22 03:53 PM
315,315,Completed,2024-04-24 05:01 AM
316,316,Completed,2024-02-23 12:25 PM
317,317,Completed,2024-04-09 07:24 AM
318,318,Completed,2024-05-25 08:26 PM
319,319,Completed,2024-06-05 09:25 PM
320,320,Completed,2024-05-02 12:06 AM
321,321,Cancelled,2024-08-23 12:45 AM
322,322,Completed,2024-01-08 04:13 PM
323,323,Cancelled,2024-09-11 05:17 AM
324,324,Cancelled,2024-03-16 10:28 PM
325,325,Completed,2024-09-12 01:15 PM
326,326,Completed,2024-02-28 05:10 PM
327,327,Completed,2024-09-13 01:07 AM
328,328,No-show,2024-08-20 05:23 PM
329,329,Cancelled,2024-08-20 06:35 PM
330,330,No-show,2024-01-02 06:16 PM
331,331,Cancelled,2024-01-30 11:44 PM
332,332,Completed,2024-05-27 02:36 PM
333,333,Completed,2024-05-22 01:15 AM
334,334,Completed,2024-01-27 04:44 AM
335,335,Cancelled,2024-05-18 07:40 PM
336,336,No-show,2024-05-02 05:11 PM
337,337,Cancelled,2024-01-26 09:22 AM
338,338,Completed,2024-07-17 12:39 PM
339,339,Completed,2024-01-03 07:09 PM
340,340,Completed,2024-04-22 06:09 AM
341,341,Cancelled,2024-05-12 08:33 AM
342,342,Completed,2024-08-24 01:26 AM
343,343,Cancelled,2024-06-13 09:06 PM
344,344,Completed,2024-05-29 04:09 PM
345,345,Cancelled,2024-08-23 02:02 PM
346,346,Cancelled,2024-03-22 02:49 PM
347,347,No-show,2024-08-11 03:00 PM
348,348,Cancelled,2024-04-21 05:33 AM
349,349,No-show,2024-05-04 09:17 AM
350,350,No-show,2024-04-21 01:47 AM
351,351,Completed,2024-02-29 02:05 PM
352,352,Completed,2024-01-23 11:22 AM
353,353,Cancelled,2024-01-19 09:57 PM
354,354,Cancelled,2024-09-24 01:39 AM
355,355,Completed,2024-08-17 02:59 PM
356,356,No-show,2024-06-29 03:19 PM
357,357,Cancelled,2024-09-19 08:26 AM
358,358,No-show,2024-04-17 04:58 PM
359,359,No-show,2024-02-20 08:45 AM
360,360,Completed,2024-06-16 09:42 PM
361,361,Cancelled,2024-07-30 08:30 PM
362,362,Cancelled,2024-03-04 03:46 AM
363,363,No-show,2024-04-21 05:37 PM
364,364,No-show,2024-04-16 10:41 AM
365,365,No-show,2024-03-21 10:18 AM
366,366,No-show,2024-07-08 07:18 AM
367,367,Cancelled,2024-07-15 11:02 AM
368,368,Completed,2024-07-19 05:16 PM
369,369,Completed,2024-01-03 10:08 PM
370,370,Cancelled,2024-06-27 04:39 AM
371,371,Cancelled,2024-02-16 09:13 AM
372,372,No-show,2024-06-21 03:30 AM
373,373,Cancelled,2024-01-26 07:59 PM
374,374,Completed,2024-09-12 07:56 AM
375,375,Cancelled,2024-06-23 07:16 PM
376,376,Cancelled,2024-07-20 04:21 AM
377,377,Cancelled,2024-06-25 01:44 PM
378,378,Completed,2024-03-20 01:42 AM
379,379,No-show,2024-06-17 08:46 PM
380,380,Cancelled,2024-08-20 01:32 AM
381,381,Cancelled,2024-02-01 12:10 AM
382,382,No-show,2024-01-01 06:20 AM
383,383,Completed,2024-07-17 10:09 PM
384,384,Completed,2024-08-12 02:43 PM
385,385,No-show,2024-06-20 05:08 PM
386,386,No-show,2024-06-26 10:06 PM
387,387,Completed,2024-09-19 03:44 AM
388,388,No-show,2024-05-26 06:11 AM
389,389,Completed,2024-06-14 03:32 PM
390,390,No-show,2024-01-01 03:44 AM
391,391,Cancelled,2024-06-07 09:57 AM
392,392,Cancelled,2024-08-10 10:24 PM
393,393,No-show,2024-03-14 02:37 AM
394,394,Cancelled,2024-04-28 03:24 PM
395,395,Completed,2024-07-15 06:36 PM
396,396,Cancelled,2024-08-20 05:39 AM
397,397,Completed,2024-06-26 05:52 PM
398,398,No-show,2024-09-22 12:31 PM
399,399,Completed,2024-01-16 02:51 AM
400,400,Completed,2024-03-23 03:38 PM
401,401,Cancelled,2024-09-24 01:43 AM
402,402,Cancelled,2024-02-10 08:07 AM
403,403,Cancelled,2024-04-07 03:57 AM
404,404,Cancelled,2024-08-24 05:14 PM
405,405,Completed,2024-05-23 11:37 AM
406,406,No-show,2024-02-13 01:45 AM
407,407,Completed,2024-09-19 03:36 AM
408,408,Completed,2024-05-12 10:00 PM
409,409,Completed,2024-08-03 10:43 AM
410,410,No-show,2024-02-04 04:39 AM
411,411,No-show,2024-06-03 12:34 PM
412,412,No-show,2024-03-16 11:12 AM
413,413,Cancelled,2024-01-30 05:07 AM
414,414,Cancelled,2024-02-11 11:53 AM
415,415,No-show,2024-07-06 09:14 PM
416,416,Cancelled,2024-09-18 06:10 PM
417,417,No-show,2024-05-25 05:56 AM
418,418,Cancelled,2024-06-06 05:14 AM
419,419,Completed,2024-06-30 02:27 AM
420,420,Completed,2024-04-04 07:50 PM
421,421,No-show,2024-08-29 09:44 AM
422,422,No-show,2024-07-01 03:59 PM
423,423,Completed,2024-02-10 09:15 PM
424,424,Cancelled,2024-02-26 03:59 AM
425,425,Cancelled,2024-02-22 02:22 PM
426,426,No-show,2024-07-05 02:50 AM
427,427,No-show,2024-01-31 07:14 AM
428,428,Cancelled,2024-06-20 07:30 PM
429,429,No-show,2024-07-09 03:09 AM
430,430,No-show,2024-08-19 03:02 PM
431,431,No-show,2024-05-14 06:01 AM
432,432,Cancelled,2024-06-05 02:44 AM
433,433,Cancelled,2024-01-03 07:49 AM
434,434,Completed,2024-04-09 01:44 AM
435,435,No-show,2024-07-21 04:36 PM
436,436,Completed,2024-01-16 10:11 PM
437,437,Completed,2024-02-01 09:57 PM
438,438,Cancelled,2024-07-21 02:46 AM
439,439,No-show,2024-01-26 07:33 PM
440,440,Completed,2024-02-17 11:01 AM
441,441,Completed,2024-01-06 01:17 PM
442,442,No-show,2024-08-03 05:23 AM
443,443,Completed,2024-08-29 03:46 AM
444,444,Cancelled,2024-07-19 12:51 AM
445,445,Cancelled,2024-05-27 12:09 PM
446,446,Cancelled,2024-04-01 09:45 PM
447,447,Completed,2024-05-22 09:02 AM
448,448,No-show,2024-07-03 12:32 AM
449,449,Cancelled,2024-07-04 09:23 PM
450,450,Completed,2024-06-05 10:49 AM
451,451,Completed,2024-08-24 11:17 PM
452,452,Completed,2024-05-21 09:23 AM
453,453,Cancelled,2024-04-10 06:08 AM
454,454,Completed,2024-02-25 12:19 AM
455,455,No-show,2024-04-07 03:55 AM
456,456,Cancelled,2024-05-08 07:14 PM
457,457,Cancelled,2024-01-09 11:34 AM
458,458,Completed,2024-07-20 06:18 PM
459,459,Completed,2024-06-12 12:39 PM
460,460,Completed,2024-05-27 07:24 AM
461,461,Completed,2024-02-03 02:06 AM
462,462,Cancelled,2024-09-19 10:19 PM
463,463,No-show,2024-08-05 01:16 AM
464,464,No-show,2024-09-06 01:36 AM
465,465,Completed,2024-01-14 06:10 PM
466,466,No-show,2024-07-04 08:30 PM
467,467,No-show,2024-07-06 05:38 PM
468,468,Completed,2024-01-14 07:44 PM
469,469,Completed,2024-08-31 09:09 PM
470,470,Cancelled,2024-07-25 12:30 AM
471,471,Completed,2024-02-15 05:56 AM
472,472,No-show,2024-06-05 08:39 PM
473,473,Completed,2024-04-19 09:00 PM
474,474,Cancelled,2024-01-20 01:23 AM
475,475,Completed,2024-04-25 04:32 PM
476,476,No-show,2024-02-23 06:34 AM
477,477,Cancelled,2024-04-15 02:50 PM
478,478,Cancelled,2024-01-15 09:35 AM
479,479,Cancelled,2024-06-21 07:28 PM
480,480,No-show,2024-03-12 04:12 AM
481,481,Completed,2024-02-01 01:19 AM
482,482,No-show,2024-03-17 12:57 PM
483,483,Cancelled,2024-04-16 12:53 PM
484,484,Completed,2024-02-03 03:32 PM
485,485,Cancelled,2024-01-08 12:36 AM
486,486,Cancelled,2024-05-02 04:53 PM
487,487,Completed,2024-05-02 08:15 AM
488,488,Completed,2024-02-24 12:53 AM
489,489,Completed,2024-02-22 03:35 PM
490,490,Cancelled,2024-09-13 08:03 PM
491,491,Cancelled,2024-05-04 09:03 PM
492,492,No-show,2024-04-29 04:41 AM
493,493,Cancelled,2024-08-24 02:07 PM
494,494,Cancelled,2024-08-08 09:48 PM
495,495,No-show,2024-09-20 05:21 PM
496,496,Cancelled,2024-08-24 03:08 AM
497,497,Completed,2024-04-29 04:59 PM
498,498,Completed,2024-04-13 10:51 AM
499,499,No-show,2024-08-05 09:46 PM
500,500,Completed,2024-01-27 08:45 AM
501,501,No-show,2024-08-08 05:16 PM
502,502,Completed,2024-08-22 08:17 AM
503,503,Completed,2024-09-08 12:06 AM
504,504,Cancelled,2024-05-19 01:27 AM
505,505,Completed,2024-05-07 04:05 PM
506,506,Cancelled,2024-02-08 09:52 AM
507,507,Cancelled,2024-08-06 07:42 AM
508,508,Cancelled,2024-01-19 04:00 PM
509,509,No-show,2024-02-19 01:37 PM
510,510,Completed,2024-04-30 01:07 PM
511,511,Cancelled,2024-03-25 02:40 PM
512,512,No-show,2024-07-25 03:54 PM
513,513,No-show,2024-04-17 07:02 AM
514,514,Cancelled,2024-06-30 03:10 PM
515,515,Completed,2024-08-05 05:37 AM
516,516,Cancelled,2024-05-22 07:24 AM
517,517,No-show,2024-08-16 09:05 PM
518,518,No-show,2024-08-17 09:36 AM
519,519,Cancelled,2024-07-03 10:19 PM
520,520,Cancelled,2024-02-17 10:44 PM
521,521,Cancelled,2024-01-23 09:44 AM
522,522,No-show,2024-07-16 06:00 AM
523,523,No-show,2024-09-21 02:29 AM
524,524,Cancelled,2024-08-28 01:28 AM
525,525,Cancelled,2024-08-26 05:58 PM
526,526,Completed,2024-07-30 11:09 AM
527,527,Completed,2024-03-27 04:24 PM
528,528,Cancelled,2024-01-04 03:10 AM
529,529,Cancelled,2024-04-16 05:01 AM
530,530,Cancelled,2024-07-07 11:11 PM
531,531,Cancelled,2024-03-21 08:58 PM
532,532,Cancelled,2024-02-28 08:52 PM
533,533,No-show,2024-06-21 12:25 PM
534,534,Cancelled,2024-02-07 03:39 PM
535,535,No-show,2024-06-08 07:57 AM
536,536,No-show,2024-01-01 10:04 PM
537,537,No-show,2024-07-31 12:05 PM
538,538,Completed,2024-07-29 05:42 PM
539,539,Completed,2024-01-30 02:07 PM
540,540,Completed,2024-08-02 01:09 AM
541,541,Cancelled,2024-05-12 07:42 PM
542,542,Cancelled,2024-07-14 06:04 PM
543,543,Completed,2024-02-09 10:26 AM
544,544,No-show,2024-07-24 06:04 AM
545,545,Completed,2024-01-24 08:12 PM
546,546,Completed,2024-05-15 05:26 PM
547,547,No-show,2024-06-17 09:20 AM
548,548,Cancelled,2024-04-23 06:09 PM
549,549,No-show,2024-08-16 02:15 AM
550,550,Completed,2024-02-27 01:45 AM
551,551,No-show,2024-03-27 03:00 AM
552,552,Completed,2024-03-11 09:29 AM
553,553,Completed,2024-01-13 12:42 AM
554,554,Cancelled,2024-05-04 12:17 AM
555,555,No-show,2024-02-23 03:55 PM
556,556,No-show,2024-09-03 07:40 PM
557,557,Completed,2024-04-29 08:15 PM
558,558,No-show,2024-03-31 07:39 AM
559,559,No-show,2024-05-06 08:26 PM
560,560,No-show,2024-05-24 04:52 AM
561,561,Completed,2024-06-15 07:49 AM
562,562,Completed,2024-09-08 04:23 PM
563,563,No-show,2024-08-30 06:34 PM
564,564,No-show,2024-07-22 10:00 PM
565,565,Completed,2024-07-15 04:18 AM
566,566,Cancelled,2024-07-01 04:10 PM
567,567,No-show,2024-07-23 04:49 PM
568,568,Completed,2024-01-01 11:14 PM
569,569,Completed,2024-08-02 10:53 AM
570,570,Completed,2024-01-29 11:49 PM
571,571,Completed,2024-05-23 01:35 PM
572,572,Cancelled,2024-09-01 07:27 AM
573,573,No-show,2024-08-17 11:32 AM
574,574,Completed,2024-09-25 08:31 AM
575,575,No-show,2024-05-05 10:30 PM
576,576,Completed,2024-02-08 04:05 AM
577,577,No-show,2024-06-21 03:46 AM
578,578,Completed,2024-02-02 04:40 AM
579,579,No-show,2024-08-27 06:50 PM
580,580,Completed,2024-02-09 02:41 AM
581,581,Completed,2024-03-02 02:30 AM
582,582,Completed,2024-09-17 10:28 AM
583,583,No-show,2024-03-16 12:32 AM
584,584,Completed,2024-09-05 01:00 PM
585,585,Cancelled,2024-01-24 02:51 PM
586,586,Cancelled,2024-09-16 03:28 AM
587,587,Cancelled,2024-08-28 01:00 AM
588,588,No-show,2024-02-07 07:06 AM
589,589,Completed,2024-02-26 12:26 AM
590,590,Cancelled,2024-05-11 09:13 PM
591,591,No-show,2024-06-17 02:03 PM
592,592,No-show,2024-09-19 06:48 PM
593,593,No-show,2024-01-18 10:38 PM
594,594,Cancelled,2024-06-27 10:29 AM
595,595,Completed,2024-05-31 01:46 AM
596,596,Cancelled,2024-07-31 06:23 AM
597,597,No-show,2024-05-11 03:29 PM
598,598,Completed,2024-02-01 03:50 PM
599,599,Completed,2024-05-02 10:14 AM
600,600,Completed,2024-05-11 08:28 AM
601,601,No-show,2024-06-11 04:59 AM
602,602,Completed,2024-08-03 08:33 AM
603,603,No-show,2024-08-01 07:12 AM
604,604,Completed,2024-03-04 06:08 AM
605,605,Completed,2024-08-16 09:54 AM
606,606,Cancelled,2024-06-01 05:05 PM
607,607,No-show,2024-01-28 07:13 PM
608,608,No-show,2024-08-22 04:42 PM
609,609,Completed,2024-03-26 09:02 PM
610,610,Cancelled,2024-08-29 02:14 PM
611,611,No-show,2024-08-30 09:54 AM
612,612,No-show,2024-01-25 03:04 AM
613,613,Completed,2024-06-18 12:54 AM
614,614,Completed,2024-08-23 08:50 PM
615,615,No-show,2024-09-20 09:31 AM
616,616,Cancelled,2024-01-02 08:38 PM
617,617,Cancelled,2024-05-19 06:26 AM
618,618,Cancelled,2024-02-23 08:41 AM
619,619,Completed,2024-06-11 06:08 AM
620,620,No-show,2024-01-31 10:11 PM
621,621,No-show,2024-07-02 09:18 AM
622,622,No-show,2024-02-28 01:44 PM
623,623,No-show,2024-03-26 08:31 PM
624,624,Cancelled,2024-01-16 03:58 AM
625,625,Cancelled,2024-05-13 07:58 AM
626,626,Completed,2024-06-22 06:02 AM
627,627,Cancelled,2024-04-04 03:52 PM
628,628,Cancelled,2024-02-14 11:32 PM
629,629,No-show,2024-02-02 04:28 PM
630,630,Cancelled,2024-02-17 05:54 AM
631,631,Cancelled,2024-02-29 09:47 PM
632,632,Completed,2024-05-09 04:30 PM
633,633,Cancelled,2024-02-05 04:58 AM
634,634,Cancelled,2024-01-18 12:48 PM
635,635,Completed,2024-06-22 02:38 PM
636,636,Completed,2024-07-28 07:33 PM
637,637,No-show,2024-02-26 10:32 AM
638,638,Cancelled,2024-01-25 04:32 AM
639,639,No-show,2024-03-14 08:38 AM
640,640,Cancelled,2024-09-02 05:40 AM
641,641,No-show,2024-09-15 06:12 AM
642,642,Cancelled,2024-01-16 03:16 AM
643,643,Completed,2024-03-12 05:44 AM
644,644,No-show,2024-05-24 04:58 AM
645,645,No-show,2024-03-05 01:04 AM
646,646,No-show,2024-03-20 09:42 AM
647,647,Cancelled,2024-09-12 12:18 PM
648,648,Cancelled,2024-03-09 03:19 AM
649,649,No-show,2024-09-01 07:52 PM
650,650,Completed,2024-08-12 10:39 PM
651,651,Completed,2024-01-26 11:48 AM
652,652,Completed,2024-09-17 06:03 AM
653,653,Cancelled,2024-07-06 12:36 PM
654,654,Completed,2024-08-20 05:26 AM
655,655,Completed,2024-01-09 09:53 AM
656,656,No-show,2024-06-25 07:53 AM
657,657,No-show,2024-06-30 08:10 PM
658,658,Completed,2024-01-21 10:02 PM
659,659,Completed,2024-06-06 06:22 PM
660,660,Completed,2024-02-23 02:15 AM
661,661,Cancelled,2024-07-01 11:03 AM
662,662,Completed,2024-03-25 12:59 PM
663,663,No-show,2024-08-27 09:33 AM
664,664,Completed,2024-03-11 06:25 AM
665,665,Cancelled,2024-08-12 01:07 AM
666,666,Completed,2024-06-19 12:15 PM
667,667,Cancelled,2024-07-30 10:13 AM
668,668,No-show,2024-06-08 09:47 PM
669,669,Cancelled,2024-05-02 07:38 AM
670,670,Completed,2024-02-05 01:37 PM
671,671,No-show,2024-04-05 03:37 PM
672,672,Completed,2024-06-14 06:07 AM
673,673,No-show,2024-05-24 05:18 PM
674,674,Cancelled,2024-03-24 11:07 AM
675,675,No-show,2024-07-02 03:00 AM
676,676,Cancelled,2024-06-02 02:27 AM
677,677,Completed,2024-04-30 02:27 AM
678,678,Cancelled,2024-03-28 01:58 AM
679,679,No-show,2024-07-23 04:16 AM
680,680,No-show,2024-09-09 01:06 AM
681,681,Completed,2024-02-13 07:05 PM
682,682,No-show,2024-03-14 11:49 AM
683,683,No-show,2024-08-01 11:31 AM
684,684,Completed,2024-03-13 06:48 PM
685,685,Completed,2024-08-21 03:35 AM
686,686,Cancelled,2024-01-18 09:51 AM
687,687,No-show,2024-01-14 05:00 PM
688,688,Cancelled,2024-02-11 04:28 AM
689,689,No-show,2024-09-25 05:49 AM
690,690,No-show,2024-06-15 10:52 PM
691,691,No-show,2024-05-05 08:07 AM
692,692,Cancelled,2024-03-17 09:41 PM
693,693,Cancelled,2024-02-11 11:41 PM
694,694,Cancelled,2024-05-13 12:32 PM
695,695,Completed,2024-07-12 09:09 AM
696,696,Completed,2024-09-08 05:33 PM
697,697,No-show,2024-08-14 05:05 PM
698,698,No-show,2024-03-16 04:15 AM
699,699,Cancelled,2024-08-20 02:07 AM
700,700,Completed,2024-05-17 06:47 PM
701,701,No-show,2024-05-31 10:03 PM
702,702,No-show,2024-04-07 07:37 PM
703,703,Completed,2024-07-01 07:07 AM
704,704,Completed,2024-03-21 03:24 AM
705,705,Completed,2024-08-08 03:22 PM
706,706,Cancelled,2024-05-04 03:15 PM
707,707,No-show,2024-06-16 02:41 AM
708,708,Cancelled,2024-08-23 04:04 AM
709,709,Completed,2024-05-18 05:06 PM
710,710,Cancelled,2024-04-15 07:38 PM
711,711,Cancelled,2024-02-19 11:58 AM
712,712,Completed,2024-07-16 11:47 AM
713,713,Cancelled,2024-08-19 02:54 AM
714,714,Cancelled,2024-07-28 03:35 AM
715,715,Cancelled,2024-07-05 05:52 AM
716,716,Completed,2024-06-22 04:44 AM
717,717,Completed,2024-01-08 07:48 AM
718,718,Cancelled,2024-04-01 03:32 PM
719,719,Cancelled,2024-04-21 11:01 PM
720,720,Cancelled,2024-02-29 04:32 PM
721,721,Completed,2024-06-28 02:25 AM
722,722,Completed,2024-06-17 06:57 AM
723,723,No-show,2024-08-30 03:37 PM
724,724,No-show,2024-08-29 01:02 AM
725,725,Cancelled,2024-06-20 12:48 PM
726,726,Completed,2024-06-26 08:26 AM
727,727,Cancelled,2024-02-17 06:56 AM
728,728,Cancelled,2024-06-22 02:48 AM
729,729,No-show,2024-02-16 08:56 AM
730,730,Completed,2024-05-04 06:45 PM
731,731,Cancelled,2024-03-27 08:24 PM
732,732,Completed,2024-08-03 03:19 PM
733,733,Completed,2024-01-23 11:46 PM
734,734,Completed,2024-02-11 10:39 AM
735,735,Completed,2024-06-28 04:18 AM
736,736,Completed,2024-04-13 08:15 AM
737,737,Completed,2024-01-29 10:18 AM
738,738,No-show,2024-01-17 02:02 PM
739,739,Completed,2024-06-03 09:29 PM
740,740,Cancelled,2024-08-11 05:13 PM
741,741,Cancelled,2024-08-25 05:33 AM
742,742,No-show,2024-09-15 08:43 AM
743,743,Cancelled,2024-04-13 02:06 AM
744,744,Completed,2024-05-10 02:06 PM
745,745,Completed,2024-02-27 06:43 PM
746,746,No-show,2024-03-23 10:15 PM
747,747,No-show,2024-08-13 06:28 AM
748,748,Cancelled,2024-04-09 12:58 PM
749,749,Cancelled,2024-03-13 11:25 AM
750,750,No-show,2024-01-25 12:43 PM
751,751,Completed,2024-01-06 02:23 PM
752,752,No-show,2024-08-19 10:50 PM
753,753,Cancelled,2024-05-20 05:55 PM
754,754,Cancelled,2024-03-22 06:20 AM
755,755,Cancelled,2024-09-06 07:18 PM
756,756,No-show,2024-04-30 11:23 PM
757,757,Completed,2024-09-17 02:01 AM
758,758,Completed,2024-08-01 07:55 PM
759,759,No-show,2024-07-25 11:25 AM
760,760,No-show,2024-05-19 08:44 PM
761,761,Completed,2024-02-06 04:52 AM
762,762,Completed,2024-03-25 12:53 PM
763,763,Cancelled,2024-07-11 01:42 AM
764,764,Completed,2024-05-09 05:56 AM
765,765,No-show,2024-05-04 03:32 PM
766,766,No-show,2024-03-26 01:20 PM
767,767,Cancelled,2024-04-12 07:07 PM
768,768,Cancelled,2024-04-26 05:46 AM
769,769,Cancelled,2024-07-31 12:34 PM
770,770,Cancelled,2024-02-13 09:50 PM
771,771,No-show,2024-08-16 10:16 PM
772,772,Completed,2024-04-17 11:42 AM
773,773,Cancelled,2024-01-03 09:48 AM
774,774,Completed,2024-01-28 03:23 AM
775,775,No-show,2024-08-07 10:57 PM
776,776,No-show,2024-04-02 11:29 PM
777,777,Completed,2024-04-27 02:45 PM
778,778,Completed,2024-06-24 08:27 AM
779,779,No-show,2024-07-26 02:59 AM
780,780,Cancelled,2024-01-18 11:59 PM
781,781,No-show,2024-04-13 07:51 PM
782,782,Completed,2024-07-14 07:05 AM
783,783,Cancelled,2024-09-07 09:00 PM
784,784,Cancelled,2024-01-27 07:04 PM
785,785,Completed,2024-07-28 05:09 PM
786,786,Completed,2024-05-20 11:05 AM
787,787,Completed,2024-03-02 10:20 PM
788,788,Cancelled,2024-03-18 02:53 PM
789,789,Completed,2024-03-22 07:11 PM
790,790,Cancelled,2024-01-20 02:57 PM
791,791,Completed,2024-07-28 12:08 AM
792,792,Cancelled,2024-02-01 08:15 PM
793,793,Cancelled,2024-08-05 02:42 AM
794,794,No-show,2024-05-13 11:13 AM
795,795,No-show,2024-06-22 02:07 PM
796,796,Completed,2024-05-07 02:16 AM
797,797,No-show,2024-09-05 08:54 PM
798,798,Completed,2024-09-07 11:24 PM
799,799,No-show,2024-01-17 05:44 AM
800,800,Cancelled,2024-07-22 12:00 PM
801,801,Cancelled,2024-06-07 09:55 AM
802,802,Completed,2024-08-09 01:25 PM
803,803,Completed,2024-05-06 01:40 AM
804,804,Completed,2024-05-14 02:42 AM
805,805,Completed,2024-05-05 12:38 PM
806,806,Completed,2024-07-02 06:13 AM
807,807,Completed,2024-03-19 04:58 AM
808,808,Completed,2024-09-17 08:33 AM
809,809,Cancelled,2024-07-24 12:56 AM
810,810,No-show,2024-02-08 09:50 AM
811,811,No-show,2024-08-17 09:31 PM
812,812,Cancelled,2024-02-12 10:08 AM
813,813,Cancelled,2024-07-15 07:04 AM
814,814,No-show,2024-03-16 08:40 PM
815,815,Completed,2024-08-14 09:09 PM
816,816,Completed,2024-07-11 02:20 AM
817,817,No-show,2024-07-08 05:10 PM
818,818,No-show,2024-08-11 11:25 AM
819,819,Completed,2024-07-17 10:40 PM
820,820,Cancelled,2024-04-17 07:27 AM
821,821,No-show,2024-06-06 09:02 PM
822,822,No-show,2024-06-01 03:49 PM
823,823,Completed,2024-04-14 02:25 PM
824,824,No-show,2024-05-07 06:51 PM
825,825,No-show,2024-06-17 11:17 AM
826,826,No-show,2024-02-08 09:40 PM
827,827,Cancelled,2024-05-18 08:46 PM
828,828,Completed,2024-04-05 05:57 PM
829,829,Completed,2024-01-30 12:45 PM
830,830,No-show,2024-03-28 09:00 AM
831,831,Completed,2024-07-19 10:16 AM
832,832,Completed,2024-06-07 01:51 PM
833,833,No-show,2024-04-13 10:16 AM
834,834,Cancelled,2024-08-20 01:27 PM
835,835,Cancelled,2024-09-24 12:34 AM
836,836,No-show,2024-01-08 01:54 AM
837,837,Cancelled,2024-07-23 01:44 AM
838,838,Completed,2024-05-08 05:47 AM
839,839,No-show,2024-04-15 11:26 PM
840,840,Cancelled,2024-08-11 09:46 AM
841,841,Cancelled,2024-05-13 11:42 AM
842,842,Cancelled,2024-08-26 03:14 PM
843,843,Cancelled,2024-02-25 02:56 AM
844,844,Completed,2024-09-13 01:19 PM
845,845,Cancelled,2024-03-15 06:50 AM
846,846,Cancelled,2024-02-21 06:34 AM
847,847,No-show,2024-01-02 04:32 PM
848,848,No-show,2024-01-24 10:06 PM
849,849,Cancelled,2024-05-13 11:23 PM
850,850,No-show,2024-05-21 03:16 PM
851,851,Cancelled,2024-05-23 03:02 AM
852,852,Cancelled,2024-03-25 10:24 AM
853,853,Completed,2024-09-04 03:40 PM
854,854,No-show,2024-09-16 04:05 PM
855,855,Cancelled,2024-02-21 01:49 AM
856,856,Cancelled,2024-02-24 06:49 AM
857,857,No-show,2024-06-08 09:04 AM
858,858,Completed,2024-05-21 07:38 PM
859,859,Completed,2024-08-14 04:07 AM
860,860,Completed,2024-07-04 04:50 PM
861,861,Cancelled,2024-05-13 10:41 PM
862,862,Completed,2024-05-09 02:32 PM
863,863,Cancelled,2024-06-12 08:00 PM
864,864,Cancelled,2024-01-12 07:24 AM
865,865,Completed,2024-03-09 01:42 PM
866,866,Cancelled,2024-02-08 09:55 PM
867,867,Cancelled,2024-03-27 03:00 AM
868,868,No-show,2024-08-31 08:36 PM
869,869,No-show,2024-07-05 07:02 AM
870,870,Completed,2024-01-12 04:28 AM
871,871,No-show,2024-08-24 12:37 PM
872,872,No-show,2024-03-02 01:34 PM
873,873,Completed,2024-06-08 07:24 AM
874,874,Completed,2024-04-30 03:55 AM
875,875,Cancelled,2024-06-14 10:51 PM
876,876,Completed,2024-05-14 07:08 AM
877,877,Completed,2024-04-28 05:52 PM
878,878,Cancelled,2024-08-22 11:22 PM
879,879,Completed,2024-07-11 05:18 PM
880,880,No-show,2024-09-24 07:59 PM
881,881,No-show,2024-09-20 10:01 AM
882,882,No-show,2024-02-19 07:54 PM
883,883,Cancelled,2024-03-06 12:40 AM
884,884,No-show,2024-06-25 04:57 AM
885,885,Completed,2024-06-26 12:16 PM
886,886,Completed,2024-08-05 01:24 PM
887,887,Completed,2024-07-23 12:16 PM
888,888,Cancelled,2024-02-01 02:10 PM
889,889,No-show,2024-01-16 11:29 AM
890,890,Cancelled,2024-01-08 03:43 PM
891,891,Completed,2024-05-02 05:27 AM
892,892,Cancelled,2024-01-05 06:23 AM
893,893,Cancelled,2024-08-13 07:47 PM
894,894,Completed,2024-04-17 06:00 PM
895,895,No-show,2024-07-17 07:35 AM
896,896,Cancelled,2024-06-23 09:48 AM
897,897,Completed,2024-04-30 05:05 AM
898,898,Cancelled,2024-03-06 01:01 PM
899,899,Cancelled,2024-02-29 04:04 AM
900,900,No-show,2024-04-15 10:50 AM
901,901,No-show,2024-03-10 06:41 AM
902,902,Completed,2024-07-19 08:43 AM
903,903,Completed,2024-02-08 06:12 AM
904,904,No-show,2024-04-24 09:04 AM
905,905,Completed,2024-07-08 05:16 AM
906,906,Completed,2024-01-30 04:12 PM
907,907,No-show,2024-03-15 06:40 AM
908,908,No-show,2024-05-10 11:12 PM
909,909,Cancelled,2024-04-19 06:46 AM
910,910,No-show,2024-05-04 03:29 PM
911,911,Cancelled,2024-01-02 03:42 PM
912,912,No-show,2024-08-08 05:49 PM
913,913,No-show,2024-06-07 06:57 AM
914,914,Completed,2024-05-29 04:04 AM
915,915,Completed,2024-02-22 12:19 PM
916,916,No-show,2024-04-27 11:42 PM
917,917,Completed,2024-04-16 07:07 PM
918,918,No-show,2024-08-06 07:52 PM
919,919,No-show,2024-09-13 09:02 PM
920,920,No-show,2024-08-31 03:02 PM
921,921,Completed,2024-07-30 11:24 PM
922,922,No-show,2024-03-27 12:01 AM
923,923,No-show,2024-03-09 09:42 AM
924,924,Cancelled,2024-05-27 04:03 PM
925,925,Cancelled,2024-01-22 12:43 PM
926,926,Completed,2024-05-17 05:40 PM
927,927,Completed,2024-06-23 01:09 AM
928,928,Cancelled,2024-05-25 04:52 AM
929,929,Completed,2024-09-16 04:24 PM
930,930,No-show,2024-03-11 11:09 AM
931,931,Completed,2024-05-29 01:53 PM
932,932,No-show,2024-06-01 04:17 PM
933,933,Cancelled,2024-05-17 12:25 PM
934,934,Completed,2024-05-21 11:32 PM
935,935,Completed,2024-01-26 12:38 PM
936,936,No-show,2024-02-25 06:49 PM
937,937,No-show,2024-05-05 11:52 PM
938,938,No-show,2024-03-06 04:32 AM
939,939,Cancelled,2024-05-18 04:29 AM
940,940,Cancelled,2024-06-15 07:02 AM
941,941,Cancelled,2024-09-15 09:44 AM
942,942,No-show,2024-01-19 08:12 AM
943,943,Cancelled,2024-01-12 08:42 AM
944,944,Completed,2024-01-20 01:48 PM
945,945,No-show,2024-01-07 02:35 AM
946,946,Cancelled,2024-01-28 10:14 PM
947,947,No-show,2024-05-02 04:14 PM
948,948,Cancelled,2024-07-12 11:49 AM
949,949,Completed,2024-02-18 09:48 PM
950,950,No-show,2024-08-20 01:50 AM
951,951,Completed,2024-02-11 04:57 AM
952,952,Cancelled,2024-07-04 08:01 PM
953,953,Completed,2024-03-17 12:29 AM
954,954,Cancelled,2024-06-03 12:21 AM
955,955,Cancelled,2024-04-25 02:47 AM
956,956,Completed,2024-01-01 10:17 AM
957,957,Cancelled,2024-08-31 05:13 PM
958,958,No-show,2024-02-23 02:05 AM
959,959,Cancelled,2024-01-10 05:55 AM
960,960,Completed,2024-09-08 01:15 AM
961,961,Completed,2024-07-17 02:43 AM
962,962,No-show,2024-03-19 03:45 PM
963,963,Completed,2024-08-09 04:31 PM
964,964,No-show,2024-09-19 04:11 PM
965,965,No-show,2024-03-14 02:43 PM
966,966,No-show,2024-05-18 01:34 AM
967,967,Completed,2024-09-12 03:30 PM
968,968,Completed,2024-06-04 01:50 AM
969,969,Completed,2024-01-17 04:38 PM
970,970,No-show,2024-01-04 04:05 PM
971,971,No-show,2024-04-20 09:53 AM
972,972,Completed,2024-05-06 10:25 AM
973,973,No-show,2024-08-22 04:38 PM
974,974,Cancelled,2024-01-10 04:17 PM
975,975,No-show,2024-07-21 06:18 AM
976,976,Completed,2024-03-09 04:36 AM
977,977,No-show,2024-06-07 04:45 AM
978,978,Cancelled,2024-08-10 07:00 AM
979,979,Cancelled,2024-01-27 01:15 AM
980,980,No-show,2024-04-16 12:22 PM
981,981,Cancelled,2024-08-19 02:06 AM
982,982,No-show,2024-02-29 08:35 AM
983,983,Completed,2024-01-05 11:11 AM
984,984,No-show,2024-03-22 10:41 AM
985,985,Completed,2024-05-18 08:40 PM
986,986,No-show,2024-07-03 06:35 AM
987,987,Completed,2024-05-14 03:54 PM
988,988,No-show,2024-03-22 08:33 PM
989,989,Cancelled,2024-02-21 02:49 AM
990,990,Completed,2024-05-15 04:32 AM
991,991,Cancelled,2024-07-11 03:44 PM
992,992,Cancelled,2024-09-18 09:37 PM
993,993,No-show,2024-09-22 09:23 AM
994,994,Cancelled,2024-07-16 04:56 AM
995,995,Completed,2024-08-05 05:55 AM
996,996,No-show,2024-05-18 05:49 PM
997,997,Cancelled,2024-08-24 12:31 AM
998,998,No-show,2024-01-08 09:34 PM
999,999,Completed,2024-09-21 09:42 AM
1000,1000,No-show,2024-04-07 01:37 AM
1001,1001,Cancelled,2024-06-29 06:13 AM
1002,1002,Cancelled,2024-04-18 11:19 PM
1003,1003,No-show,2024-08-22 12:27 AM
1004,1004,Completed,2024-08-04 02:39 PM
1005,1005,No-show,2024-08-01 01:50 AM
1006,1006,Completed,2024-01-03 09:16 PM
1007,1007,Cancelled,2024-06-26 04:45 AM
1008,1008,Completed,2024-07-17 02:36 PM
1009,1009,No-show,2024-01-26 10:19 PM
1010,1010,Cancelled,2024-05-13 06:47 PM
1011,1011,Cancelled,2024-07-24 04:29 AM
1012,1012,No-show,2024-06-16 07:14 AM
1013,1013,Cancelled,2024-01-09 12:21 PM
1014,1014,Cancelled,2024-08-28 06:24 AM
1015,1015,No-show,2024-06-04 02:01 AM
1016,1016,Completed,2024-09-13 11:13 AM
1017,1017,No-show,2024-06-17 04:10 PM
1018,1018,Completed,2024-08-24 01:16 PM
1019,1019,No-show,2024-04-30 01:44 PM
1020,1020,Completed,2024-07-08 09:18 AM
1021,1021,Cancelled,2024-01-02 03:54 AM
1022,1022,Cancelled,2024-06-07 01:53 AM
1023,1023,Completed,2024-04-07 02:08 PM
1024,1024,No-show,2024-06-03 08:27 PM
1025,1025,Cancelled,2024-03-01 07:02 AM
1026,1026,No-show,2024-07-20 04:36 AM
1027,1027,Completed,2024-09-07 07:06 AM
1028,1028,Completed,2024-03-05 02:40 PM
1029,1029,Completed,2024-01-10 05:16 PM
1030,1030,No-show,2024-06-20 10:50 PM
1031,1031,No-show,2024-07-11 10:04 AM
1032,1032,Completed,2024-08-07 06:27 PM
1033,1033,Completed,2024-08-28 06:43 PM
1034,1034,No-show,2024-04-13 06:50 AM
1035,1035,No-show,2024-08-24 02:49 PM
1036,1036,Cancelled,2024-08-27 05:44 AM
1037,1037,Cancelled,2024-07-25 01:28 PM
1038,1038,Completed,2024-07-21 10:32 AM
1039,1039,Cancelled,2024-02-02 04:53 AM
1040,1040,No-show,2024-09-12 05:10 PM
1041,1041,No-show,2024-02-28 08:30 PM
1042,1042,No-show,2024-06-02 02:41 PM
1043,1043,Completed,2024-09-02 01:04 PM
1044,1044,No-show,2024-01-25 08:15 PM
1045,1045,Completed,2024-05-31 03:56 PM
1046,1046,No-show,2024-06-20 02:15 PM
1047,1047,Cancelled,2024-04-26 12:17 AM
1048,1048,Cancelled,2024-05-03 03:21 AM
1049,1049,Completed,2024-09-18 07:21 AM
1050,1050,Cancelled,2024-01-14 12:27 PM
1051,1051,No-show,2024-03-06 10:33 AM
1052,1052,Completed,2024-01-14 05:01 PM
1053,1053,Completed,2024-07-02 02:11 AM
1054,1054,Completed,2024-09-10 06:04 PM
1055,1055,Cancelled,2024-01-30 01:26 PM
1056,1056,Cancelled,2024-01-11 07:52 PM
1057,1057,Cancelled,2024-01-16 05:10 PM
1058,1058,No-show,2024-08-20 08:54 AM
1059,1059,Cancelled,2024-09-15 01:54 AM
1060,1060,Cancelled,2024-08-27 07:09 AM
1061,1061,No-show,2024-04-08 04:49 PM
1062,1062,No-show,2024-02-10 03:15 AM
1063,1063,No-show,2024-08-01 05:04 PM
1064,1064,Completed,2024-02-22 02:23 AM
1065,1065,Completed,2024-09-01 02:06 PM
1066,1066,No-show,2024-04-22 10:11 PM
1067,1067,Cancelled,2024-02-15 11:47 PM
1068,1068,Cancelled,2024-04-29 10:00 AM
1069,1069,Cancelled,2024-02-28 12:48 PM
1070,1070,No-show,2024-01-01 05:02 PM
1071,1071,Cancelled,2024-02-20 01:33 AM
1072,1072,Cancelled,2024-01-05 01:35 AM
1073,1073,Cancelled,2024-08-20 03:15 PM
1074,1074,No-show,2024-08-02 11:22 PM
1075,1075,Completed,2024-07-31 08:13 PM
1076,1076,No-show,2024-07-24 08:39 AM
1077,1077,Cancelled,2024-01-06 09:37 AM
1078,1078,No-show,2024-07-27 01:28 PM
1079,1079,No-show,2024-02-10 04:49 PM
1080,1080,Completed,2024-02-11 12:04 AM
1081,1081,Completed,2024-09-16 10:51 PM
1082,1082,Completed,2024-06-07 01:55 PM
1083,1083,No-show,2024-04-21 10:03 AM
1084,1084,Completed,2024-07-22 07:05 AM
1085,1085,No-show,2024-07-19 02:21 AM
1086,1086,Completed,2024-03-27 12:10 AM
1087,1087,No-show,2024-03-23 05:38 AM
1088,1088,Cancelled,2024-01-01 07:19 AM
1089,1089,No-show,2024-04-09 12:15 AM
1090,1090,Completed,2024-09-04 10:02 AM
1091,1091,No-show,2024-06-01 08:14 AM
1092,1092,Cancelled,2024-03-25 01:38 AM
1093,1093,No-show,2024-01-10 10:35 PM
1094,1094,No-show,2024-04-13 03:16 AM
1095,1095,Completed,2024-09-08 01:21 PM
1096,1096,No-show,2024-05-25 02:57 PM
1097,1097,No-show,2024-01-05 09:07 PM
1098,1098,Completed,2024-04-07 07:55 PM
1099,1099,Completed,2024-07-22 01:22 AM
1100,1100,Cancelled,2024-08-21 09:15 AM
1101,1101,Completed,2024-03-31 05:26 PM
1102,1102,Cancelled,2024-07-13 09:35 PM
1103,1103,Cancelled,2024-05-29 08:24 PM
1104,1104,No-show,2024-04-03 06:08 PM
1105,1105,Cancelled,2024-06-04 09:04 PM
1106,1106,No-show,2024-02-29 05:57 PM
1107,1107,Completed,2024-02-22 11:35 AM
1108,1108,No-show,2024-05-13 12:20 AM
1109,1109,No-show,2024-07-16 11:30 PM
1110,1110,Cancelled,2024-05-13 07:18 AM
1111,1111,Cancelled,2024-07-16 04:06 PM
1112,1112,Completed,2024-08-21 04:53 PM
1113,1113,Completed,2024-03-03 02:37 AM
1114,1114,Cancelled,2024-08-26 03:33 AM
1115,1115,No-show,2024-08-18 09:53 PM
1116,1116,Completed,2024-09-05 03:37 PM
1117,1117,Completed,2024-02-20 06:53 PM
1118,1118,No-show,2024-08-24 09:32 AM
1119,1119,No-show,2024-05-19 05:56 AM
1120,1120,Completed,2024-03-25 03:53 AM
1121,1121,Cancelled,2024-04-14 08:33 AM
1122,1122,Completed,2024-03-22 01:09 AM
1123,1123,No-show,2024-02-05 11:26 AM
1124,1124,Cancelled,2024-02-06 10:47 PM
1125,1125,No-show,2024-05-08 01:41 PM
1126,1126,Completed,2024-06-18 05:09 AM
1127,1127,No-show,2024-02-13 05:18 AM
1128,1128,Completed,2024-01-15 03:55 PM
1129,1129,Cancelled,2024-06-27 07:01 AM
1130,1130,No-show,2024-07-24 12:56 PM
1131,1131,Cancelled,2024-01-28 04:35 PM
1132,1132,No-show,2024-03-17 12:45 PM
1133,1133,No-show,2024-08-23 01:09 PM
1134,1134,No-show,2024-07-24 12:38 PM
1135,1135,Cancelled,2024-02-05 05:16 AM
1136,1136,No-show,2024-08-08 02:45 PM
1137,1137,Cancelled,2024-02-02 04:41 PM
1138,1138,No-show,2024-06-07 09:30 AM
1139,1139,Cancelled,2024-01-07 06:24 AM
1140,1140,No-show,2024-08-13 01:18 PM
1141,1141,Completed,2024-06-10 02:21 PM
1142,1142,Completed,2024-09-23 12:54 PM
1143,1143,Completed,2024-08-17 06:41 AM
1144,1144,Completed,2024-08-21 07:52 PM
1145,1145,No-show,2024-03-06 11:47 PM
1146,1146,Cancelled,2024-03-24 06:36 PM
1147,1147,No-show,2024-01-19 02:55 AM
1148,1148,Completed,2024-09-02 08:34 AM
1149,1149,Cancelled,2024-03-01 09:34 AM
1150,1150,Completed,2024-09-17 05:30 AM
1151,1151,Completed,2024-09-25 01:49 AM
1152,1152,No-show,2024-06-17 02:13 AM
1153,1153,Cancelled,2024-05-15 03:08 AM
1154,1154,Cancelled,2024-02-19 09:49 AM
1155,1155,Completed,2024-03-10 07:01 AM
1156,1156,No-show,2024-04-14 02:28 AM
1157,1157,No-show,2024-04-13 03:11 AM
1158,1158,Completed,2024-05-21 03:57 AM
1159,1159,Cancelled,2024-02-01 01:11 PM
1160,1160,Cancelled,2024-05-04 01:24 PM
1161,1161,No-show,2024-05-08 01:28 AM
1162,1162,Cancelled,2024-04-05 10:03 PM
1163,1163,Cancelled,2024-04-20 07:15 PM
1164,1164,No-show,2024-01-17 06:27 PM
1165,1165,No-show,2024-02-28 03:10 PM
1166,1166,Cancelled,2024-08-28 11:51 PM
1167,1167,Cancelled,2024-01-21 03:37 AM
1168,1168,No-show,2024-06-12 06:32 PM
1169,1169,No-show,2024-03-07 05:16 PM
1170,1170,No-show,2024-09-01 05:02 AM
1171,1171,Completed,2024-03-10 08:39 AM
1172,1172,Completed,2024-04-03 05:53 PM
1173,1173,No-show,2024-07-29 03:45 PM
1174,1174,Completed,2024-02-10 08:32 AM
1175,1175,Completed,2024-03-26 10:56 PM
1176,1176,No-show,2024-05-16 07:21 AM
1177,1177,Completed,2024-07-28 03:05 AM
1178,1178,No-show,2024-06-28 11:43 AM
1179,1179,Cancelled,2024-05-19 03:02 PM
1180,1180,Completed,2024-08-02 01:35 PM
1181,1181,Cancelled,2024-09-07 02:35 AM
1182,1182,Cancelled,2024-06-30 03:07 PM
1183,1183,Completed,2024-03-01 08:47 PM
1184,1184,Cancelled,2024-05-22 10:19 PM
1185,1185,No-show,2024-01-01 10:21 PM
1186,1186,No-show,2024-03-06 09:21 PM
1187,1187,Cancelled,2024-08-01 04:59 PM
1188,1188,Cancelled,2024-09-05 11:00 AM
1189,1189,No-show,2024-08-19 03:21 AM
1190,1190,Completed,2024-07-18 06:16 PM
1191,1191,No-show,2024-01-21 02:59 PM
1192,1192,No-show,2024-02-12 06:38 AM
1193,1193,Completed,2024-02-27 08:01 PM
1194,1194,No-show,2024-01-25 01:54 PM
1195,1195,Completed,2024-01-10 07:26 PM
1196,1196,No-show,2024-08-03 09:33 AM
1197,1197,Cancelled,2024-09-23 02:59 AM
1198,1198,Completed,2024-09-03 01:10 PM
1199,1199,Completed,2024-04-22 07:31 PM
1200,1200,Completed,2024-03-04 09:58 AM
1201,1201,Cancelled,2024-09-01 02:30 PM
1202,1202,Cancelled,2024-08-23 02:47 PM
1203,1203,No-show,2024-02-08 08:31 AM
1204,1204,Cancelled,2024-09-24 11:57 PM
1205,1205,No-show,2024-01-25 11:09 AM
1206,1206,Cancelled,2024-09-24 03:57 PM
1207,1207,Completed,2024-02-25 03:19 AM
1208,1208,No-show,2024-08-08 04:42 PM
1209,1209,Cancelled,2024-07-01 04:08 AM
1210,1210,No-show,2024-01-07 09:08 AM
1211,1211,Completed,2024-03-20 05:24 AM
1212,1212,Cancelled,2024-04-15 06:39 PM
1213,1213,No-show,2024-04-25 05:21 AM
1214,1214,No-show,2024-03-22 06:56 AM
1215,1215,No-show,2024-08-25 06:50 PM
1216,1216,No-show,2024-03-17 12:45 PM
1217,1217,No-show,2024-06-21 11:24 PM
1218,1218,No-show,2024-05-15 04:42 PM
1219,1219,Completed,2024-09-14 01:56 PM
1220,1220,Cancelled,2024-02-20 04:15 AM
1221,1221,Completed,2024-03-10 08:18 PM
1222,1222,Completed,2024-03-08 01:26 PM
1223,1223,Cancelled,2024-09-09 07:44 PM
1224,1224,Completed,2024-02-08 01:21 AM
1225,1225,Completed,2024-09-03 10:53 AM
1226,1226,Cancelled,2024-04-28 05:39 AM
1227,1227,Completed,2024-02-01 01:21 AM
1228,1228,Cancelled,2024-09-03 11:22 PM
1229,1229,Cancelled,2024-05-02 01:22 PM
1230,1230,Completed,2024-05-20 01:04 AM
1231,1231,Completed,2024-06-19 09:03 AM
1232,1232,No-show,2024-08-17 09:34 PM
1233,1233,Completed,2024-07-16 03:31 PM
1234,1234,No-show,2024-03-16 05:47 AM
1235,1235,Completed,2024-02-22 04:51 PM
1236,1236,Cancelled,2024-01-01 10:31 PM
1237,1237,No-show,2024-08-04 01:15 PM
1238,1238,Cancelled,2024-05-20 01:45 PM
1239,1239,Completed,2024-09-02 03:32 PM
1240,1240,Cancelled,2024-07-24 07:39 PM
1241,1241,Completed,2024-02-09 04:16 PM
1242,1242,Cancelled,2024-06-12 05:54 PM
1243,1243,No-show,2024-06-11 11:32 AM
1244,1244,No-show,2024-06-01 07:30 PM
1245,1245,Cancelled,2024-08-31 07:40 AM
1246,1246,No-show,2024-03-18 10:26 AM
1247,1247,Cancelled,2024-04-09 10:05 PM
1248,1248,Completed,2024-09-05 10:44 AM
1249,1249,Completed,2024-03-22 10:25 PM
1250,1250,Cancelled,2024-02-16 09:02 PM
1251,1251,Cancelled,2024-09-08 12:58 PM
1252,1252,Cancelled,2024-07-11 01:49 PM
1253,1253,Cancelled,2024-08-20 08:47 PM
1254,1254,No-show,2024-01-23 12:52 PM
1255,1255,Cancelled,2024-04-26 06:46 AM
1256,1256,Cancelled,2024-08-01 12:10 PM
1257,1257,Cancelled,2024-02-21 03:09 AM
1258,1258,Completed,2024-02-11 04:53 AM
1259,1259,No-show,2024-07-15 07:56 AM
1260,1260,Cancelled,2024-08-31 07:35 PM
1261,1261,No-show,2024-09-13 11:44 AM
1262,1262,Cancelled,2024-02-10 03:11 PM
1263,1263,Completed,2024-04-16 09:43 AM
1264,1264,No-show,2024-04-01 04:14 PM
1265,1265,Cancelled,2024-04-26 02:47 AM
1266,1266,Completed,2024-09-08 10:27 PM
1267,1267,No-show,2024-06-18 10:49 AM
1268,1268,Cancelled,2024-04-02 11:56 PM
1269,1269,Cancelled,2024-06-09 01:16 PM
1270,1270,Cancelled,2024-09-22 02:01 PM
1271,1271,Completed,2024-01-17 10:32 AM
1272,1272,Completed,2024-01-05 04:21 PM
1273,1273,Completed,2024-01-25 03:55 AM
1274,1274,Cancelled,2024-08-26 04:02 PM
1275,1275,Cancelled,2024-02-19 02:19 AM
1276,1276,No-show,2024-04-14 01:50 AM
1277,1277,Cancelled,2024-01-13 04:02 AM
1278,1278,Completed,2024-05-24 02:23 AM
1279,1279,Completed,2024-09-01 12:29 AM
1280,1280,No-show,2024-03-04 05:37 AM
1281,1281,Completed,2024-03-23 02:09 PM
1282,1282,Cancelled,2024-08-24 09:16 PM
1283,1283,Cancelled,2024-08-19 11:28 PM
1284,1284,Completed,2024-08-14 02:41 AM
1285,1285,No-show,2024-05-09 07:21 AM
1286,1286,Completed,2024-08-04 09:48 AM
1287,1287,No-show,2024-06-17 07:27 PM
1288,1288,Cancelled,2024-06-13 12:09 PM
1289,1289,No-show,2024-06-06 06:40 PM
1290,1290,No-show,2024-04-05 11:39 PM
1291,1291,Completed,2024-03-30 10:39 AM
1292,1292,Cancelled,2024-06-06 07:16 PM
1293,1293,Completed,2024-03-19 01:34 PM
1294,1294,No-show,2024-05-19 08:54 PM
1295,1295,Cancelled,2024-01-06 08:53 PM
1296,1296,Completed,2024-02-19 10:59 PM
1297,1297,No-show,2024-03-21 06:25 AM
1298,1298,Completed,2024-09-10 02:20 PM
1299,1299,Cancelled,2024-08-14 05:23 AM
1300,1300,Completed,2024-05-05 08:29 AM
1301,1301,Completed,2024-02-04 07:03 PM
1302,1302,Completed,2024-04-05 11:22 AM
1303,1303,No-show,2024-05-25 12:59 AM
1304,1304,No-show,2024-08-14 10:46 PM
1305,1305,Cancelled,2024-03-15 11:42 PM
1306,1306,Cancelled,2024-01-05 04:45 AM
1307,1307,No-show,2024-06-27 07:41 PM
1308,1308,Cancelled,2024-03-11 12:45 AM
1309,1309,Cancelled,2024-07-26 01:16 AM
1310,1310,No-show,2024-05-09 03:42 PM
1311,1311,No-show,2024-07-22 05:17 AM
1312,1312,No-show,2024-09-13 04:38 PM
1313,1313,Completed,2024-06-16 02:10 AM
1314,1314,Cancelled,2024-06-10 06:15 AM
1315,1315,Cancelled,2024-04-17 03:33 AM
1316,1316,Cancelled,2024-01-06 01:11 PM
1317,1317,Completed,2024-08-01 03:47 AM
1318,1318,No-show,2024-09-09 12:23 AM
1319,1319,Cancelled,2024-08-10 07:11 AM
1320,1320,No-show,2024-06-18 09:34 AM
1321,1321,No-show,2024-01-08 09:09 AM
1322,1322,Completed,2024-09-20 08:53 AM
1323,1323,Completed,2024-01-28 08:29 PM
1324,1324,No-show,2024-05-25 06:27 PM
1325,1325,Completed,2024-04-13 12:45 AM
1326,1326,Cancelled,2024-01-18 12:46 AM
1327,1327,Cancelled,2024-04-21 11:42 AM
1328,1328,No-show,2024-04-04 09:38 PM
1329,1329,No-show,2024-06-08 09:33 PM
1330,1330,Completed,2024-07-25 08:08 AM
1331,1331,Completed,2024-03-19 04:08 AM
1332,1332,No-show,2024-02-10 03:14 AM
1333,1333,No-show,2024-07-19 08:18 PM
1334,1334,Cancelled,2024-02-21 10:08 AM
1335,1335,No-show,2024-05-03 08:20 PM
1336,1336,Completed,2024-03-21 12:19 PM
1337,1337,Cancelled,2024-06-15 09:37 AM
1338,1338,No-show,2024-08-02 04:13 AM
1339,1339,Completed,2024-01-06 10:48 PM
1340,1340,No-show,2024-06-23 10:17 AM
1341,1341,Completed,2024-07-12 06:31 AM
1342,1342,Cancelled,2024-09-18 05:15 AM
1343,1343,No-show,2024-07-06 01:27 AM
1344,1344,No-show,2024-06-01 10:21 PM
1345,1345,No-show,2024-01-31 06:49 AM
1346,1346,No-show,2024-01-14 06:33 PM
1347,1347,No-show,2024-03-23 06:48 AM
1348,1348,No-show,2024-09-11 05:46 AM
1349,1349,Cancelled,2024-02-24 11:23 PM
1350,1350,Completed,2024-05-11 09:03 AM
1351,1351,No-show,2024-09-11 10:42 PM
1352,1352,No-show,2024-02-13 05:54 AM
1353,1353,Completed,2024-02-06 08:40 AM
1354,1354,Cancelled,2024-02-29 02:40 AM
1355,1355,No-show,2024-01-05 08:03 AM
1356,1356,No-show,2024-01-14 11:29 AM
1357,1357,No-show,2024-03-02 02:16 AM
1358,1358,Completed,2024-06-11 02:19 PM
1359,1359,Cancelled,2024-02-29 02:32 AM
1360,1360,No-show,2024-01-11 08:30 PM
1361,1361,No-show,2024-07-18 07:38 PM
1362,1362,Cancelled,2024-06-07 11:23 PM
1363,1363,Cancelled,2024-03-05 04:31 PM
1364,1364,Completed,2024-06-02 07:32 PM
1365,1365,No-show,2024-01-06 05:28 AM
1366,1366,Completed,2024-04-20 10:12 AM
1367,1367,Cancelled,2024-02-11 08:09 AM
1368,1368,No-show,2024-05-09 02:27 AM
1369,1369,No-show,2024-07-04 12:25 AM
1370,1370,No-show,2024-08-25 09:02 PM
1371,1371,Completed,2024-07-21 10:39 PM
1372,1372,Cancelled,2024-01-16 08:02 PM
1373,1373,Completed,2024-02-20 12:50 AM
1374,1374,Completed,2024-07-03 06:50 AM
1375,1375,Cancelled,2024-02-20 05:53 PM
1376,1376,No-show,2024-05-30 05:16 PM
1377,1377,Cancelled,2024-03-22 06:22 PM
1378,1378,No-show,2024-09-14 08:53 PM
1379,1379,Cancelled,2024-07-02 12:21 PM
1380,1380,Completed,2024-03-18 07:24 PM
1381,1381,Completed,2024-09-12 06:56 AM
1382,1382,Cancelled,2024-09-12 03:04 PM
1383,1383,No-show,2024-08-01 10:24 PM
1384,1384,No-show,2024-08-11 08:10 AM
1385,1385,No-show,2024-02-29 06:51 PM
1386,1386,Cancelled,2024-01-10 09:55 PM
1387,1387,Completed,2024-08-19 03:54 AM
1388,1388,Cancelled,2024-02-11 01:58 PM
1389,1389,Cancelled,2024-01-03 10:38 PM
1390,1390,Completed,2024-03-16 12:38 AM
1391,1391,No-show,2024-05-24 03:25 AM
1392,1392,Cancelled,2024-04-01 05:08 PM
1393,1393,Completed,2024-05-13 05:07 AM
1394,1394,Completed,2024-08-25 04:56 AM
1395,1395,No-show,2024-08-15 03:34 PM
1396,1396,Cancelled,2024-01-27 12:11 PM
1397,1397,No-show,2024-07-10 04:26 PM
1398,1398,Cancelled,2024-05-16 01:27 PM
1399,1399,No-show,2024-02-08 02:12 AM
1400,1400,No-show,2024-04-14 11:11 PM
1401,1401,Cancelled,2024-02-29 02:11 AM
1402,1402,Completed,2024-05-17 04:18 PM
1403,1403,Completed,2024-09-17 08:06 PM
1404,1404,Completed,2024-06-13 11:31 PM
1405,1405,Cancelled,2024-03-21 08:54 PM
1406,1406,Completed,2024-06-10 08:19 AM
1407,1407,Completed,2024-09-16 04:44 AM
1408,1408,No-show,2024-06-20 07:43 AM
1409,1409,Cancelled,2024-05-09 06:50 PM
1410,1410,No-show,2024-03-23 04:16 AM
1411,1411,Completed,2024-04-22 05:48 PM
1412,1412,No-show,2024-03-09 08:16 AM
1413,1413,Completed,2024-05-18 02:39 PM
1414,1414,No-show,2024-05-29 12:43 AM
1415,1415,No-show,2024-03-12 06:04 AM
1416,1416,Completed,2024-01-08 09:39 PM
1417,1417,Cancelled,2024-01-04 10:54 PM
1418,1418,Cancelled,2024-01-03 01:33 PM
1419,1419,Cancelled,2024-03-21 12:25 PM
1420,1420,Cancelled,2024-01-16 09:57 PM
1421,1421,No-show,2024-04-26 04:52 AM
1422,1422,Cancelled,2024-02-22 11:21 PM
1423,1423,Cancelled,2024-09-20 02:53 PM
1424,1424,Completed,2024-08-01 02:03 AM
1425,1425,Completed,2024-06-29 05:23 PM
1426,1426,No-show,2024-05-02 04:37 AM
1427,1427,No-show,2024-07-23 08:23 PM
1428,1428,No-show,2024-08-22 10:54 AM
1429,1429,No-show,2024-09-23 05:08 PM
1430,1430,No-show,2024-01-17 08:05 PM
1431,1431,No-show,2024-02-12 10:19 PM
1432,1432,Cancelled,2024-07-30 09:15 PM
1433,1433,No-show,2024-01-20 06:36 AM
1434,1434,Completed,2024-04-24 04:49 AM
1435,1435,No-show,2024-08-20 06:32 PM
1436,1436,Completed,2024-05-25 06:37 PM
1437,1437,No-show,2024-09-11 01:49 PM
1438,1438,Completed,2024-02-08 05:56 PM
1439,1439,Cancelled,2024-08-15 12:53 PM
1440,1440,Cancelled,2024-07-29 01:30 PM
1441,1441,Cancelled,2024-03-05 08:04 AM
1442,1442,No-show,2024-06-13 04:42 PM
1443,1443,Cancelled,2024-08-05 04:00 AM
1444,1444,Completed,2024-04-03 06:06 PM
1445,1445,No-show,2024-09-12 01:28 AM
1446,1446,Cancelled,2024-01-09 08:43 PM
1447,1447,Cancelled,2024-02-28 10:10 PM
1448,1448,No-show,2024-04-12 07:40 PM
1449,1449,No-show,2024-03-10 04:08 PM
1450,1450,Cancelled,2024-04-02 04:10 PM
1451,1451,Completed,2024-05-31 09:48 PM
1452,1452,Cancelled,2024-04-06 12:55 PM
1453,1453,No-show,2024-04-17 11:38 PM
1454,1454,Completed,2024-01-15 12:42 AM
1455,1455,No-show,2024-05-23 08:37 AM
1456,1456,Cancelled,2024-02-17 03:12 PM
1457,1457,No-show,2024-04-16 07:37 PM
1458,1458,Completed,2024-01-14 02:55 AM
1459,1459,No-show,2024-07-30 01:18 PM
1460,1460,No-show,2024-07-20 07:02 PM
1461,1461,Completed,2024-05-20 07:12 PM
1462,1462,Cancelled,2024-04-15 01:42 PM
1463,1463,Completed,2024-09-05 09:37 AM
1464,1464,Cancelled,2024-04-12 03:02 AM
1465,1465,Completed,2024-01-13 04:55 PM
1466,1466,Completed,2024-04-05 07:28 AM
1467,1467,Cancelled,2024-07-22 07:05 PM
1468,1468,Cancelled,2024-07-10 07:29 PM
1469,1469,Completed,2024-09-21 11:29 PM
1470,1470,Cancelled,2024-04-11 10:19 PM
1471,1471,Cancelled,2024-05-21 07:21 AM
1472,1472,Completed,2024-09-20 09:48 PM
1473,1473,Cancelled,2024-06-13 05:19 AM
1474,1474,No-show,2024-06-05 09:16 AM
1475,1475,Cancelled,2024-06-07 03:37 PM
1476,1476,Cancelled,2024-05-26 05:13 AM
1477,1477,No-show,2024-07-25 12:40 AM
1478,1478,Completed,2024-09-17 12:47 AM
1479,1479,Cancelled,2024-04-15 10:34 AM
1480,1480,Completed,2024-02-13 09:09 AM
1481,1481,No-show,2024-09-07 11:47 AM
1482,1482,Completed,2024-09-20 09:52 PM
1483,1483,Completed,2024-07-12 01:04 AM
1484,1484,Completed,2024-07-17 03:59 AM
1485,1485,Completed,2024-08-11 04:50 PM
1486,1486,Cancelled,2024-04-25 01:52 AM
1487,1487,Completed,2024-03-25 11:12 AM
1488,1488,Completed,2024-02-21 02:52 PM
1489,1489,No-show,2024-05-22 01:27 AM
1490,1490,No-show,2024-02-09 10:33 PM
1491,1491,No-show,2024-04-01 01:29 AM
1492,1492,No-show,2024-08-18 07:51 PM
1493,1493,Cancelled,2024-02-27 05:05 AM
1494,1494,Completed,2024-06-04 01:21 PM
1495,1495,Completed,2024-09-04 09:04 AM
1496,1496,No-show,2024-04-22 09:26 PM
1497,1497,Completed,2024-06-04 01:37 AM
1498,1498,Cancelled,2024-04-04 02:17 AM
1499,1499,No-show,2024-07-09 06:36 AM
1500,1500,Cancelled,2024-04-03 08:25 PM
1501,1501,Completed,2024-04-19 11:37 PM
1502,1502,Cancelled,2024-04-28 03:01 PM
1503,1503,Completed,2024-04-25 11:21 PM
1504,1504,Cancelled,2024-04-16 10:09 PM
1505,1505,Completed,2024-08-31 09:45 PM
1506,1506,Cancelled,2024-09-02 09:54 PM
1507,1507,No-show,2024-09-19 12:30 PM
1508,1508,Completed,2024-08-11 06:53 AM
1509,1509,Cancelled,2024-05-23 08:49 AM
1510,1510,Completed,2024-04-19 03:59 PM
1511,1511,Cancelled,2024-01-03 03:41 PM
1512,1512,No-show,2024-08-22 07:14 PM
1513,1513,No-show,2024-06-01 07:33 AM
1514,1514,Cancelled,2024-04-25 05:06 AM
1515,1515,Completed,2024-02-20 01:22 AM
1516,1516,Completed,2024-09-12 07:03 PM
1517,1517,Cancelled,2024-06-28 10:45 PM
1518,1518,No-show,2024-03-05 12:02 AM
1519,1519,Completed,2024-01-06 04:10 AM
1520,1520,No-show,2024-04-01 11:07 AM
1521,1521,No-show,2024-05-08 02:33 AM
1522,1522,Cancelled,2024-04-29 04:45 PM
1523,1523,Completed,2024-03-05 12:01 AM
1524,1524,No-show,2024-04-13 02:12 AM
1525,1525,Cancelled,2024-02-18 04:33 PM
1526,1526,Completed,2024-06-05 03:50 PM
1527,1527,Cancelled,2024-01-27 02:21 PM
1528,1528,No-show,2024-07-02 07:18 AM
1529,1529,No-show,2024-06-05 07:00 PM
1530,1530,No-show,2024-04-10 03:41 AM
1531,1531,Completed,2024-07-26 04:10 AM
1532,1532,No-show,2024-07-13 11:38 PM
1533,1533,Completed,2024-06-10 05:34 PM
1534,1534,No-show,2024-01-20 12:37 AM
1535,1535,No-show,2024-06-12 11:57 PM
1536,1536,Cancelled,2024-04-28 11:54 AM
1537,1537,Cancelled,2024-02-01 06:09 PM
1538,1538,No-show,2024-09-22 11:37 AM
1539,1539,No-show,2024-09-08 03:20 AM
1540,1540,No-show,2024-06-09 03:50 AM
1541,1541,No-show,2024-08-21 06:47 AM
1542,1542,Cancelled,2024-03-12 12:09 PM
1543,1543,No-show,2024-03-02 02:44 AM
1544,1544,Completed,2024-09-21 01:13 PM
1545,1545,No-show,2024-06-02 08:44 PM
1546,1546,Cancelled,2024-06-10 12:35 PM
1547,1547,No-show,2024-05-20 06:27 AM
1548,1548,Cancelled,2024-06-23 08:06 PM
1549,1549,Cancelled,2024-07-10 03:40 PM
1550,1550,No-show,2024-08-03 08:39 AM
1551,1551,Completed,2024-01-28 02:17 AM
1552,1552,Cancelled,2024-06-26 09:35 AM
1553,1553,No-show,2024-04-01 09:31 PM
1554,1554,No-show,2024-02-12 05:25 PM
1555,1555,No-show,2024-04-27 04:13 AM
1556,1556,Cancelled,2024-07-26 07:42 AM
1557,1557,Completed,2024-05-23 12:32 PM
1558,1558,Cancelled,2024-07-02 11:58 PM
1559,1559,No-show,2024-09-02 04:54 PM
1560,1560,Completed,2024-04-26 11:46 AM
1561,1561,Completed,2024-03-28 10:29 PM
1562,1562,Completed,2024-04-29 11:28 PM
1563,1563,Cancelled,2024-06-03 11:47 PM
1564,1564,Cancelled,2024-02-07 02:42 AM
1565,1565,Cancelled,2024-08-01 03:12 PM
1566,1566,Completed,2024-06-14 01:03 PM
1567,1567,Cancelled,2024-06-16 03:15 AM
1568,1568,No-show,2024-06-25 09:07 AM
1569,1569,Completed,2024-09-06 11:56 AM
1570,1570,Cancelled,2024-02-25 04:04 PM
1571,1571,No-show,2024-01-23 08:42 AM
1572,1572,Cancelled,2024-05-27 08:53 AM
1573,1573,Cancelled,2024-09-07 10:42 AM
1574,1574,Completed,2024-02-28 11:36 PM
1575,1575,Completed,2024-09-21 04:05 AM
1576,1576,No-show,2024-05-21 04:49 PM
1577,1577,Completed,2024-02-27 04:55 PM
1578,1578,Cancelled,2024-08-29 09:36 AM
1579,1579,No-show,2024-03-15 04:13 PM
1580,1580,No-show,2024-04-05 02:38 AM
1581,1581,Cancelled,2024-03-20 08:01 AM
1582,1582,Completed,2024-08-17 12:09 AM
1583,1583,Cancelled,2024-05-28 04:40 AM
1584,1584,Cancelled,2024-04-23 11:40 PM
1585,1585,No-show,2024-08-04 12:13 AM
1586,1586,No-show,2024-02-01 09:02 AM
1587,1587,Completed,2024-06-09 06:28 PM
1588,1588,No-show,2024-08-29 02:40 AM
1589,1589,Completed,2024-01-23 11:53 PM
1590,1590,Completed,2024-05-31 10:24 PM
1591,1591,Cancelled,2024-08-23 02:01 PM
1592,1592,Completed,2024-01-28 02:17 PM
1593,1593,Completed,2024-08-27 12:59 AM
1594,1594,No-show,2024-03-18 05:58 PM
1595,1595,Completed,2024-03-04 05:27 PM
1596,1596,Cancelled,2024-05-19 02:17 PM
1597,1597,No-show,2024-04-04 12:08 PM
1598,1598,No-show,2024-01-23 06:37 PM
1599,1599,No-show,2024-09-11 06:54 PM
1600,1600,Cancelled,2024-06-09 02:14 AM
1601,1601,Cancelled,2024-08-01 03:33 PM
1602,1602,No-show,2024-09-16 02:12 PM
1603,1603,Cancelled,2024-02-07 04:25 AM
1604,1604,Cancelled,2024-08-24 03:41 AM
1605,1605,No-show,2024-01-02 04:59 AM
1606,1606,Completed,2024-07-15 02:42 AM
1607,1607,Completed,2024-03-10 12:43 AM
1608,1608,Cancelled,2024-02-02 10:08 PM
1609,1609,Completed,2024-01-08 12:27 AM
1610,1610,Cancelled,2024-05-28 02:52 PM
1611,1611,No-show,2024-09-18 06:28 PM
1612,1612,Cancelled,2024-06-28 06:07 AM
1613,1613,No-show,2024-05-30 01:16 PM
1614,1614,No-show,2024-06-02 07:16 PM
1615,1615,Completed,2024-09-03 09:21 AM
1616,1616,No-show,2024-05-27 03:03 AM
1617,1617,Completed,2024-04-28 08:14 AM
1618,1618,Completed,2024-02-27 04:56 AM
1619,1619,Cancelled,2024-04-10 12:25 AM
1620,1620,Cancelled,2024-06-21 06:43 PM
1621,1621,Cancelled,2024-01-30 01:58 PM
1622,1622,No-show,2024-05-19 04:54 PM
1623,1623,Cancelled,2024-01-09 05:19 PM
1624,1624,Cancelled,2024-09-09 06:57 AM
1625,1625,Cancelled,2024-08-07 05:51 AM
1626,1626,No-show,2024-02-12 08:44 PM
1627,1627,Cancelled,2024-07-22 11:28 PM
1628,1628,Cancelled,2024-01-06 07:49 PM
1629,1629,Cancelled,2024-02-05 11:11 AM
1630,1630,Completed,2024-01-03 10:00 AM
1631,1631,No-show,2024-09-17 04:05 AM
1632,1632,Completed,2024-01-06 02:13 PM
1633,1633,Cancelled,2024-07-10 11:20 AM
1634,1634,Completed,2024-07-04 04:15 PM
1635,1635,No-show,2024-04-15 08:29 PM
1636,1636,Cancelled,2024-01-17 12:12 PM
1637,1637,No-show,2024-04-09 02:55 PM
1638,1638,No-show,2024-06-01 04:13 AM
1639,1639,Completed,2024-06-27 01:24 AM
1640,1640,No-show,2024-03-10 12:28 AM
1641,1641,Completed,2024-07-14 04:32 PM
1642,1642,No-show,2024-02-06 02:40 AM
1643,1643,Cancelled,2024-01-03 10:40 AM
1644,1644,Completed,2024-05-07 07:41 PM
1645,1645,Completed,2024-02-05 12:02 PM
1646,1646,Cancelled,2024-08-25 04:30 PM
1647,1647,No-show,2024-07-18 09:32 PM
1648,1648,Completed,2024-03-12 09:29 AM
1649,1649,No-show,2024-07-18 12:26 AM
1650,1650,Completed,2024-02-19 06:35 AM
1651,1651,No-show,2024-09-03 09:12 PM
1652,1652,No-show,2024-01-28 11:20 AM
1653,1653,No-show,2024-05-16 04:59 PM
1654,1654,No-show,2024-07-29 07:08 AM
1655,1655,Cancelled,2024-02-11 01:25 PM
1656,1656,Completed,2024-08-26 08:05 AM
1657,1657,No-show,2024-08-19 09:30 PM
1658,1658,Completed,2024-03-29 10:00 PM
1659,1659,Cancelled,2024-05-16 04:59 PM
1660,1660,Completed,2024-02-18 09:37 PM
1661,1661,Cancelled,2024-07-18 03:48 PM
1662,1662,No-show,2024-02-25 09:03 PM
1663,1663,No-show,2024-04-02 03:54 PM
1664,1664,Cancelled,2024-09-15 12:51 PM
1665,1665,Completed,2024-02-25 07:10 AM
1666,1666,Cancelled,2024-03-02 03:16 PM
1667,1667,Cancelled,2024-03-29 09:53 AM
1668,1668,No-show,2024-05-09 04:05 AM
1669,1669,Completed,2024-03-16 10:46 PM
1670,1670,Completed,2024-07-20 11:17 AM
1671,1671,Cancelled,2024-09-11 01:52 PM
1672,1672,No-show,2024-02-04 09:16 AM
1673,1673,Cancelled,2024-05-18 02:37 AM
1674,1674,Completed,2024-06-02 02:53 PM
1675,1675,No-show,2024-01-12 02:59 AM
1676,1676,No-show,2024-04-29 01:02 PM
1677,1677,Completed,2024-08-10 11:50 AM
1678,1678,Cancelled,2024-05-11 11:59 AM
1679,1679,Cancelled,2024-07-01 11:11 PM
1680,1680,Completed,2024-08-29 02:48 AM
1681,1681,Completed,2024-03-19 06:46 PM
1682,1682,Completed,2024-03-07 09:26 AM
1683,1683,Cancelled,2024-08-15 12:39 PM
1684,1684,Cancelled,2024-06-13 08:19 PM
1685,1685,Completed,2024-02-28 05:12 AM
1686,1686,Cancelled,2024-06-13 01:01 AM
1687,1687,No-show,2024-06-05 02:51 PM
1688,1688,Cancelled,2024-09-23 02:31 AM
1689,1689,Completed,2024-08-17 08:14 PM
1690,1690,No-show,2024-08-03 03:58 PM
1691,1691,Completed,2024-07-30 10:36 PM
1692,1692,Completed,2024-09-17 05:29 AM
1693,1693,Cancelled,2024-08-04 08:44 AM
1694,1694,Cancelled,2024-07-29 05:38 AM
1695,1695,No-show,2024-02-07 08:08 PM
1696,1696,Cancelled,2024-07-04 01:44 PM
1697,1697,No-show,2024-08-12 08:38 PM
1698,1698,Completed,2024-07-20 10:49 AM
1699,1699,Cancelled,2024-01-01 10:28 AM
1700,1700,Cancelled,2024-07-25 05:23 PM
1701,1701,Completed,2024-05-14 09:13 AM
1702,1702,No-show,2024-09-19 06:13 AM
1703,1703,Completed,2024-03-25 07:59 PM
1704,1704,No-show,2024-04-23 04:32 AM
1705,1705,Cancelled,2024-05-29 02:46 AM
1706,1706,Completed,2024-02-22 11:31 AM
1707,1707,Completed,2024-07-31 11:14 AM
1708,1708,No-show,2024-01-31 07:51 PM
1709,1709,Completed,2024-01-17 01:02 PM
1710,1710,Cancelled,2024-06-06 04:12 PM
1711,1711,Cancelled,2024-05-13 07:18 PM
1712,1712,Cancelled,2024-09-22 03:41 AM
1713,1713,Cancelled,2024-02-22 06:58 AM
1714,1714,No-show,2024-06-24 05:37 AM
1715,1715,Completed,2024-07-26 04:54 PM
1716,1716,Completed,2024-09-25 12:07 AM
1717,1717,No-show,2024-04-18 04:33 AM
1718,1718,Cancelled,2024-08-10 07:00 AM
1719,1719,Cancelled,2024-06-29 07:14 AM
1720,1720,No-show,2024-01-09 02:09 AM
1721,1721,Cancelled,2024-03-12 05:16 AM
1722,1722,Cancelled,2024-07-23 04:23 AM
1723,1723,Cancelled,2024-04-06 01:35 AM
1724,1724,No-show,2024-06-17 08:01 AM
1725,1725,Completed,2024-03-25 07:46 AM
1726,1726,Completed,2024-05-19 07:40 PM
1727,1727,Cancelled,2024-07-18 07:50 AM
1728,1728,Cancelled,2024-06-20 09:42 PM
1729,1729,Cancelled,2024-07-18 11:33 AM
1730,1730,No-show,2024-05-01 02:02 PM
1731,1731,Cancelled,2024-09-04 12:21 PM
1732,1732,Completed,2024-01-07 02:41 PM
1733,1733,No-show,2024-04-12 10:22 PM
1734,1734,Cancelled,2024-08-26 05:01 PM
1735,1735,Completed,2024-09-02 01:51 AM
1736,1736,No-show,2024-02-18 03:54 PM
1737,1737,Cancelled,2024-07-22 01:58 PM
1738,1738,Completed,2024-01-15 12:39 AM
1739,1739,Completed,2024-07-21 07:19 AM
1740,1740,Cancelled,2024-05-25 07:21 PM
1741,1741,Completed,2024-02-28 12:03 AM
1742,1742,No-show,2024-05-21 08:11 AM
1743,1743,No-show,2024-04-17 12:37 AM
1744,1744,Cancelled,2024-07-17 03:18 AM
1745,1745,Completed,2024-03-25 04:49 AM
1746,1746,Cancelled,2024-03-25 06:06 AM
1747,1747,No-show,2024-02-22 12:01 AM
1748,1748,Cancelled,2024-03-18 02:36 AM
1749,1749,Completed,2024-05-09 08:10 PM
1750,1750,Completed,2024-07-15 07:31 PM
1751,1751,Cancelled,2024-07-12 11:11 AM
1752,1752,Completed,2024-07-14 11:19 AM
1753,1753,No-show,2024-07-05 06:29 PM
1754,1754,No-show,2024-01-19 10:49 AM
1755,1755,No-show,2024-09-17 12:24 PM
1756,1756,No-show,2024-03-05 03:29 PM
1757,1757,Completed,2024-03-05 06:39 PM
1758,1758,Cancelled,2024-02-25 08:46 AM
1759,1759,No-show,2024-06-03 11:28 PM
1760,1760,Completed,2024-05-09 07:57 PM
1761,1761,Completed,2024-05-10 01:25 AM
1762,1762,Cancelled,2024-06-11 08:05 PM
1763,1763,Cancelled,2024-09-08 02:03 PM
1764,1764,No-show,2024-04-20 12:01 PM
1765,1765,Cancelled,2024-01-28 11:08 PM
1766,1766,No-show,2024-07-08 10:19 PM
1767,1767,No-show,2024-04-05 04:10 AM
1768,1768,No-show,2024-05-10 07:59 AM
1769,1769,Completed,2024-04-07 06:24 PM
1770,1770,No-show,2024-06-01 04:21 AM
1771,1771,Completed,2024-07-14 01:12 AM
1772,1772,Completed,2024-01-25 11:36 AM
1773,1773,Cancelled,2024-01-13 05:35 PM
1774,1774,Completed,2024-03-22 12:16 PM
1775,1775,No-show,2024-07-30 05:47 PM
1776,1776,Cancelled,2024-08-23 05:31 PM
1777,1777,Cancelled,2024-09-11 10:45 AM
1778,1778,Completed,2024-02-29 03:14 AM
1779,1779,Cancelled,2024-01-14 05:21 AM
1780,1780,Completed,2024-06-08 06:00 AM
1781,1781,Cancelled,2024-07-01 01:37 PM
1782,1782,Completed,2024-01-20 12:18 AM
1783,1783,No-show,2024-05-26 10:50 PM
1784,1784,Cancelled,2024-09-11 06:29 AM
1785,1785,No-show,2024-02-24 04:48 PM
1786,1786,Completed,2024-05-17 10:26 PM
1787,1787,Cancelled,2024-08-18 06:24 PM
1788,1788,Cancelled,2024-05-07 01:09 AM
1789,1789,Cancelled,2024-03-06 03:59 AM
1790,1790,No-show,2024-04-05 05:13 PM
1791,1791,Completed,2024-02-16 01:12 PM
1792,1792,No-show,2024-09-19 11:00 PM
1793,1793,Cancelled,2024-06-28 02:20 PM
1794,1794,Cancelled,2024-03-18 03:08 AM
1795,1795,No-show,2024-09-12 08:48 PM
1796,1796,Cancelled,2024-09-11 07:34 AM
1797,1797,Completed,2024-09-05 11:10 AM
1798,1798,Cancelled,2024-07-29 04:29 PM
1799,1799,Completed,2024-07-03 09:56 AM
1800,1800,Cancelled,2024-04-13 03:15 PM
1801,1801,No-show,2024-08-25 11:30 AM
1802,1802,No-show,2024-01-29 08:29 PM
1803,1803,Cancelled,2024-04-15 10:13 PM
1804,1804,No-show,2024-04-29 07:38 PM
1805,1805,Completed,2024-07-03 10:03 PM
1806,1806,Completed,2024-01-28 10:49 PM
1807,1807,No-show,2024-03-07 11:01 PM
1808,1808,Cancelled,2024-01-15 04:14 AM
1809,1809,Cancelled,2024-05-23 11:19 AM
1810,1810,Completed,2024-07-24 03:01 PM
1811,1811,Completed,2024-08-10 08:44 PM
1812,1812,Cancelled,2024-02-20 03:45 AM
1813,1813,No-show,2024-08-26 01:04 PM
1814,1814,No-show,2024-06-22 10:23 AM
1815,1815,No-show,2024-02-03 12:39 AM
1816,1816,No-show,2024-04-02 03:30 PM
1817,1817,Cancelled,2024-06-11 02:46 AM
1818,1818,Completed,2024-09-12 08:09 AM
1819,1819,Completed,2024-05-26 02:40 AM
1820,1820,Completed,2024-05-02 09:38 AM
1821,1821,Completed,2024-05-02 02:52 AM
1822,1822,Cancelled,2024-05-09 07:31 AM
1823,1823,Completed,2024-07-09 05:30 AM
1824,1824,Cancelled,2024-08-31 07:33 PM
1825,1825,Cancelled,2024-03-10 01:59 PM
1826,1826,No-show,2024-09-20 11:27 AM
1827,1827,Cancelled,2024-09-15 05:15 AM
1828,1828,No-show,2024-03-04 07:59 AM
1829,1829,No-show,2024-01-12 07:04 PM
1830,1830,No-show,2024-01-18 01:53 AM
1831,1831,Cancelled,2024-08-19 02:41 AM
1832,1832,Cancelled,2024-02-09 08:53 AM
1833,1833,Completed,2024-03-27 08:32 AM
1834,1834,Completed,2024-03-19 09:24 PM
1835,1835,Cancelled,2024-02-19 10:24 PM
1836,1836,No-show,2024-09-18 07:16 AM
1837,1837,Cancelled,2024-03-23 08:27 PM
1838,1838,No-show,2024-04-22 09:07 PM
1839,1839,No-show,2024-06-25 11:55 AM
1840,1840,No-show,2024-01-23 03:27 AM
1841,1841,Cancelled,2024-08-14 10:12 AM
1842,1842,Cancelled,2024-02-19 02:14 PM
1843,1843,No-show,2024-09-18 11:48 AM
1844,1844,Completed,2024-09-19 03:29 PM
1845,1845,No-show,2024-05-08 03:08 AM
1846,1846,Completed,2024-08-30 05:27 PM
1847,1847,No-show,2024-05-28 01:07 PM
1848,1848,No-show,2024-08-08 12:55 PM
1849,1849,Cancelled,2024-07-07 03:27 AM
1850,1850,No-show,2024-02-24 07:05 PM
1851,1851,No-show,2024-03-24 08:27 PM
1852,1852,Cancelled,2024-08-20 02:05 AM
1853,1853,No-show,2024-06-03 07:24 AM
1854,1854,Cancelled,2024-04-28 06:00 AM
1855,1855,Cancelled,2024-05-07 08:58 PM
1856,1856,Cancelled,2024-01-28 03:09 PM
1857,1857,Cancelled,2024-01-06 09:26 PM
1858,1858,No-show,2024-09-12 12:45 AM
1859,1859,No-show,2024-01-28 07:44 PM
1860,1860,Completed,2024-05-17 07:29 AM
1861,1861,Completed,2024-02-06 10:36 PM
1862,1862,Completed,2024-03-21 10:40 AM
1863,1863,Completed,2024-09-15 04:24 PM
1864,1864,No-show,2024-08-31 04:20 PM
1865,1865,Completed,2024-04-23 09:36 PM
1866,1866,Cancelled,2024-06-23 01:45 PM
1867,1867,Completed,2024-09-01 08:39 PM
1868,1868,Cancelled,2024-01-15 02:08 PM
1869,1869,Cancelled,2024-04-21 11:29 AM
1870,1870,No-show,2024-01-03 03:49 AM
1871,1871,Completed,2024-05-14 10:55 PM
1872,1872,Cancelled,2024-02-20 11:49 AM
1873,1873,Cancelled,2024-02-29 08:32 AM
1874,1874,No-show,2024-08-31 06:33 PM
1875,1875,Cancelled,2024-07-15 06:27 PM
1876,1876,Completed,2024-08-14 03:59 PM
1877,1877,Completed,2024-07-13 03:57 AM
1878,1878,Cancelled,2024-05-03 02:06 AM
1879,1879,Cancelled,2024-03-28 09:11 PM
1880,1880,Cancelled,2024-05-16 12:52 AM
1881,1881,Completed,2024-06-08 09:23 PM
1882,1882,Completed,2024-04-30 10:14 AM
1883,1883,Cancelled,2024-03-12 04:24 AM
1884,1884,Cancelled,2024-08-27 09:28 PM
1885,1885,No-show,2024-01-23 06:19 AM
1886,1886,Cancelled,2024-01-18 03:13 AM
1887,1887,No-show,2024-03-01 03:00 AM
1888,1888,Completed,2024-05-26 09:18 AM
1889,1889,Completed,2024-02-29 07:50 PM
1890,1890,Completed,2024-01-03 07:43 PM
1891,1891,Cancelled,2024-07-09 09:42 AM
1892,1892,No-show,2024-05-23 10:20 AM
1893,1893,No-show,2024-01-06 01:48 AM
1894,1894,No-show,2024-03-27 05:14 AM
1895,1895,Completed,2024-06-22 06:01 AM
1896,1896,Cancelled,2024-09-21 07:45 AM
1897,1897,No-show,2024-05-24 11:21 PM
1898,1898,Completed,2024-08-15 10:21 AM
1899,1899,Cancelled,2024-03-11 07:18 AM
1900,1900,No-show,2024-02-20 03:43 AM
1901,1901,Cancelled,2024-05-19 12:00 AM
1902,1902,Completed,2024-02-14 05:17 PM
1903,1903,Completed,2024-06-11 05:36 PM
1904,1904,Completed,2024-03-24 01:55 AM
1905,1905,Completed,2024-07-21 10:54 PM
1906,1906,Cancelled,2024-05-30 09:35 AM
1907,1907,No-show,2024-04-28 10:01 PM
1908,1908,No-show,2024-04-09 05:25 AM
1909,1909,Cancelled,2024-01-21 04:06 AM
1910,1910,Completed,2024-04-08 03:23 AM
1911,1911,No-show,2024-09-18 02:51 AM
1912,1912,Completed,2024-06-11 07:42 AM
1913,1913,Completed,2024-02-23 11:23 PM
1914,1914,Cancelled,2024-07-28 08:56 AM
1915,1915,No-show,2024-07-27 09:42 AM
1916,1916,Cancelled,2024-07-16 06:48 PM
1917,1917,Completed,2024-02-08 06:56 PM
1918,1918,Completed,2024-08-25 05:49 AM
1919,1919,Cancelled,2024-02-23 08:46 AM
1920,1920,No-show,2024-01-27 01:30 PM
1921,1921,No-show,2024-03-29 12:07 AM
1922,1922,Cancelled,2024-09-19 07:11 AM
1923,1923,Cancelled,2024-09-04 10:20 AM
1924,1924,Cancelled,2024-06-01 07:18 AM
1925,1925,Cancelled,2024-02-20 07:23 AM
1926,1926,Cancelled,2024-03-10 10:22 AM
1927,1927,Completed,2024-08-11 12:40 AM
1928,1928,Completed,2024-01-26 11:21 AM
1929,1929,Completed,2024-01-10 02:31 PM
1930,1930,Cancelled,2024-03-02 02:39 PM
1931,1931,No-show,2024-04-09 02:29 AM
1932,1932,Completed,2024-06-28 06:26 PM
1933,1933,Completed,2024-01-23 05:04 PM
1934,1934,Cancelled,2024-08-30 09:45 PM
1935,1935,Cancelled,2024-04-30 03:02 PM
1936,1936,Cancelled,2024-02-16 12:28 PM
1937,1937,Cancelled,2024-01-26 01:53 AM
1938,1938,Completed,2024-03-28 07:03 AM
1939,1939,No-show,2024-01-14 05:26 PM
1940,1940,No-show,2024-05-11 11:51 PM
1941,1941,Cancelled,2024-09-23 08:08 AM
1942,1942,No-show,2024-06-03 06:29 AM
1943,1943,Completed,2024-07-30 09:20 PM
1944,1944,No-show,2024-02-12 02:08 PM
1945,1945,No-show,2024-08-05 03:04 PM
1946,1946,Completed,2024-09-03 02:30 PM
1947,1947,No-show,2024-07-07 09:18 AM
1948,1948,No-show,2024-09-12 12:03 AM
1949,1949,Cancelled,2024-09-04 08:47 AM
1950,1950,No-show,2024-03-04 03:21 PM
1951,1951,Completed,2024-08-26 02:05 AM
1952,1952,Completed,2024-07-10 02:59 AM
1953,1953,Cancelled,2024-09-16 01:57 AM
1954,1954,Completed,2024-07-26 02:45 AM
1955,1955,Completed,2024-06-06 03:42 PM
1956,1956,No-show,2024-02-22 07:30 PM
1957,1957,Completed,2024-07-27 11:06 AM
1958,1958,No-show,2024-06-10 04:38 AM
1959,1959,No-show,2024-07-19 02:42 AM
1960,1960,Cancelled,2024-02-20 07:09 AM
1961,1961,No-show,2024-01-31 12:44 PM
1962,1962,No-show,2024-02-22 01:10 PM
1963,1963,No-show,2024-01-07 01:05 AM
1964,1964,Completed,2024-07-14 01:53 AM
1965,1965,Completed,2024-06-25 10:22 AM
1966,1966,Cancelled,2024-05-29 06:57 PM
1967,1967,No-show,2024-05-04 10:36 AM
1968,1968,No-show,2024-08-04 10:26 PM
1969,1969,No-show,2024-05-12 04:52 AM
1970,1970,No-show,2024-01-28 08:55 AM
1971,1971,Cancelled,2024-08-12 11:38 PM
1972,1972,Completed,2024-03-03 09:24 AM
1973,1973,No-show,2024-01-29 01:25 AM
1974,1974,Cancelled,2024-06-08 07:24 AM
1975,1975,Cancelled,2024-04-04 08:12 AM
1976,1976,No-show,2024-06-18 10:40 PM
1977,1977,No-show,2024-05-17 04:45 AM
1978,1978,Cancelled,2024-09-22 04:39 PM
1979,1979,Cancelled,2024-05-26 01:16 AM
1980,1980,Cancelled,2024-06-30 10:45 PM
1981,1981,Cancelled,2024-04-10 01:09 PM
1982,1982,No-show,2024-02-19 06:24 PM
1983,1983,Cancelled,2024-07-25 02:03 AM
1984,1984,No-show,2024-06-21 08:19 PM
1985,1985,No-show,2024-07-31 09:52 PM
1986,1986,Cancelled,2024-03-04 07:43 AM
1987,1987,No-show,2024-05-01 06:34 AM
1988,1988,Completed,2024-08-26 08:06 PM
1989,1989,No-show,2024-07-09 04:37 PM
1990,1990,Completed,2024-02-14 05:59 AM
1991,1991,Completed,2024-07-05 01:13 PM
1992,1992,Completed,2024-08-29 09:40 AM
1993,1993,Completed,2024-04-18 02:27 AM
1994,1994,Completed,2024-04-02 05:10 AM
1995,1995,Completed,2024-09-22 04:25 AM
1996,1996,No-show,2024-09-17 04:39 PM
1997,1997,Completed,2024-08-27 02:06 AM
1998,1998,No-show,2024-07-29 09:00 PM
1999,1999,Completed,2024-08-09 03:11 PM
2000,2000,Cancelled,2024-09-12 10:52 AM
2001,2001,Completed,2024-01-07 09:45 PM
2002,2002,Cancelled,2024-05-20 10:29 PM
2003,2003,Cancelled,2024-09-01 01:12 PM
2004,2004,Cancelled,2024-02-25 08:56 AM
2005,2005,No-show,2024-08-22 09:18 AM
2006,2006,Completed,2024-07-24 02:43 AM
2007,2007,Cancelled,2024-02-03 11:49 AM
2008,2008,No-show,2024-09-22 10:00 PM
2009,2009,No-show,2024-03-21 03:26 PM
2010,2010,Completed,2024-09-06 10:16 PM
2011,2011,No-show,2024-01-14 04:35 AM
2012,2012,Cancelled,2024-09-04 07:47 PM
2013,2013,No-show,2024-02-05 01:14 PM
2014,2014,No-show,2024-04-21 10:43 PM
2015,2015,Completed,2024-02-06 12:39 PM
2016,2016,No-show,2024-04-24 04:20 PM
2017,2017,Cancelled,2024-07-26 10:24 AM
2018,2018,Completed,2024-03-10 10:14 AM
2019,2019,Cancelled,2024-05-03 09:25 AM
2020,2020,Cancelled,2024-01-16 09:40 PM
2021,2021,Cancelled,2024-06-06 11:48 PM
2022,2022,Cancelled,2024-07-28 07:30 PM
2023,2023,No-show,2024-09-02 04:25 PM
2024,2024,Cancelled,2024-04-09 12:43 PM
2025,2025,Completed,2024-08-16 09:32 AM
2026,2026,Cancelled,2024-02-17 10:56 PM
2027,2027,No-show,2024-09-04 07:06 PM
2028,2028,Completed,2024-07-10 01:48 AM
2029,2029,Cancelled,2024-06-27 04:16 AM
2030,2030,Cancelled,2024-02-25 01:42 PM
2031,2031,Cancelled,2024-03-15 06:43 PM
2032,2032,No-show,2024-05-27 10:22 AM
2033,2033,Cancelled,2024-06-10 01:14 AM
2034,2034,Cancelled,2024-02-02 02:22 AM
2035,2035,Cancelled,2024-03-17 09:56 PM
2036,2036,Completed,2024-06-07 01:29 AM
2037,2037,Cancelled,2024-01-26 07:55 PM
2038,2038,Cancelled,2024-02-05 03:49 PM
2039,2039,Completed,2024-08-25 06:30 PM
2040,2040,Completed,2024-05-01 04:58 PM
2041,2041,Cancelled,2024-03-16 08:41 PM
2042,2042,Completed,2024-01-30 09:17 AM
2043,2043,Cancelled,2024-05-26 03:08 PM
2044,2044,No-show,2024-09-02 01:29 PM
2045,2045,Completed,2024-08-18 06:26 PM
2046,2046,Cancelled,2024-03-09 06:00 AM
2047,2047,No-show,2024-01-14 07:43 PM
2048,2048,No-show,2024-03-23 05:08 PM
2049,2049,No-show,2024-02-27 12:48 PM
2050,2050,Cancelled,2024-05-28 05:36 PM
2051,2051,Completed,2024-09-04 12:18 PM
2052,2052,Completed,2024-09-04 01:52 AM
2053,2053,Cancelled,2024-05-06 12:21 PM
2054,2054,Completed,2024-09-06 10:52 AM
2055,2055,Cancelled,2024-07-23 02:05 PM
2056,2056,No-show,2024-05-27 07:13 PM
2057,2057,No-show,2024-05-25 02:17 PM
2058,2058,Completed,2024-04-19 09:43 AM
2059,2059,Completed,2024-03-04 09:21 AM
2060,2060,No-show,2024-06-09 03:00 AM
2061,2061,No-show,2024-01-12 04:34 AM
2062,2062,Cancelled,2024-01-12 12:57 PM
2063,2063,No-show,2024-03-20 05:40 AM
2064,2064,Cancelled,2024-07-25 10:27 AM
2065,2065,Cancelled,2024-03-22 09:27 PM
2066,2066,No-show,2024-01-01 06:17 AM
2067,2067,Cancelled,2024-01-11 05:32 PM
2068,2068,Completed,2024-09-24 05:02 AM
2069,2069,Completed,2024-03-09 05:02 AM
2070,2070,Cancelled,2024-06-01 03:41 AM
2071,2071,Completed,2024-03-28 12:41 AM
2072,2072,Completed,2024-02-03 12:28 PM
2073,2073,Completed,2024-03-30 09:24 PM
2074,2074,No-show,2024-02-21 09:54 AM
2075,2075,Cancelled,2024-04-17 02:51 AM
2076,2076,Cancelled,2024-06-19 12:22 AM
2077,2077,No-show,2024-06-04 01:36 AM
2078,2078,Cancelled,2024-07-02 03:04 AM
2079,2079,No-show,2024-08-31 05:42 AM
2080,2080,Cancelled,2024-04-22 12:30 PM
2081,2081,No-show,2024-01-29 01:04 AM
2082,2082,Completed,2024-08-07 09:19 AM
2083,2083,Completed,2024-05-18 06:21 AM
2084,2084,Cancelled,2024-08-01 11:00 AM
2085,2085,Cancelled,2024-02-16 07:43 AM
2086,2086,No-show,2024-08-13 05:38 PM
2087,2087,No-show,2024-07-18 08:00 PM
2088,2088,Cancelled,2024-01-06 04:40 AM
2089,2089,No-show,2024-01-02 09:30 AM
2090,2090,No-show,2024-08-16 07:28 PM
2091,2091,Completed,2024-05-05 02:24 PM
2092,2092,Completed,2024-08-13 08:22 AM
2093,2093,No-show,2024-01-25 08:03 AM
2094,2094,No-show,2024-05-23 05:27 AM
2095,2095,Cancelled,2024-05-10 09:42 AM
2096,2096,Completed,2024-04-23 05:37 PM
2097,2097,Cancelled,2024-08-10 12:10 PM
2098,2098,No-show,2024-05-14 08:50 AM
2099,2099,Completed,2024-09-01 07:34 PM
2100,2100,Cancelled,2024-01-16 10:41 AM
2101,2101,No-show,2024-03-03 09:48 AM
2102,2102,Completed,2024-02-09 09:40 AM
2103,2103,Completed,2024-05-01 11:03 AM
2104,2104,No-show,2024-01-15 05:11 AM
2105,2105,Cancelled,2024-04-11 08:29 PM
2106,2106,No-show,2024-07-19 07:50 AM
2107,2107,Cancelled,2024-06-15 03:38 AM
2108,2108,Cancelled,2024-04-05 07:12 AM
2109,2109,Cancelled,2024-03-25 08:00 PM
2110,2110,No-show,2024-02-23 05:36 PM
2111,2111,Cancelled,2024-03-23 12:34 AM
2112,2112,No-show,2024-01-08 10:20 PM
2113,2113,No-show,2024-07-15 12:39 PM
2114,2114,Cancelled,2024-04-26 01:07 AM
2115,2115,Completed,2024-08-18 01:36 PM
2116,2116,Cancelled,2024-09-13 02:30 PM
2117,2117,Completed,2024-05-28 07:15 PM
2118,2118,Completed,2024-09-09 05:33 PM
2119,2119,Completed,2024-09-22 07:05 PM
2120,2120,No-show,2024-05-13 09:08 PM
2121,2121,Completed,2024-08-23 01:07 PM
2122,2122,No-show,2024-07-12 06:45 AM
2123,2123,Cancelled,2024-08-01 10:08 AM
2124,2124,No-show,2024-05-01 05:14 PM
2125,2125,No-show,2024-02-29 11:31 AM
2126,2126,Cancelled,2024-07-05 01:56 AM
2127,2127,Cancelled,2024-09-14 11:31 AM
2128,2128,Cancelled,2024-05-20 02:44 PM
2129,2129,No-show,2024-07-01 07:18 PM
2130,2130,No-show,2024-01-04 06:55 PM
2131,2131,Completed,2024-02-15 10:46 PM
2132,2132,No-show,2024-04-30 12:54 AM
2133,2133,Completed,2024-09-13 12:52 PM
2134,2134,Cancelled,2024-06-07 11:34 AM
2135,2135,Cancelled,2024-03-01 01:20 AM
2136,2136,Cancelled,2024-04-16 05:32 AM
2137,2137,Cancelled,2024-04-17 02:54 PM
2138,2138,Completed,2024-09-03 03:26 PM
2139,2139,No-show,2024-07-05 05:30 PM
2140,2140,Completed,2024-03-06 06:04 AM
2141,2141,No-show,2024-08-16 03:57 PM
2142,2142,Cancelled,2024-09-12 12:19 PM
2143,2143,Completed,2024-03-10 11:22 PM
2144,2144,Completed,2024-08-05 10:37 AM
2145,2145,Completed,2024-04-27 08:05 PM
2146,2146,No-show,2024-02-06 01:40 AM
2147,2147,Completed,2024-05-01 05:45 AM
2148,2148,Cancelled,2024-04-22 10:09 AM
2149,2149,Cancelled,2024-02-05 08:27 PM
2150,2150,Completed,2024-07-03 01:22 AM
2151,2151,Cancelled,2024-02-29 06:52 AM
2152,2152,Cancelled,2024-04-01 04:27 PM
2153,2153,No-show,2024-07-01 10:12 PM
2154,2154,Completed,2024-08-17 03:25 PM
2155,2155,Cancelled,2024-07-14 05:39 PM
2156,2156,No-show,2024-07-11 04:41 PM
2157,2157,Completed,2024-04-11 02:56 AM
2158,2158,No-show,2024-04-20 03:23 AM
2159,2159,Cancelled,2024-08-29 04:45 PM
2160,2160,Cancelled,2024-09-18 11:19 AM
2161,2161,Cancelled,2024-01-06 11:36 AM
2162,2162,Completed,2024-04-26 11:07 PM
2163,2163,No-show,2024-01-14 07:40 PM
2164,2164,Cancelled,2024-08-11 11:41 PM
2165,2165,Completed,2024-01-24 01:14 PM
2166,2166,No-show,2024-04-07 05:05 AM
2167,2167,Completed,2024-04-05 10:57 AM
2168,2168,No-show,2024-01-11 01:11 PM
2169,2169,Cancelled,2024-03-26 12:17 AM
2170,2170,Completed,2024-04-18 12:44 AM
2171,2171,Completed,2024-09-14 11:49 AM
2172,2172,Completed,2024-03-12 02:23 PM
2173,2173,Cancelled,2024-07-17 06:38 AM
2174,2174,Completed,2024-04-26 08:35 PM
2175,2175,Cancelled,2024-09-08 03:02 PM
2176,2176,Completed,2024-06-24 06:18 PM
2177,2177,Cancelled,2024-06-15 11:24 PM
2178,2178,Completed,2024-06-03 06:07 AM
2179,2179,Completed,2024-09-13 06:01 PM
2180,2180,Completed,2024-06-11 10:46 PM
2181,2181,Completed,2024-02-16 03:24 PM
2182,2182,No-show,2024-03-30 04:51 PM
2183,2183,Completed,2024-07-18 12:34 AM
2184,2184,No-show,2024-06-04 05:52 AM
2185,2185,Completed,2024-05-11 01:11 PM
2186,2186,No-show,2024-03-25 06:25 PM
2187,2187,No-show,2024-06-01 12:16 PM
2188,2188,Completed,2024-02-28 10:50 AM
2189,2189,Completed,2024-04-06 06:42 AM
2190,2190,No-show,2024-08-01 08:13 PM
2191,2191,Completed,2024-07-25 06:01 PM
2192,2192,Cancelled,2024-08-27 01:40 AM
2193,2193,Cancelled,2024-06-28 11:51 PM
2194,2194,Completed,2024-05-21 09:46 PM
2195,2195,Cancelled,2024-06-20 11:36 PM
2196,2196,No-show,2024-06-04 04:37 AM
2197,2197,No-show,2024-01-17 08:46 PM
2198,2198,Cancelled,2024-08-11 10:24 PM
2199,2199,Cancelled,2024-02-18 11:08 PM
2200,2200,Completed,2024-06-13 07:52 AM
2201,2201,Cancelled,2024-02-28 05:26 AM
2202,2202,Completed,2024-07-30 04:28 AM
2203,2203,No-show,2024-03-26 02:09 AM
2204,2204,No-show,2024-02-29 02:02 PM
2205,2205,No-show,2024-08-09 06:06 PM
2206,2206,No-show,2024-03-03 08:42 PM
2207,2207,Cancelled,2024-02-14 01:19 AM
2208,2208,Cancelled,2024-09-18 07:44 AM
2209,2209,Cancelled,2024-09-18 05:36 PM
2210,2210,Cancelled,2024-03-14 03:52 PM
2211,2211,Cancelled,2024-03-08 07:02 PM
2212,2212,Completed,2024-05-14 01:12 PM
2213,2213,Completed,2024-07-21 11:53 AM
2214,2214,No-show,2024-04-10 11:42 PM
2215,2215,Completed,2024-05-31 11:20 AM
2216,2216,No-show,2024-03-18 06:10 AM
2217,2217,Completed,2024-04-29 02:24 PM
2218,2218,Cancelled,2024-07-03 03:53 PM
2219,2219,No-show,2024-06-05 04:54 AM
2220,2220,Cancelled,2024-01-08 07:33 AM
2221,2221,Cancelled,2024-01-16 07:46 PM
2222,2222,Completed,2024-05-22 01:09 PM
2223,2223,No-show,2024-03-26 12:57 PM
2224,2224,No-show,2024-06-16 05:06 PM
2225,2225,Completed,2024-07-26 04:08 AM
2226,2226,No-show,2024-05-24 02:46 PM
2227,2227,No-show,2024-01-09 01:00 AM
2228,2228,Cancelled,2024-06-30 08:04 AM
2229,2229,Cancelled,2024-02-26 09:29 PM
2230,2230,Completed,2024-09-24 08:36 AM
2231,2231,Cancelled,2024-01-12 08:22 AM
2232,2232,Cancelled,2024-04-22 04:57 AM
2233,2233,No-show,2024-07-25 07:45 PM
2234,2234,Completed,2024-06-27 04:29 PM
2235,2235,Cancelled,2024-05-14 05:54 AM
2236,2236,Cancelled,2024-01-09 09:50 PM
2237,2237,No-show,2024-03-20 01:19 AM
2238,2238,No-show,2024-07-14 11:37 AM
2239,2239,Completed,2024-01-08 06:34 AM
2240,2240,Completed,2024-07-25 07:42 AM
2241,2241,Completed,2024-09-06 08:51 PM
2242,2242,Cancelled,2024-07-11 04:26 AM
2243,2243,Completed,2024-04-02 03:19 PM
2244,2244,Completed,2024-04-24 08:08 PM
2245,2245,Completed,2024-08-05 03:16 PM
2246,2246,Completed,2024-06-13 06:38 PM
2247,2247,No-show,2024-09-15 10:39 PM
2248,2248,Cancelled,2024-06-02 10:14 PM
2249,2249,Completed,2024-01-08 06:40 PM
2250,2250,No-show,2024-03-17 12:40 PM
2251,2251,Cancelled,2024-05-30 12:55 PM
2252,2252,Completed,2024-04-02 07:42 PM
2253,2253,No-show,2024-05-22 08:47 AM
2254,2254,No-show,2024-08-09 02:40 AM
2255,2255,No-show,2024-01-07 06:23 PM
2256,2256,No-show,2024-04-25 04:32 AM
2257,2257,No-show,2024-05-10 07:11 PM
2258,2258,No-show,2024-07-23 12:19 PM
2259,2259,Completed,2024-05-18 02:49 PM
2260,2260,Cancelled,2024-03-28 05:01 AM
2261,2261,Completed,2024-08-16 02:40 PM
2262,2262,Cancelled,2024-04-27 01:53 PM
2263,2263,No-show,2024-04-16 01:40 AM
2264,2264,Completed,2024-09-13 08:23 PM
2265,2265,No-show,2024-02-08 10:48 AM
2266,2266,Completed,2024-05-09 05:22 AM
2267,2267,No-show,2024-03-10 10:13 AM
2268,2268,Completed,2024-05-24 05:06 PM
2269,2269,Cancelled,2024-08-11 08:09 PM
2270,2270,Completed,2024-06-24 03:01 PM
2271,2271,Completed,2024-05-27 05:18 PM
2272,2272,Cancelled,2024-07-05 03:44 AM
2273,2273,No-show,2024-01-08 01:35 PM
2274,2274,No-show,2024-05-30 06:18 PM
2275,2275,No-show,2024-08-12 06:50 AM
2276,2276,No-show,2024-03-23 05:15 AM
2277,2277,No-show,2024-04-10 09:58 AM
2278,2278,Cancelled,2024-07-23 04:53 PM
2279,2279,Completed,2024-03-08 11:33 PM
2280,2280,Cancelled,2024-07-10 07:01 PM
2281,2281,Cancelled,2024-04-11 03:44 PM
2282,2282,No-show,2024-05-24 03:56 PM
2283,2283,Completed,2024-08-29 09:54 AM
2284,2284,Cancelled,2024-02-26 09:06 PM
2285,2285,Completed,2024-03-21 06:09 PM
2286,2286,Completed,2024-08-10 04:38 AM
2287,2287,No-show,2024-07-25 08:44 AM
2288,2288,No-show,2024-05-30 10:14 PM
2289,2289,Completed,2024-05-10 08:47 AM
2290,2290,No-show,2024-02-01 08:10 PM
2291,2291,Cancelled,2024-05-20 06:22 PM
2292,2292,No-show,2024-06-11 12:38 AM
2293,2293,Cancelled,2024-01-11 02:23 AM
2294,2294,No-show,2024-05-15 05:22 PM
2295,2295,Cancelled,2024-08-28 01:11 AM
2296,2296,Completed,2024-07-15 06:24 AM
2297,2297,No-show,2024-03-02 04:07 PM
2298,2298,Completed,2024-03-07 03:52 AM
2299,2299,Completed,2024-01-17 11:56 PM
2300,2300,Completed,2024-09-15 09:06 PM
2301,2301,Cancelled,2024-07-07 01:19 PM
2302,2302,Completed,2024-07-07 10:54 AM
2303,2303,Cancelled,2024-04-03 01:31 PM
2304,2304,Cancelled,2024-03-12 12:32 PM
2305,2305,Completed,2024-09-19 09:15 AM
2306,2306,Cancelled,2024-05-17 11:50 PM
2307,2307,Completed,2024-08-06 07:06 PM
2308,2308,Completed,2024-03-17 12:55 PM
2309,2309,Cancelled,2024-06-30 08:57 AM
2310,2310,Cancelled,2024-02-15 12:31 PM
2311,2311,Cancelled,2024-02-21 02:42 PM
2312,2312,No-show,2024-02-13 02:14 PM
2313,2313,No-show,2024-06-06 02:45 PM
2314,2314,Completed,2024-04-14 02:15 PM
2315,2315,Completed,2024-06-30 08:41 PM
2316,2316,Completed,2024-08-24 08:24 PM
2317,2317,Cancelled,2024-08-02 06:11 PM
2318,2318,Completed,2024-01-06 05:58 PM
2319,2319,Completed,2024-02-10 08:36 PM
2320,2320,No-show,2024-01-01 02:01 AM
2321,2321,Completed,2024-03-13 10:50 PM
2322,2322,No-show,2024-09-03 11:55 PM
2323,2323,Completed,2024-02-24 08:56 PM
2324,2324,Cancelled,2024-04-15 01:25 AM
2325,2325,No-show,2024-04-26 07:22 AM
2326,2326,Completed,2024-03-20 07:54 AM
2327,2327,No-show,2024-01-12 03:29 PM
2328,2328,Completed,2024-03-29 03:33 AM
2329,2329,Cancelled,2024-02-14 04:02 PM
2330,2330,No-show,2024-07-22 09:50 PM
2331,2331,No-show,2024-03-12 07:37 PM
2332,2332,No-show,2024-02-19 09:31 AM
2333,2333,Completed,2024-03-25 12:03 AM
2334,2334,Completed,2024-03-24 01:42 AM
2335,2335,Completed,2024-06-21 02:23 AM
2336,2336,Cancelled,2024-08-26 07:48 PM
2337,2337,Cancelled,2024-03-08 07:40 PM
2338,2338,No-show,2024-07-31 06:06 AM
2339,2339,Cancelled,2024-09-09 08:00 PM
2340,2340,Completed,2024-09-23 03:24 AM
2341,2341,No-show,2024-06-01 11:01 AM
2342,2342,No-show,2024-06-12 10:20 AM
2343,2343,Cancelled,2024-07-14 12:02 AM
2344,2344,No-show,2024-06-30 01:41 PM
2345,2345,Completed,2024-04-29 09:59 PM
2346,2346,Completed,2024-05-02 12:26 AM
2347,2347,No-show,2024-08-09 07:00 AM
2348,2348,Cancelled,2024-06-13 08:33 AM
2349,2349,Cancelled,2024-07-24 02:26 PM
2350,2350,Completed,2024-05-16 04:36 AM
2351,2351,Cancelled,2024-07-10 11:07 PM
2352,2352,No-show,2024-03-05 10:40 AM
2353,2353,Cancelled,2024-03-22 01:41 AM
2354,2354,No-show,2024-05-26 09:01 PM
2355,2355,No-show,2024-02-15 02:29 AM
2356,2356,No-show,2024-07-03 11:53 PM
2357,2357,Cancelled,2024-04-13 04:25 AM
2358,2358,Completed,2024-07-23 03:16 AM
2359,2359,No-show,2024-05-21 11:17 PM
2360,2360,Completed,2024-03-03 03:20 AM
2361,2361,No-show,2024-03-22 08:04 PM
2362,2362,Completed,2024-04-03 06:39 AM
2363,2363,Completed,2024-08-17 04:22 PM
2364,2364,No-show,2024-05-22 10:36 PM
2365,2365,No-show,2024-01-30 04:45 PM
2366,2366,Completed,2024-05-30 10:27 AM
2367,2367,Cancelled,2024-07-16 09:36 PM
2368,2368,Cancelled,2024-07-18 07:19 AM
2369,2369,No-show,2024-03-17 05:07 AM
2370,2370,Cancelled,2024-09-17 10:32 AM
2371,2371,Completed,2024-06-27 05:13 AM
2372,2372,Cancelled,2024-02-03 11:38 PM
2373,2373,No-show,2024-05-20 01:00 AM
2374,2374,No-show,2024-09-17 03:36 PM
2375,2375,Completed,2024-04-07 09:52 PM
2376,2376,No-show,2024-08-13 07:28 AM
2377,2377,No-show,2024-04-10 09:52 PM
2378,2378,Completed,2024-07-17 02:47 AM
2379,2379,No-show,2024-04-20 04:05 PM
2380,2380,No-show,2024-04-11 06:01 AM
2381,2381,Cancelled,2024-08-23 12:12 AM
2382,2382,No-show,2024-07-29 11:11 AM
2383,2383,Completed,2024-06-07 05:30 PM
2384,2384,No-show,2024-02-28 11:39 PM
2385,2385,No-show,2024-06-25 06:04 PM
2386,2386,Cancelled,2024-08-27 04:17 PM
2387,2387,Cancelled,2024-09-12 08:19 PM
2388,2388,No-show,2024-07-15 10:34 PM
2389,2389,No-show,2024-08-22 05:53 AM
2390,2390,No-show,2024-05-08 01:01 PM
2391,2391,Cancelled,2024-02-21 06:57 PM
2392,2392,No-show,2024-07-13 08:34 PM
2393,2393,Cancelled,2024-05-18 01:22 PM
2394,2394,Cancelled,2024-06-06 07:53 PM
2395,2395,Completed,2024-05-11 02:41 AM
2396,2396,Cancelled,2024-03-22 08:01 PM
2397,2397,Completed,2024-05-19 11:55 PM
2398,2398,Cancelled,2024-08-07 12:26 PM
2399,2399,No-show,2024-08-16 05:38 PM
2400,2400,Completed,2024-08-13 03:46 AM
2401,2401,No-show,2024-07-29 05:02 AM
2402,2402,Cancelled,2024-05-06 04:32 AM
2403,2403,No-show,2024-04-05 08:21 PM
2404,2404,No-show,2024-06-24 07:19 AM
2405,2405,Completed,2024-03-28 10:26 PM
2406,2406,No-show,2024-01-30 12:11 PM
2407,2407,Cancelled,2024-08-12 03:21 PM
2408,2408,Cancelled,2024-02-05 10:27 PM
2409,2409,Cancelled,2024-05-08 04:38 PM
2410,2410,No-show,2024-09-04 07:47 PM
2411,2411,No-show,2024-08-07 04:04 AM
2412,2412,No-show,2024-08-22 11:48 AM
2413,2413,Cancelled,2024-01-04 10:21 PM
2414,2414,Completed,2024-02-29 01:58 PM
2415,2415,No-show,2024-06-17 06:04 AM
2416,2416,Completed,2024-07-29 11:55 PM
2417,2417,Cancelled,2024-01-21 03:39 PM
2418,2418,No-show,2024-07-20 08:25 AM
2419,2419,Cancelled,2024-09-12 06:28 AM
2420,2420,No-show,2024-05-31 10:09 AM
2421,2421,Completed,2024-08-25 03:37 PM
2422,2422,Cancelled,2024-03-25 04:34 AM
2423,2423,Completed,2024-09-17 04:52 AM
2424,2424,Cancelled,2024-01-04 01:18 PM
2425,2425,No-show,2024-04-30 10:20 AM
2426,2426,Completed,2024-07-30 10:14 AM
2427,2427,Cancelled,2024-09-17 06:46 AM
2428,2428,No-show,2024-02-17 02:44 PM
2429,2429,No-show,2024-03-12 01:29 AM
2430,2430,Cancelled,2024-02-01 06:43 PM
2431,2431,Completed,2024-04-10 08:36 AM
2432,2432,Completed,2024-06-13 04:44 AM
2433,2433,Cancelled,2024-01-15 10:24 PM
2434,2434,Completed,2024-02-11 02:17 AM
2435,2435,No-show,2024-07-05 11:42 PM
2436,2436,Cancelled,2024-05-04 01:28 AM
2437,2437,Cancelled,2024-03-06 05:25 AM
2438,2438,No-show,2024-01-21 10:16 AM
2439,2439,No-show,2024-05-06 01:33 PM
2440,2440,Cancelled,2024-02-24 10:24 AM
2441,2441,Cancelled,2024-07-22 04:43 PM
2442,2442,Cancelled,2024-09-10 02:50 PM
2443,2443,Completed,2024-03-06 11:37 AM
2444,2444,Cancelled,2024-08-02 06:51 PM
2445,2445,Cancelled,2024-06-30 03:24 AM
2446,2446,Cancelled,2024-05-03 06:34 AM
2447,2447,No-show,2024-06-14 11:17 AM
2448,2448,Completed,2024-02-03 01:16 PM
2449,2449,Cancelled,2024-03-02 05:12 PM
2450,2450,Cancelled,2024-07-01 06:51 AM
2451,2451,Cancelled,2024-03-08 01:59 AM
2452,2452,Cancelled,2024-06-25 03:50 PM
2453,2453,Cancelled,2024-03-25 05:14 PM
2454,2454,Completed,2024-09-14 12:55 AM
2455,2455,Completed,2024-06-03 05:36 PM
2456,2456,Completed,2024-03-11 04:00 AM
2457,2457,Cancelled,2024-07-27 01:48 AM
2458,2458,No-show,2024-01-14 02:00 AM
2459,2459,Cancelled,2024-08-11 06:25 AM
2460,2460,Completed,2024-07-17 07:33 PM
2461,2461,Cancelled,2024-02-29 07:29 PM
2462,2462,No-show,2024-07-31 04:53 AM
2463,2463,Cancelled,2024-07-24 08:03 PM
2464,2464,Completed,2024-09-24 03:17 PM
2465,2465,Completed,2024-01-24 03:22 PM
2466,2466,No-show,2024-04-14 06:40 AM
2467,2467,Cancelled,2024-03-02 04:02 PM
2468,2468,Completed,2024-08-21 09:57 AM
2469,2469,Cancelled,2024-06-25 08:48 PM
2470,2470,Completed,2024-09-09 01:54 PM
2471,2471,Cancelled,2024-07-13 01:46 PM
2472,2472,Completed,2024-09-09 02:24 PM
2473,2473,Completed,2024-04-07 07:21 PM
2474,2474,No-show,2024-08-31 11:36 AM
2475,2475,No-show,2024-08-03 12:49 AM
2476,2476,No-show,2024-02-21 02:43 PM
2477,2477,Cancelled,2024-09-04 06:47 PM
2478,2478,Completed,2024-03-04 09:57 PM
2479,2479,Cancelled,2024-08-30 12:55 AM
2480,2480,No-show,2024-08-29 01:10 PM
2481,2481,No-show,2024-09-25 12:06 AM
2482,2482,No-show,2024-01-28 08:29 AM
2483,2483,Completed,2024-02-10 05:15 AM
2484,2484,No-show,2024-01-21 08:25 AM
2485,2485,No-show,2024-06-17 07:42 AM
2486,2486,No-show,2024-05-20 11:10 AM
2487,2487,No-show,2024-03-04 08:43 PM
2488,2488,Completed,2024-09-23 08:43 AM
2489,2489,No-show,2024-02-27 11:32 AM
2490,2490,Completed,2024-04-12 03:56 AM
2491,2491,Completed,2024-04-30 03:20 PM
2492,2492,No-show,2024-06-17 06:26 AM
2493,2493,Cancelled,2024-03-07 04:53 PM
2494,2494,No-show,2024-07-31 03:42 PM
2495,2495,No-show,2024-02-19 06:40 AM
2496,2496,Completed,2024-07-19 08:48 PM
2497,2497,No-show,2024-06-10 07:35 AM
2498,2498,No-show,2024-07-10 11:04 AM
2499,2499,Cancelled,2024-04-28 12:30 AM
2500,2500,Completed,2024-05-01 04:39 PM
2501,2501,Cancelled,2024-03-18 08:32 AM
2502,2502,Cancelled,2024-03-06 07:46 AM
2503,2503,Cancelled,2024-09-02 07:27 PM
2504,2504,Completed,2024-01-15 12:12 PM
2505,2505,No-show,2024-05-26 02:10 AM
2506,2506,No-show,2024-08-16 05:14 AM
2507,2507,Cancelled,2024-09-22 12:42 AM
2508,2508,No-show,2024-04-09 02:45 AM
2509,2509,Cancelled,2024-06-16 12:08 AM
2510,2510,No-show,2024-04-07 09:56 AM
2511,2511,Cancelled,2024-05-08 09:54 PM
2512,2512,Cancelled,2024-02-04 10:31 AM
2513,2513,No-show,2024-06-17 02:54 AM
2514,2514,Cancelled,2024-08-10 12:20 AM
2515,2515,Cancelled,2024-09-24 08:57 PM
2516,2516,Cancelled,2024-07-10 03:24 PM
2517,2517,Completed,2024-09-23 03:13 AM
2518,2518,No-show,2024-03-09 03:45 PM
2519,2519,No-show,2024-06-12 03:46 AM
2520,2520,Completed,2024-07-23 10:03 AM
2521,2521,Cancelled,2024-06-05 01:19 PM
2522,2522,Cancelled,2024-04-04 03:01 AM
2523,2523,No-show,2024-05-03 12:32 AM
2524,2524,Cancelled,2024-06-16 09:23 PM
2525,2525,No-show,2024-01-04 02:53 AM
2526,2526,Completed,2024-06-30 05:32 AM
2527,2527,Cancelled,2024-03-09 05:12 AM
2528,2528,No-show,2024-04-20 02:09 PM
2529,2529,No-show,2024-03-14 09:06 PM
2530,2530,Cancelled,2024-07-25 02:39 PM
2531,2531,Cancelled,2024-05-31 06:48 PM
2532,2532,Cancelled,2024-08-05 02:37 AM
2533,2533,No-show,2024-01-09 10:28 PM
2534,2534,Cancelled,2024-01-19 10:55 AM
2535,2535,No-show,2024-01-08 10:15 AM
2536,2536,No-show,2024-05-26 12:40 PM
2537,2537,No-show,2024-09-12 10:10 AM
2538,2538,No-show,2024-08-07 03:41 AM
2539,2539,Cancelled,2024-01-16 12:02 AM
2540,2540,No-show,2024-05-07 08:49 PM
2541,2541,No-show,2024-09-24 03:13 AM
2542,2542,No-show,2024-07-30 08:41 AM
2543,2543,Completed,2024-04-13 03:24 AM
2544,2544,Cancelled,2024-06-07 10:57 PM
2545,2545,Cancelled,2024-04-13 12:55 AM
2546,2546,No-show,2024-04-20 08:25 AM
2547,2547,Cancelled,2024-02-15 07:00 AM
2548,2548,Completed,2024-07-16 11:20 AM
2549,2549,No-show,2024-05-16 03:40 PM
2550,2550,No-show,2024-01-12 12:16 AM
2551,2551,Completed,2024-08-18 09:25 AM
2552,2552,Completed,2024-05-09 02:03 PM
2553,2553,Completed,2024-02-18 02:35 AM
2554,2554,Completed,2024-06-21 12:59 AM
2555,2555,No-show,2024-09-04 08:44 AM
2556,2556,Cancelled,2024-07-24 10:57 AM
2557,2557,No-show,2024-01-16 06:10 AM
2558,2558,No-show,2024-04-08 11:43 AM
2559,2559,Cancelled,2024-06-06 07:40 PM
2560,2560,Cancelled,2024-04-05 01:41 AM
2561,2561,No-show,2024-02-05 10:31 AM
2562,2562,No-show,2024-08-16 09:59 PM
2563,2563,No-show,2024-03-09 09:09 AM
2564,2564,Cancelled,2024-03-15 01:01 PM
2565,2565,No-show,2024-08-04 04:01 PM
2566,2566,Cancelled,2024-08-22 08:21 AM
2567,2567,Cancelled,2024-04-17 04:58 PM
2568,2568,No-show,2024-08-20 06:28 AM
2569,2569,No-show,2024-07-15 07:46 AM
2570,2570,No-show,2024-01-07 09:05 AM
2571,2571,Cancelled,2024-06-21 09:10 PM
2572,2572,Completed,2024-09-10 10:24 PM
2573,2573,No-show,2024-03-04 05:44 PM
2574,2574,Cancelled,2024-06-11 06:54 PM
2575,2575,Completed,2024-09-14 10:29 AM
2576,2576,Cancelled,2024-06-26 01:51 AM
2577,2577,Completed,2024-03-01 06:38 PM
2578,2578,Completed,2024-08-23 06:27 AM
2579,2579,Cancelled,2024-09-04 09:31 PM
2580,2580,Cancelled,2024-07-14 08:34 PM
2581,2581,Cancelled,2024-04-06 11:08 AM
2582,2582,No-show,2024-09-14 08:48 AM
2583,2583,Completed,2024-07-03 08:05 PM
2584,2584,Cancelled,2024-06-07 01:40 AM
2585,2585,Cancelled,2024-04-26 08:40 AM
2586,2586,No-show,2024-04-03 01:54 AM
2587,2587,No-show,2024-07-09 01:44 PM
2588,2588,Completed,2024-03-06 05:32 AM
2589,2589,Cancelled,2024-02-04 05:36 AM
2590,2590,Completed,2024-09-13 02:48 PM
2591,2591,Cancelled,2024-07-30 08:10 PM
2592,2592,No-show,2024-04-09 09:31 AM
2593,2593,Completed,2024-01-03 01:18 AM
2594,2594,Cancelled,2024-08-28 10:32 AM
2595,2595,Completed,2024-02-29 12:31 AM
2596,2596,Cancelled,2024-08-23 08:41 AM
2597,2597,Cancelled,2024-04-23 07:02 AM
2598,2598,Completed,2024-06-28 02:07 PM
2599,2599,Completed,2024-03-04 10:51 PM
2600,2600,Cancelled,2024-05-21 05:19 PM
2601,2601,No-show,2024-01-07 05:47 PM
2602,2602,No-show,2024-02-03 02:39 PM
2603,2603,Completed,2024-07-19 09:06 PM
2604,2604,Cancelled,2024-02-20 05:35 AM
2605,2605,Cancelled,2024-07-15 12:46 AM
2606,2606,Completed,2024-01-12 09:14 PM
2607,2607,No-show,2024-01-12 06:55 AM
2608,2608,Cancelled,2024-04-28 02:02 AM
2609,2609,Completed,2024-08-13 10:15 AM
2610,2610,Cancelled,2024-06-22 12:41 PM
2611,2611,No-show,2024-05-13 06:16 AM
2612,2612,Cancelled,2024-04-11 03:27 PM
2613,2613,Completed,2024-06-21 03:50 AM
2614,2614,Cancelled,2024-01-15 05:34 AM
2615,2615,No-show,2024-03-21 11:16 PM
2616,2616,Completed,2024-05-26 07:57 AM
2617,2617,No-show,2024-06-24 01:44 PM
2618,2618,No-show,2024-07-15 06:24 AM
2619,2619,Completed,2024-03-18 01:48 PM
2620,2620,Completed,2024-03-18 03:52 PM
2621,2621,Completed,2024-09-20 01:19 AM
2622,2622,Completed,2024-04-14 11:53 PM
2623,2623,No-show,2024-04-17 08:08 AM
2624,2624,Cancelled,2024-02-06 08:15 PM
2625,2625,Completed,2024-09-13 09:20 PM
2626,2626,Cancelled,2024-08-19 03:24 PM
2627,2627,No-show,2024-07-31 08:49 AM
2628,2628,No-show,2024-08-05 07:27 AM
2629,2629,Cancelled,2024-07-23 02:21 AM
2630,2630,No-show,2024-07-28 03:36 PM
2631,2631,Completed,2024-05-17 02:06 PM
2632,2632,Completed,2024-03-22 05:21 PM
2633,2633,Cancelled,2024-08-20 02:22 PM
2634,2634,Completed,2024-07-05 02:03 AM
2635,2635,No-show,2024-02-05 03:24 PM
2636,2636,Cancelled,2024-07-12 03:10 AM
2637,2637,No-show,2024-06-30 02:14 PM
2638,2638,No-show,2024-08-05 11:27 AM
2639,2639,No-show,2024-08-02 01:57 PM
2640,2640,Cancelled,2024-09-11 12:47 AM
2641,2641,Cancelled,2024-06-27 10:19 AM
2642,2642,Completed,2024-01-14 12:53 PM
2643,2643,No-show,2024-04-11 09:40 AM
2644,2644,No-show,2024-05-28 03:08 PM
2645,2645,No-show,2024-07-19 02:19 AM
2646,2646,Completed,2024-03-06 07:58 PM
2647,2647,No-show,2024-02-02 02:07 PM
2648,2648,No-show,2024-06-05 07:55 PM
2649,2649,No-show,2024-03-06 03:30 AM
2650,2650,Completed,2024-07-07 04:03 AM
2651,2651,Completed,2024-07-25 11:36 PM
2652,2652,Cancelled,2024-01-16 07:55 AM
2653,2653,Cancelled,2024-01-15 10:30 PM
2654,2654,No-show,2024-09-14 12:14 AM
2655,2655,Cancelled,2024-08-01 05:46 AM
2656,2656,Cancelled,2024-09-16 12:12 PM
2657,2657,No-show,2024-04-14 07:25 AM
2658,2658,No-show,2024-04-07 05:31 PM
2659,2659,No-show,2024-05-11 06:37 AM
2660,2660,Cancelled,2024-02-03 02:34 AM
2661,2661,Cancelled,2024-01-26 03:13 AM
2662,2662,Completed,2024-05-07 04:43 PM
2663,2663,Completed,2024-01-17 09:56 AM
2664,2664,Cancelled,2024-09-11 12:14 AM
2665,2665,Cancelled,2024-03-05 04:52 AM
2666,2666,Cancelled,2024-02-05 12:01 AM
2667,2667,No-show,2024-09-10 07:10 PM
2668,2668,No-show,2024-08-21 08:31 AM
2669,2669,Cancelled,2024-07-16 11:10 AM
2670,2670,Completed,2024-01-28 05:14 AM
2671,2671,No-show,2024-08-09 08:52 PM
2672,2672,Completed,2024-09-20 04:53 PM
2673,2673,Cancelled,2024-07-03 04:52 PM
2674,2674,No-show,2024-05-02 04:51 PM
2675,2675,No-show,2024-08-12 08:37 PM
2676,2676,No-show,2024-08-14 01:54 PM
2677,2677,Cancelled,2024-07-14 07:55 AM
2678,2678,Cancelled,2024-07-04 11:58 AM
2679,2679,Cancelled,2024-03-15 08:05 AM
2680,2680,Cancelled,2024-03-22 03:22 PM
2681,2681,Completed,2024-05-24 01:22 AM
2682,2682,Cancelled,2024-08-02 10:15 AM
2683,2683,Cancelled,2024-01-03 05:59 PM
2684,2684,Completed,2024-04-20 02:05 AM
2685,2685,No-show,2024-05-08 08:47 PM
2686,2686,No-show,2024-04-03 03:15 PM
2687,2687,Cancelled,2024-09-24 08:56 PM
2688,2688,No-show,2024-01-28 09:02 AM
2689,2689,Cancelled,2024-04-09 08:00 AM
2690,2690,No-show,2024-03-27 07:52 AM
2691,2691,No-show,2024-07-22 09:58 AM
2692,2692,No-show,2024-07-09 05:24 PM
2693,2693,Cancelled,2024-03-21 07:02 AM
2694,2694,Completed,2024-05-04 06:58 PM
2695,2695,Cancelled,2024-09-02 03:37 AM
2696,2696,No-show,2024-05-21 06:39 PM
2697,2697,Cancelled,2024-09-16 10:25 PM
2698,2698,Completed,2024-07-29 07:41 PM
2699,2699,Cancelled,2024-09-15 01:57 AM
2700,2700,No-show,2024-03-15 01:38 PM
2701,2701,Cancelled,2024-09-17 08:42 AM
2702,2702,No-show,2024-02-10 11:38 AM
2703,2703,Cancelled,2024-07-25 05:35 AM
2704,2704,Completed,2024-01-04 11:37 PM
2705,2705,Cancelled,2024-06-04 09:42 PM
2706,2706,No-show,2024-07-05 07:02 PM
2707,2707,Completed,2024-06-19 11:30 PM
2708,2708,Completed,2024-08-15 07:13 AM
2709,2709,No-show,2024-08-14 06:20 AM
2710,2710,Completed,2024-02-10 10:20 PM
2711,2711,Cancelled,2024-01-09 10:28 AM
2712,2712,Cancelled,2024-03-07 03:02 AM
2713,2713,Completed,2024-06-29 08:01 PM
2714,2714,Completed,2024-04-18 08:33 AM
2715,2715,No-show,2024-06-10 11:41 PM
2716,2716,Cancelled,2024-05-30 10:29 PM
2717,2717,No-show,2024-04-27 05:42 AM
2718,2718,No-show,2024-01-10 08:21 AM
2719,2719,Completed,2024-05-05 07:51 AM
2720,2720,Cancelled,2024-07-20 11:13 AM
2721,2721,Completed,2024-05-03 11:10 PM
2722,2722,Cancelled,2024-09-15 04:26 PM
2723,2723,No-show,2024-03-16 04:27 AM
2724,2724,No-show,2024-07-18 10:23 AM
2725,2725,Cancelled,2024-08-09 03:59 AM
2726,2726,No-show,2024-09-06 07:42 PM
2727,2727,Completed,2024-06-28 08:03 AM
2728,2728,Cancelled,2024-06-20 09:45 PM
2729,2729,Completed,2024-04-11 09:52 AM
2730,2730,Completed,2024-05-11 12:48 AM
2731,2731,No-show,2024-03-20 02:30 PM
2732,2732,No-show,2024-09-19 10:40 PM
2733,2733,Cancelled,2024-09-15 05:49 PM
2734,2734,Completed,2024-08-14 04:46 AM
2735,2735,Completed,2024-05-21 09:47 PM
2736,2736,Cancelled,2024-01-07 03:39 AM
2737,2737,Completed,2024-04-25 04:06 PM
2738,2738,No-show,2024-07-25 09:05 PM
2739,2739,No-show,2024-02-22 03:49 PM
2740,2740,No-show,2024-04-22 12:01 AM
2741,2741,Cancelled,2024-05-11 01:54 PM
2742,2742,Completed,2024-05-04 10:16 AM
2743,2743,Cancelled,2024-07-27 03:03 PM
2744,2744,Cancelled,2024-06-13 02:26 PM
2745,2745,Completed,2024-01-09 06:22 AM
2746,2746,Completed,2024-08-17 03:51 PM
2747,2747,Completed,2024-08-01 10:55 AM
2748,2748,Completed,2024-07-08 04:01 PM
2749,2749,Cancelled,2024-09-20 10:40 AM
2750,2750,No-show,2024-03-08 06:57 AM
2751,2751,No-show,2024-04-06 01:48 AM
2752,2752,No-show,2024-08-03 08:38 PM
2753,2753,Cancelled,2024-03-31 05:02 PM
2754,2754,Completed,2024-08-06 04:10 AM
2755,2755,Completed,2024-05-17 01:03 PM
2756,2756,No-show,2024-06-13 11:46 PM
2757,2757,Cancelled,2024-09-16 03:05 AM
2758,2758,Completed,2024-06-03 06:11 PM
2759,2759,No-show,2024-07-05 10:20 AM
2760,2760,Completed,2024-04-27 08:12 PM
2761,2761,Completed,2024-06-20 07:57 PM
2762,2762,Completed,2024-03-28 10:13 PM
2763,2763,Completed,2024-04-28 06:27 PM
2764,2764,Cancelled,2024-05-31 09:47 PM
2765,2765,No-show,2024-01-30 12:33 AM
2766,2766,Cancelled,2024-07-15 02:04 AM
2767,2767,Cancelled,2024-07-15 01:11 PM
2768,2768,Completed,2024-07-29 06:13 AM
2769,2769,No-show,2024-01-26 04:33 PM
2770,2770,Cancelled,2024-02-27 07:10 PM
2771,2771,Completed,2024-01-17 03:46 AM
2772,2772,Completed,2024-02-15 04:43 AM
2773,2773,No-show,2024-01-12 01:28 PM
2774,2774,No-show,2024-04-28 08:12 PM
2775,2775,Completed,2024-04-06 05:37 PM
2776,2776,No-show,2024-03-20 12:43 PM
2777,2777,Completed,2024-03-23 04:38 PM
2778,2778,Completed,2024-04-08 06:14 PM
2779,2779,Completed,2024-01-14 01:08 AM
2780,2780,Completed,2024-04-08 01:20 AM
2781,2781,No-show,2024-04-16 03:27 PM
2782,2782,Completed,2024-05-12 01:19 PM
2783,2783,No-show,2024-05-27 03:53 AM
2784,2784,Cancelled,2024-08-16 12:33 PM
2785,2785,Completed,2024-01-09 09:23 PM
2786,2786,Completed,2024-06-02 11:56 PM
2787,2787,Cancelled,2024-07-10 09:04 PM
2788,2788,Completed,2024-08-28 09:39 PM
2789,2789,No-show,2024-04-06 02:59 AM
2790,2790,Cancelled,2024-07-08 06:41 PM
2791,2791,Completed,2024-08-28 07:45 AM
2792,2792,Cancelled,2024-01-13 04:02 PM
2793,2793,No-show,2024-01-07 07:38 PM
2794,2794,No-show,2024-07-17 01:59 AM
2795,2795,Cancelled,2024-06-16 01:00 AM
2796,2796,Completed,2024-01-05 05:50 AM
2797,2797,Completed,2024-09-11 05:08 PM
2798,2798,No-show,2024-08-12 03:52 PM
2799,2799,Cancelled,2024-03-31 03:50 AM
2800,2800,Cancelled,2024-01-15 11:28 PM
2801,2801,No-show,2024-08-03 02:18 AM
2802,2802,Completed,2024-01-28 05:39 PM
2803,2803,Completed,2024-07-31 03:30 PM
2804,2804,Completed,2024-02-12 02:46 AM
2805,2805,No-show,2024-01-29 10:26 PM
2806,2806,Completed,2024-08-28 09:11 PM
2807,2807,Completed,2024-08-31 02:57 AM
2808,2808,Completed,2024-09-14 02:00 PM
2809,2809,Cancelled,2024-02-14 12:23 PM
2810,2810,No-show,2024-04-28 05:51 AM
2811,2811,Completed,2024-08-06 11:12 AM
2812,2812,Cancelled,2024-08-27 12:21 AM
2813,2813,No-show,2024-02-19 03:14 PM
2814,2814,Cancelled,2024-02-16 07:13 AM
2815,2815,Cancelled,2024-08-06 02:39 AM
2816,2816,Cancelled,2024-07-20 08:30 PM
2817,2817,No-show,2024-02-24 01:00 PM
2818,2818,No-show,2024-02-03 04:57 PM
2819,2819,No-show,2024-06-10 04:41 AM
2820,2820,Cancelled,2024-05-11 07:40 PM
2821,2821,Completed,2024-08-10 07:27 PM
2822,2822,No-show,2024-07-21 05:26 AM
2823,2823,Completed,2024-01-17 02:23 PM
2824,2824,No-show,2024-08-11 12:11 AM
2825,2825,Cancelled,2024-06-07 11:34 AM
2826,2826,Cancelled,2024-08-09 06:30 AM
2827,2827,Cancelled,2024-02-28 07:05 AM
2828,2828,Cancelled,2024-08-30 02:11 PM
2829,2829,Completed,2024-05-15 10:27 AM
2830,2830,No-show,2024-02-04 03:57 PM
2831,2831,Completed,2024-06-22 06:06 PM
2832,2832,No-show,2024-01-15 07:53 AM
2833,2833,No-show,2024-06-18 12:50 AM
2834,2834,Cancelled,2024-09-22 08:27 AM
2835,2835,Cancelled,2024-01-29 01:08 AM
2836,2836,Completed,2024-08-08 03:51 AM
2837,2837,Completed,2024-04-09 02:13 AM
2838,2838,No-show,2024-07-21 09:06 PM
2839,2839,Completed,2024-09-01 07:00 AM
2840,2840,Cancelled,2024-01-02 08:37 PM
2841,2841,No-show,2024-08-20 11:02 PM
2842,2842,Cancelled,2024-04-06 07:33 AM
2843,2843,Completed,2024-07-31 02:42 PM
2844,2844,Completed,2024-01-14 11:07 PM
2845,2845,Cancelled,2024-09-07 12:09 PM
2846,2846,Cancelled,2024-09-05 07:25 PM
2847,2847,No-show,2024-04-07 05:19 PM
2848,2848,No-show,2024-02-19 12:05 PM
2849,2849,Cancelled,2024-03-25 05:15 AM
2850,2850,Cancelled,2024-04-18 06:24 AM
2851,2851,Cancelled,2024-02-28 06:46 PM
2852,2852,No-show,2024-06-29 02:46 AM
2853,2853,No-show,2024-08-19 09:13 AM
2854,2854,Cancelled,2024-08-25 11:09 AM
2855,2855,Cancelled,2024-04-16 07:44 PM
2856,2856,No-show,2024-09-04 12:05 PM
2857,2857,No-show,2024-09-20 03:17 PM
2858,2858,Cancelled,2024-01-04 10:54 PM
2859,2859,No-show,2024-05-20 03:50 PM
2860,2860,No-show,2024-03-08 04:18 AM
2861,2861,No-show,2024-09-16 05:18 AM
2862,2862,No-show,2024-04-03 05:25 AM
2863,2863,Cancelled,2024-07-04 03:33 PM
2864,2864,Completed,2024-05-08 01:56 PM
2865,2865,Completed,2024-09-12 06:58 PM
2866,2866,No-show,2024-03-23 06:54 PM
2867,2867,Completed,2024-09-03 01:25 PM
2868,2868,No-show,2024-01-13 04:59 AM
2869,2869,Cancelled,2024-08-26 09:54 PM
2870,2870,Completed,2024-06-25 02:06 PM
2871,2871,Cancelled,2024-08-13 06:10 PM
2872,2872,Cancelled,2024-03-27 01:32 AM
2873,2873,Cancelled,2024-06-23 01:57 PM
2874,2874,Completed,2024-02-03 03:17 AM
2875,2875,No-show,2024-07-25 08:48 PM
2876,2876,No-show,2024-05-08 10:46 AM
2877,2877,Completed,2024-07-13 03:22 AM
2878,2878,Completed,2024-09-21 11:08 PM
2879,2879,Cancelled,2024-01-09 08:35 AM
2880,2880,No-show,2024-01-19 05:38 PM
2881,2881,No-show,2024-04-06 12:30 AM
2882,2882,Cancelled,2024-09-07 04:22 PM
2883,2883,Completed,2024-04-01 03:02 AM
2884,2884,No-show,2024-03-25 08:34 AM
2885,2885,Cancelled,2024-01-16 10:14 PM
2886,2886,Completed,2024-08-10 12:23 PM
2887,2887,No-show,2024-01-10 11:17 PM
2888,2888,No-show,2024-06-04 12:47 AM
2889,2889,Completed,2024-08-04 03:42 PM
2890,2890,Completed,2024-07-16 05:40 AM
2891,2891,Completed,2024-05-24 11:46 PM
2892,2892,Completed,2024-02-01 12:09 PM
2893,2893,Completed,2024-06-28 03:22 PM
2894,2894,No-show,2024-09-08 08:56 AM
2895,2895,Completed,2024-06-11 06:55 PM
2896,2896,Cancelled,2024-09-11 08:24 PM
2897,2897,Cancelled,2024-07-22 12:07 AM
2898,2898,No-show,2024-01-03 09:12 AM
2899,2899,Cancelled,2024-07-01 03:10 PM
