customer_id,first_name,last_name,email,phone_number,address,city,country,created_at
1,Christopher,Dorsey,darryl16@example.org,+1-205-812-3425,"44888 Lara Row Suite 759
Valenciaborough, NM 06134",Wheelerbury,Turks and Caicos Islands,2024-08-09 21:02
2,Anthony,Ibarra,oschwartz@example.net,+1-937-418-1006,"08439 Danielle Drive
Jonathanburgh, NE 89542",East James,Nigeria,2024-06-12 10:41
3,Edward,Watts,gford@example.net,7075326246,"159 Amanda Radial
East Johnport, WA 81526",Lake Ashleyburgh,Moldova,2024-08-11 20:49
4,Virginia,Velez,sara19@example.com,3688427973,"6622 Kathleen Union Suite 401
Gainesmouth, MH 83031",Lake Angelaberg,Cuba,2024-04-16 20:30
5,Ashley,Weber,scurry@example.net,8836179081,"Unit 3182 Box 7655
DPO AA 03891",Jenniferville,Austria,2024-06-25 15:29
6,Rebecca,Kennedy,eellis@example.com,558460-3783,"5597 Shaffer Motorway Apt. 157
Palmerchester, DE 74114",Mcintyreborough,France,2024-03-06 02:10
7,Billy,Holmes,chadgibson@example.org,4007929545,"261 Bell Mills Suite 695
New Scottshire, VI 30095",South Allisonhaven,France,2024-07-23 18:11
8,Whitney,Valencia,gwilson@example.net,305-488-0654,"9058 Evans Flats Suite 430
New Robertview, RI 34213",South Jasmin,Malawi,2024-02-07 12:02
9,Nicholas,Jones,justin30@example.net,001-545-805-6118,"509 Blake Walks Suite 848
Smithmouth, NY 21467",Brittanyfurt,Heard Island and McDonald Islands,2024-03-07 15:33
10,Jessica,Waters,kimberlyross@example.com,395-585-4914,"6726 Green Center Suite 067
North Sheila, OR 20783",West Daniel,Montenegro,2024-05-13 07:03
11,Danielle,Hall,castillobradley@example.org,3492801010,"3182 Day Viaduct
Sampsonchester, MN 79416",East Kevin,Korea,2024-08-20 23:28
12,Kevin,Hill,amber94@example.net,799-827-9758,"613 Wright Islands
West Mauriceville, NH 44409",Marissamouth,Guinea,2024-06-05 23:56
13,Traci,Hernandez,zoe84@example.com,+1-938-868-8908,"82685 Bradley Place Suite 300
New Ashley, CO 98272",Matthewtown,Congo,2024-02-04 11:20
14,Amanda,Hayes,alexis19@example.net,858-749-0778,"773 Young Groves Apt. 637
Gallowayport, ME 74477",Perryfurt,Faroe Islands,2024-03-04 07:47
15,Kaitlyn,Drake,thompsonchad@example.com,001-254-343-4166,"Unit 2298 Box 3620
DPO AP 16072",Murphychester,Kyrgyz Republic,2024-02-19 20:10
16,Robin,Stewart,psmith@example.com,+1-927-902-3339,"87241 Garcia Divide Suite 283
Lake Michellestad, NJ 80368",Debbieborough,Tuvalu,2024-05-31 09:39
17,Rachael,Lopez,walkeredward@example.net,001-913-834-5922,"901 Wilson Wall Apt. 886
New Josephport, FM 30015",Alexanderfort,Estonia,2024-01-26 15:22
18,Patrick,Davenport,william62@example.net,4132592776,"11478 Anderson Underpass
Phelpsland, FM 59680",Lake Sarah,Brunei Darussalam,2024-08-30 11:51
19,Shawn,Murray,samuel17@example.net,8224443516,"0082 Chaney Freeway
Stewarthaven, AZ 46104",Nguyenborough,Peru,2024-02-27 11:21
20,Tommy,Garcia,thomasjohn@example.org,5158988696,"74338 Morrow Cape
East Wesleyton, MP 95084",New Michaelberg,Andorra,2024-07-11 07:51
21,Nicole,Griffin,tonyawatson@example.org,377-686-1716,"983 Sanchez Shoals
Martinezhaven, NJ 78364",Jonathanport,Andorra,2024-01-11 13:13
22,Christopher,Davis,thomasmathis@example.org,9536149767,"92217 Banks Hills Apt. 669
North Robert, MA 44335",Michellehaven,Guernsey,2024-09-01 02:56
23,Lori,Williams,bergercarrie@example.net,9769771820,"USS Rodriguez
FPO AE 09905",Beckerberg,Panama,2024-09-03 15:31
24,Cynthia,Brown,isaiah05@example.org,697467-0368,"4647 George Corner
North Bradley, OR 53129",North Johnport,Greece,2024-06-03 19:48
25,Timothy,Walker,steven15@example.net,691419-0833,"307 Rhodes Run
Sharonville, DC 57038",Lake Karen,India,2024-05-06 14:42
26,Kristi,Potter,miguel60@example.org,001-203-941-4378,"USNV Sanchez
FPO AA 62454",Lake Williamhaven,Costa Rica,2024-09-02 03:25
27,Kayla,Miller,jonesmartin@example.net,2092345057,"4239 Ross Trail
South Michellechester, MH 30587",North Mercedesmouth,United States Virgin Islands,2024-06-26 14:50
28,Amber,Robinson,brooke35@example.com,881-710-1260,"582 Lynn Trail
South Jeanne, OR 67647",Whiteland,Chile,2024-06-23 06:16
29,Connie,Hoffman,reyesbrian@example.net,896386-6146,"PSC 4185, Box 2130
APO AE 29064",Millerberg,Greenland,2024-02-10 11:16
30,Melanie,Spencer,elizabeth46@example.org,648797-1531,"1662 Clark Coves
Kaylachester, SC 10739",Port Erin,Estonia,2024-01-31 15:15
31,Jack,Wilson,kelseykennedy@example.org,612-667-1143,"8936 Judy Gardens
Lake Richardchester, SC 67599",New Carmen,Central African Republic,2024-05-10 19:55
32,Kimberly,Pope,andrew37@example.org,3974942405,"33283 Holt Flat Apt. 469
Lewisside, WV 84227",Kimberlyville,Cameroon,2024-03-29 16:37
33,Stephanie,Phillips,harrisanthony@example.com,4178468589,"10240 Kelly Burg
Wayneborough, IL 93659",West Joshua,Saudi Arabia,2024-06-29 17:44
34,Jonathan,Cole,heather60@example.com,7099758945,"0633 Graves Views Suite 327
Dannyfurt, OK 72285",New Melissa,Uganda,2024-05-21 12:36
35,Jeffrey,Erickson,diana07@example.com,-5768,"572 Mike Ferry
Davidland, KS 00526",Lake Davidville,South Africa,2024-07-16 23:00
36,Beverly,Parrish,pateljacob@example.net,001-323-799-9575,"USCGC Mckee
FPO AP 53942",Davisberg,Spain,2024-07-26 04:37
37,Elizabeth,Chavez,frank15@example.net,+1-424-563-8643,"718 Christopher Plain Apt. 837
West Marcus, LA 09629",Kimberlyborough,American Samoa,2024-08-09 05:27
38,Jennifer,Bowers,bjacobs@example.net,945-818-0148,"PSC 8065, Box 3872
APO AA 25254",South Derek,Belgium,2024-05-07 02:41
39,Lauren,Harvey,krystal40@example.org,001-496-999-4431,"313 Hernandez Mountain
South Hectorview, GA 10001",New Jessica,Mozambique,2024-06-26 11:09
40,Douglas,Dean,jessica67@example.net,7825097162,"6670 White Union
Theresaborough, WY 76211",Ianborough,Antarctica (the territory South of 60 deg S),2024-07-03 13:59
41,Jamie,Johnson,porteralicia@example.com,6607016369,"6234 Cardenas Inlet
Howardburgh, SD 47302",Farrellhaven,South Georgia and the South Sandwich Islands,2024-02-28 14:39
42,Justin,Cunningham,tranfrank@example.org,7396954371,"06798 Ortiz Cove
Sierraberg, DC 60337",Michellemouth,Bulgaria,2024-08-09 16:10
43,Patricia,Rhodes,willisjonathan@example.net,3702964505,"89573 Monica Mall Apt. 813
South Pamela, FM 61092",Smithbury,Belarus,2024-06-13 17:41
44,Zachary,Everett,susanyang@example.net,582280-7425,"44603 Roberts Bridge Apt. 921
Duranberg, NY 22357",Lake Georgeshire,Costa Rica,2024-07-14 14:21
45,Jeremy,Lara,lewischristina@example.com,3226235658,"9013 Sharon Mews
South Anthony, NY 66035",Joseborough,Bulgaria,2024-07-09 19:28
46,Jason,Robbins,starkricardo@example.org,7063662972,"0508 Roger Greens Suite 244
New Matthewtown, VA 86954",Velezstad,Netherlands Antilles,2024-03-01 19:38
47,Janice,Thompson,jonathanmoody@example.net,-5753,"045 Meyer Fort Apt. 090
Lake Sabrinaview, CA 42536",East Donna,Algeria,2024-09-21 17:09
48,Cindy,Clark,michael46@example.com,2746394627,"1686 Nicholson Cliff
Mitchellview, VA 74469",Harrisfort,Afghanistan,2024-09-06 17:01
49,Henry,Vaughn,patrick31@example.com,+1-956-581-3050,"628 Carla Key Apt. 251
New Ian, AS 68074",West Melissaberg,Nigeria,2024-06-19 07:34
50,Debra,Pena,rodneythompson@example.org,778365-7780,"PSC 3285, Box 9098
APO AP 73799",Mollyview,Morocco,2024-02-02 23:42
51,Michael,Mitchell,andrewgibson@example.com,001-656-677-2184,"1981 Hunt Pine Apt. 623
Brittanyborough, GA 93550",West Stephanieberg,Gabon,2024-07-04 15:34
52,Joseph,Frederick,stephenpeterson@example.net,001-372-813-6817,"659 Brandon Plain Suite 147
Lake Jodyview, VI 04431",Lake Raymondburgh,Bosnia and Herzegovina,2024-04-20 22:09
53,Michael,Osborne,heather11@example.com,971641-3086,"503 Taylor Trail Apt. 484
Carlsonshire, DC 69011",Heatherfurt,Svalbard & Jan Mayen Islands,2024-09-14 16:09
54,Curtis,Franklin,brian86@example.net,2416239586,"329 Williams Ramp Suite 565
Port Gregoryhaven, WI 50095",New Jack,Switzerland,2024-02-08 00:20
55,Brandon,Smith,aray@example.net,+1-329-999-3234,"3891 Wright Trail
Amandafurt, MP 44052",Leeton,Samoa,2024-07-20 00:47
56,Joseph,Ortiz,kpeterson@example.com,626-695-4052,"644 Johnston Cliff
Woodardview, PR 32265",North Justinstad,Greenland,2024-04-02 00:27
57,April,Guerra,pateljesse@example.com,4057133039,"63943 Matthew Mews
Terrellmouth, UT 61782",New Brandon,Fiji,2024-05-19 06:37
58,Anna,Barton,david69@example.com,2846427108,"763 Michael Gardens
Adamsville, MA 53567",Jenniferview,Egypt,2024-08-08 09:34
59,Tammy,Patterson,wmunoz@example.org,3113180992,"9705 Jason Oval Suite 719
Port Daniel, OH 81790",Robertsland,Singapore,2024-07-28 11:35
60,Phyllis,Thompson,ryanrogers@example.com,6269901218,"38501 Daniel Mall Suite 389
Jennifershire, NJ 68215",Mcgrathmouth,Tokelau,2024-08-11 23:24
61,Michael,French,sparksmelissa@example.org,-3929,"22245 Bruce Glens
North Stephanie, IL 31818",Lake Sierraburgh,Guatemala,2024-07-31 11:34
62,Susan,Deleon,jose12@example.net,245563-3871,"083 Jennifer Plains
Ambertown, AK 18383",Jonestown,Saint Kitts and Nevis,2024-03-13 04:18
63,Alexander,Farmer,perkinsray@example.org,-6559,"76463 Nicholas Summit
Smithport, PR 56624",Priceborough,Comoros,2024-01-12 04:07
64,Elizabeth,Gutierrez,rkaiser@example.net,4114890337,"0221 Nelson Crossing
Port Melissaborough, NE 40477",East Stephanieborough,Mali,2024-08-09 23:00
65,Ashley,Matthews,lindaobrien@example.net,3425639727,"768 Gabriel Flats
Norrisstad, DC 64117",Port Marytown,Guam,2024-03-01 20:46
66,Jeanette,Best,jcochran@example.net,+1-285-366-6671,"USS Black
FPO AE 04666",Port Paulamouth,French Polynesia,2024-03-10 23:29
67,Daniel,Reynolds,charles79@example.com,453-405-2895,"5919 Michael Garden
North Melindamouth, OH 97739",Lake Danielfort,Maldives,2024-08-13 07:35
68,Melissa,Daniels,xjones@example.net,9592109162,"0507 Martin Field
South Jimmouth, NJ 28016",Sarahshire,Poland,2024-04-05 13:39
69,Gregory,Hines,yanderson@example.net,4683565432,"464 Butler Ridge
Huntchester, FL 66575",West Paulfort,Myanmar,2024-01-13 08:57
70,Lisa,Schmidt,keithgarcia@example.com,480-981-4541,"2685 Sarah Fall Apt. 246
Kerrton, NV 70344",New Angela,Belgium,2024-01-27 02:07
71,Denise,Cruz,websterrichard@example.net,+1-250-437-1071,"USNV Johnson
FPO AE 83332",Jasmineberg,Niue,2024-08-24 11:06
72,Ann,Bridges,adamknight@example.org,945351-4057,"984 Jacqueline Pine Suite 632
New Frank, PW 05884",Toddborough,Germany,2024-07-27 22:00
73,Gabrielle,Salazar,melissagreene@example.net,588-474-9965,"58434 Castro Parks Apt. 238
South Leahbury, VT 19502",South Jonathan,Suriname,2024-09-21 06:17
74,Brian,Williams,whitney42@example.com,7595797656,"8220 Christopher Highway Suite 412
West Alfred, MS 89064",Port Sharon,Haiti,2024-07-03 17:21
75,Alejandro,Ellis,amandamartinez@example.com,+1-852-350-1670,"27378 Hall Falls
New Walter, KS 38489",Paynetown,Iraq,2024-01-24 16:28
76,Ralph,Knight,christopherrivera@example.org,407380-2028,"414 Reyes Ridges Suite 363
New Karen, KY 53188",West Matthew,Morocco,2024-04-19 09:14
77,Erik,Nelson,donnamercer@example.net,5855291638,"02342 Barr Drive
Pruittshire, VT 97528",Kellyview,Benin,2024-09-12 15:14
78,Aaron,Johnson,mrobinson@example.net,2932284354,"9339 Dawn Mission
Marystad, MN 62919",Kimberlychester,Greenland,2024-06-10 13:29
79,Frank,Holland,charlesodom@example.net,854672-3639,"9552 Wallace Street Suite 099
Colemanfurt, CA 12390",New Elizabethshire,Mozambique,2024-07-08 15:50
80,Benjamin,Newton,moralesrachel@example.com,973755-0691,"8939 Marissa Hills
East Jodi, NM 57964",East Anna,Bahrain,2024-03-11 11:12
81,Brittany,Conley,brooke89@example.net,447-253-2152,"8219 Ochoa Heights Apt. 447
Lake Johnmouth, OK 08059",Patriciaside,Australia,2024-04-25 02:05
82,Tina,Schwartz,farleythomas@example.net,6987831179,"450 Amy Ville Apt. 173
Michelleville, NC 92110",Mitchellton,Sierra Leone,2024-04-28 10:40
83,Megan,Salazar,vasqueznathaniel@example.com,001-794-656-8165,"919 Cox Grove
Rickyshire, IL 43306",Kington,Brunei Darussalam,2024-07-06 00:12
84,James,Owens,longrichard@example.com,649-235-9248,"1427 Christopher Vista Suite 583
South Juanfurt, MT 71238",Gonzalezville,French Guiana,2024-05-07 04:31
85,Kenneth,Small,marquezchristopher@example.org,001-317-861-7413,"97998 Dana Circles Suite 367
West Kathleenside, NJ 73426",Cindyview,Antarctica (the territory South of 60 deg S),2024-07-06 21:43
86,Deborah,Perez,dustinerickson@example.org,7984046875,"1184 Johnson Meadows
Scottside, MT 15803",South Pennyton,Burundi,2024-01-10 13:29
87,Mary,Davis,daleberry@example.org,8399810960,"35212 Paula Mall
Robertmouth, AS 57417",West Joshuatown,Equatorial Guinea,2024-05-01 01:10
88,Janice,Todd,sanfordroger@example.com,6826859433,"423 Sullivan Extension
Taylormouth, IN 99025",South Kevinchester,Qatar,2024-05-01 12:22
89,Roger,Hernandez,alejandrahanson@example.org,5505617834,"213 Mccullough Glens
Patriciafurt, ND 09566",Justinhaven,Niue,2024-05-16 21:25
90,Stacey,Mitchell,mhill@example.com,845-921-7584,"35293 Sandra Ridge
Barajasberg, MO 85697",Smithchester,Egypt,2024-07-19 10:54
91,Justin,Davis,brittany38@example.org,-4859,"PSC 4634, Box 0939
APO AA 19919",North Sandrachester,Malta,2024-05-27 23:45
92,Deborah,Larsen,kellerstephen@example.com,6878670139,"301 Laura Groves Apt. 792
South Melanieberg, FL 67164",Victorchester,Austria,2024-08-06 06:02
93,Tammy,Hernandez,nielsenchristopher@example.org,+1-913-594-3738,"49526 Griffith Cliffs
Port Vincent, MD 61322",South Jenniferberg,Armenia,2024-03-03 17:43
94,Danielle,Perez,thompsonkimberly@example.org,+1-318-751-8778,"079 Thomas Glens Apt. 930
Thomasmouth, GU 91913",Michaelville,San Marino,2024-08-13 08:45
95,James,Long,donna77@example.org,+1-252-530-8157,"3504 Audrey Rapid Apt. 773
Royport, IL 04269",Lake Pamela,Chile,2024-06-20 16:45
96,Samuel,Parks,mooneykevin@example.net,881815-7283,"6389 Johnson Orchard Suite 205
Griffinview, NE 57684",East Michellestad,Grenada,2024-09-17 20:43
97,Robert,Maldonado,dyerdavid@example.org,4463582620,"960 Weber Fall
South Kristinaton, OH 23359",Lake Paul,Taiwan,2024-02-28 00:02
98,Garrett,Williams,aaronpoole@example.com,001-758-588-5405,"04758 Bradley Prairie Apt. 660
Torresfurt, KY 98037",Dixonland,Belarus,2024-06-24 08:06
99,Katie,Rocha,matthew04@example.org,3682395562,"000 Whitehead Divide
Victorberg, TN 92467",Lake Kevinberg,India,2024-05-23 17:30
100,David,Henry,spencerraymond@example.com,+1-347-430-6081,"37586 Stephen Bridge Apt. 546
East Jenniferberg, ID 66059",South Greg,Cayman Islands,2024-05-08 14:05
101,Julie,Hughes,bryantmegan@example.com,-4377,"00238 James Shores Apt. 992
Fernandezport, PA 15330",New Williammouth,Paraguay,2024-02-02 22:28
102,David,Smith,ethanthomas@example.net,+1-717-515-9204,"2143 Paula Rapids Suite 698
Callahanfort, WY 60714",Tinatown,Morocco,2024-07-21 01:19
103,Joshua,Hill,hholland@example.org,720715-7348,"0823 Michael Plaza
Port Andreafort, NC 67606",West Michael,Togo,2024-03-26 02:20
104,Hunter,Ross,newmanjulie@example.net,9796672774,"23975 Wilson Wells
Scottburgh, SD 93778",Port Heather,Sierra Leone,2024-02-06 04:35
105,Andrew,Gonzalez,sarah99@example.com,370-535-3986,"PSC 8277, Box 5924
APO AA 63422",South Megan,Vanuatu,2024-02-22 11:46
106,Brian,Bailey,jill47@example.net,701282-6847,"6094 Rosales Locks Suite 682
Kellerbury, PA 97489",Lake Tonyfurt,South Georgia and the South Sandwich Islands,2024-05-01 10:38
107,Brandon,Rogers,leslie30@example.com,887-993-6747,"9288 Morales Hill Apt. 137
South Kathyhaven, MP 42826",North Howard,French Southern Territories,2024-01-29 16:56
108,Allison,Clements,alvarezstephanie@example.net,001-521-475-5334,"9414 Amy Corners Apt. 731
East James, DE 01513",North Danaburgh,Holy See (Vatican City State),2024-05-23 17:19
109,Jay,Robinson,qrobinson@example.net,597277-9234,"71758 Joshua Throughway Apt. 741
Watsonfort, MI 77412",Joneshaven,Australia,2024-05-03 14:13
110,Joseph,Galloway,james32@example.org,001-545-866-4102,"8249 William Harbor Suite 113
Michaelland, UT 54037",Lake Wayneborough,Philippines,2024-07-27 21:19
111,Alex,Melton,dawnscott@example.com,579797-4271,"160 Steven Plains Suite 754
East Dianaland, FM 67049",Harrismouth,Tuvalu,2024-04-25 10:52
112,Gabrielle,Martin,wesleynorman@example.com,8724806558,"9122 Glenn Manors
Davidshire, MH 54447",New Aliciaborough,Estonia,2024-07-01 04:15
113,Dale,Brown,pprice@example.net,001-609-938-7401,"594 Chelsey Cove
Parkerfurt, LA 54416",South Michael,Botswana,2024-07-29 12:41
114,David,Riley,ryan27@example.net,462-485-3651,"USCGC Novak
FPO AE 59453",Markland,Cook Islands,2024-05-30 02:01
115,Laura,Perez,bennettgregory@example.com,284-520-6679,"5203 Lawrence Unions
Davidstad, MP 85573",Lake Michaelton,Antarctica (the territory South of 60 deg S),2024-04-01 22:53
116,Jeffrey,Owen,joemckinney@example.net,685-213-0272,"4846 Fox Views Apt. 047
Lake Megan, NY 78491",East Dennis,Czech Republic,2024-03-27 10:59
117,Alice,Carpenter,emartinez@example.com,+1-471-332-2733,"474 James Path
Heathbury, KY 90351",Armstrongland,Romania,2024-02-23 04:03
118,Donna,Gutierrez,atkinsonchristopher@example.org,+1-860-711-5555,"Unit 0015 Box 7859
DPO AA 70545",South Juan,Somalia,2024-07-30 15:47
119,Mark,Perry,khenry@example.org,001-600-982-1520,"Unit 6155 Box 5968
DPO AP 13580",North Amandaland,Gabon,2024-04-04 03:35
120,Julie,Powell,ybrewer@example.net,001-681-232-0323,"952 John Corner
New Mark, DE 42056",Jameschester,Norway,2024-03-13 22:02
121,Stephanie,Hall,jkelly@example.net,001-204-946-9254,"18260 Perry Ridge
Brockmouth, OH 89623",Justinmouth,Puerto Rico,2024-09-24 12:14
122,Aaron,Morton,tracydaniels@example.com,220-324-4079,"23438 Howard Station
Port Claytontown, AL 15409",Ryanstad,Uzbekistan,2024-05-03 01:07
123,Vanessa,Horton,amanda62@example.net,001-289-531-7300,"1529 Vega Fords Suite 078
Collinsfort, WY 28972",East Vanessastad,Kiribati,2024-06-18 18:47
124,Patricia,Powell,nathanrollins@example.com,398625-2340,"83226 Jared Vista Suite 449
Robinsonland, OH 72158",Wardside,Luxembourg,2024-05-03 10:51
125,Gary,Madden,paul73@example.net,001-514-773-6271,"96055 Vickie Trail
New Jerryside, CO 10085",Lake Dominiquestad,Grenada,2024-02-26 23:40
126,Carol,Brown,deborahheath@example.com,-5806,"63277 Bryant Fall Suite 316
West Meghan, AL 16027",West Carlton,South Georgia and the South Sandwich Islands,2024-04-17 07:33
127,Sandra,Compton,sarah28@example.net,997819-9080,"37297 Michelle Underpass Apt. 543
North Christopherton, UT 79727",Christineport,British Virgin Islands,2024-06-16 21:59
128,Bryan,Romero,steven57@example.com,4144343358,"12118 Michele Mountains
Brettberg, AK 91477",West Richard,Liechtenstein,2024-01-22 09:10
129,George,Lopez,njohnson@example.com,721894-0790,"34974 Justin Springs
Lake Dylanfurt, NE 55348",Shawnfort,Suriname,2024-07-11 17:51
130,Stephen,Ferguson,aguilartiffany@example.com,674537-6103,"51796 Carla Club
Irwinbury, PR 84423",North Tammybury,Nauru,2024-06-12 19:23
131,Thomas,Garner,alexandra38@example.org,8315657530,"3273 Copeland Light
Lake Brittanychester, MH 48451",Torresfurt,Belize,2024-09-11 01:09
132,Caroline,Mosley,kennethpetersen@example.org,001-810-762-5819,"8894 Figueroa Mountain
Scottberg, NE 16747",Jameschester,Afghanistan,2024-03-31 08:04
133,Lisa,Mcneil,fernandovance@example.net,424226-6867,"USNS Graham
FPO AA 41667",Rogerborough,Seychelles,2024-05-05 10:18
134,Jacob,Martin,rcampbell@example.org,790491-4210,"813 Brown Rest
Vangside, NV 38613",Port Kenneth,Malta,2024-03-17 17:48
135,Shannon,Leach,mgraham@example.net,001-292-970-4608,"USS Gibson
FPO AE 24640",Aguilarland,Lithuania,2024-06-28 07:23
136,Ashley,Rollins,josehernandez@example.net,4604244954,"08599 Noah Springs
West Sheilaburgh, PR 93832",New Thomas,Chile,2024-05-15 01:39
137,Natalie,Chandler,jenkinskelsey@example.com,6609942651,"9863 Moore Station
Jameston, MS 40088",Antonioborough,Italy,2024-06-06 06:41
138,Craig,Ferrell,tarawilson@example.net,819-288-8744,"39428 Clarke Ports Suite 833
West Valeriechester, TN 24076",North Sherry,Qatar,2024-03-26 12:45
139,David,Reynolds,cooperthomas@example.com,4395387367,"PSC 4361, Box 3030
APO AE 37631",East Joshuatown,Western Sahara,2024-04-03 14:26
140,Louis,Crane,amandafloyd@example.org,579233-9676,"40203 Timothy Roads
New Ronald, OK 91250",East Oliviamouth,Liechtenstein,2024-04-19 20:20
141,Jamie,Thomas,michaelrodriguez@example.net,+1-753-368-8954,"Unit 2888 Box 0992
DPO AP 73839",Tiffanytown,Spain,2024-08-07 14:00
142,Timothy,Robbins,elizabethwilson@example.com,694582-3821,"14836 Williams Islands Suite 973
Port Julian, CT 95102",Lake Diamondshire,Austria,2024-06-03 16:23
143,Randall,Roberts,tlewis@example.net,373233-6399,"273 Jillian Lane
Harmonton, RI 45309",Aaronmouth,Tanzania,2024-01-18 00:11
144,Jodi,Rice,tmartinez@example.org,354627-7985,"64755 Stephen Views
New Tracy, AZ 49276",Wardhaven,Cocos (Keeling) Islands,2024-01-11 02:44
145,Amy,Bush,andrea25@example.com,938-868-7682,"Unit 3587 Box 2314
DPO AE 77594",East Travishaven,Guinea-Bissau,2024-07-10 00:45
146,Taylor,Perry,eperkins@example.org,269958-9952,"Unit 0501 Box 7986
DPO AP 86784",New Sandraburgh,Cayman Islands,2024-09-09 19:13
147,Angela,Franco,johnfarrell@example.net,5948568263,"36661 Amy Summit Suite 815
Jenniferport, NY 61195",South Johnstad,Mauritius,2024-05-03 10:22
148,Leslie,Ferguson,william81@example.net,-1363,"0319 Jonathan Summit
Taylortown, NH 43634",Mccarthyport,Argentina,2024-01-27 04:19
149,James,Leonard,ihenry@example.org,651-230-0371,"025 Jason Locks Apt. 510
Michaeltown, OK 82041",East Zacharymouth,Vanuatu,2024-05-08 02:14
150,Anthony,Carr,sbeasley@example.net,413-301-7245,"651 Rubio Forest
North Jasonville, VT 96967",Port Erin,Bangladesh,2024-01-27 11:30
151,Jerry,Robertson,jason38@example.org,6616046887,"48415 Warner Squares
Jimenezfort, KS 39127",New Kyle,Rwanda,2024-07-12 16:45
152,Blake,Bates,richsarah@example.net,6104498594,"641 Mcguire Mews
Carmenchester, MO 17616",Wallsbury,Aruba,2024-07-22 14:35
153,David,Yu,cpark@example.org,001-313-417-8755,"430 Grant Station Apt. 073
West Michael, MP 05963",Lake Michaelchester,Yemen,2024-09-12 11:53
154,Paul,Hamilton,alvin60@example.org,473875-3204,"080 Richard Grove
Carolynland, LA 69768",Atkinsport,Canada,2024-09-01 16:48
155,Michael,Johnson,alex72@example.org,+1-493-545-9101,"09770 Terry Stream
Port Joseph, VA 80977",Port Andrewside,Lesotho,2024-03-02 07:13
156,Christopher,Cline,nathanmoore@example.com,331-455-3996,"2113 Dean Bridge Apt. 314
Lake Vanessa, SC 93306",Port Aimeeview,Bahrain,2024-03-23 02:09
157,Steven,Navarro,alex59@example.org,2364346278,"488 Kara Mission
Port Craigview, OH 63964",Dylanmouth,Mauritania,2024-08-05 17:10
158,Laura,Smith,navery@example.org,4567554047,"7445 Montes Port Suite 958
Port Michael, OK 44843",Hurleyland,Sao Tome and Principe,2024-08-06 04:34
159,Michael,Miller,heidioconnell@example.org,001-754-469-7801,"929 Julie Groves Suite 031
Dennisborough, NH 47153",South Autumn,Swaziland,2024-03-06 19:12
160,Chad,Scott,colleen49@example.org,601-272-6633,"Unit 5849 Box 0358
DPO AA 46383",Meyerfurt,Morocco,2024-03-08 20:51
161,Taylor,Sheppard,diana11@example.net,278-395-9208,"0566 Johnson Track
South Heather, NJ 44062",East Gregory,Uzbekistan,2024-04-15 08:30
162,Cassandra,Harris,cranetina@example.org,7468709089,"2267 Marshall Court
South James, GA 25939",East Ashley,Benin,2024-06-01 01:56
163,Jason,Miller,leemccarthy@example.org,5595318446,"257 Wallace Branch
Billyburgh, SC 08002",Holtmouth,Congo,2024-08-11 23:43
164,Alison,Robles,chloerichard@example.com,001-485-415-1099,"5246 Curtis Ways
New Joshua, DE 28691",West Nicholas,Palau,2024-04-01 04:32
165,Peter,Gray,tylersmith@example.net,-2548,"89572 Johnson Mountain
Powellville, MI 99221",Robertsontown,Mozambique,2024-03-04 13:54
166,Emily,Jones,gibsonmandy@example.com,001-674-886-3280,"4281 Terri Isle
Judithview, CA 28937",South Hollyfurt,Guyana,2024-06-03 11:03
167,Daniel,Soto,sabrina56@example.net,+1-770-898-2311,"9045 Adams Divide
Jamesborough, WA 14166",Murphyland,South Georgia and the South Sandwich Islands,2024-04-22 21:52
168,Teresa,Davis,gmonroe@example.org,6749677108,"014 Roberts Field
Reedmouth, MD 77135",North Jonathan,Iceland,2024-02-24 15:13
169,Jacob,Rodriguez,milleranthony@example.net,846305-1127,"558 Christine Mission Suite 598
West Lisatown, ID 87787",Butlerhaven,Vanuatu,2024-05-24 10:56
170,Gwendolyn,Lee,crystalsmith@example.com,001-334-741-7366,"17994 Rice Grove
Combschester, NY 15811",Cobbfurt,Czech Republic,2024-09-14 16:37
171,Kristin,Jefferson,zpeters@example.org,6652418722,"12816 Christopher Union
Allenton, RI 87926",Anneport,Aruba,2024-09-09 09:38
172,David,Hart,ghicks@example.com,315414-3992,"610 Turner Fords
East Jenniferfurt, AL 85935",Lake Diamond,Croatia,2024-03-29 09:15
173,Jennifer,Robinson,brian84@example.net,8862508092,"972 Christine Roads Suite 314
Leeborough, ME 74278",Port Albert,Tokelau,2024-07-15 10:18
174,Heidi,Jones,garrett44@example.net,+1-872-608-9494,"9487 Alicia Tunnel
North Charles, MT 72126",South Markside,American Samoa,2024-02-02 21:00
175,Alexandria,Franklin,kyle98@example.org,+1-772-893-7360,"Unit 5829 Box 1011
DPO AE 64776",Kristinborough,Turkey,2024-05-15 13:50
176,Terri,Barnett,rowerobin@example.org,397740-1676,"50912 Lopez Prairie Apt. 340
Port James, FM 63741",Lake Nicholas,Western Sahara,2024-02-19 20:12
177,Kevin,Baker,silvadavid@example.org,677827-3826,"9331 Rodriguez Keys Apt. 281
East Melissa, DC 81577",South Annettetown,Namibia,2024-06-02 03:08
178,Taylor,Miller,penglish@example.org,979908-2782,"04865 Frederick Shores Apt. 536
Wayneville, PA 65594",Lake Wandaburgh,Honduras,2024-08-30 01:02
179,Julie,Huynh,yle@example.net,667-534-6314,"808 Kimberly Skyway
Monroemouth, CO 11986",Jenniferside,Western Sahara,2024-07-12 06:45
180,Patricia,Holmes,qbennett@example.org,001-629-803-4902,"3166 Wilcox Street
Gutierrezstad, WI 37689",South Jonport,Latvia,2024-03-21 10:19
181,Sandra,Ware,ashley49@example.com,851710-5742,"534 Larry Grove Apt. 978
West Gregmouth, AL 51068",East Katie,Nicaragua,2024-01-14 02:51
182,Eric,Cobb,donaldrodriguez@example.net,001-940-887-1749,"77433 Phelps Burgs Apt. 243
Port Sarah, OR 81768",East Jasonport,Ghana,2024-01-10 01:50
183,Brenda,Kramer,natalie25@example.com,910563-2086,"778 Brown Views
Vegaland, IL 35004",Lake Charlesland,Montenegro,2024-06-13 10:10
184,Cheyenne,Robertson,brendamartinez@example.org,+1-932-452-4683,"17056 Olivia Street Apt. 183
Roachbury, MP 05689",Ochoamouth,Faroe Islands,2024-05-02 07:01
185,Lori,Travis,karen69@example.net,896-999-1670,"37121 Christian Crossing
West Reginaldhaven, UT 24897",Browntown,Guam,2024-09-10 15:47
186,Mitchell,Yoder,michael86@example.com,283-668-7762,"99122 Elizabeth Crescent
East Melanie, NE 51579",Lake Stephenland,Bolivia,2024-02-28 10:44
187,Madison,Rose,jeffrey09@example.net,5905653527,"74253 Tamara Union
Hamiltonview, CT 82487",South Audreyfurt,Singapore,2024-09-03 22:54
188,Rachel,Mcgee,ann26@example.com,001-710-731-2906,"3406 Marshall Walk Suite 071
Port Theresa, FL 81389",Montgomeryborough,Saint Pierre and Miquelon,2024-06-28 23:36
189,Ashley,Raymond,rowlandallison@example.net,+1-446-585-0692,"Unit 6209 Box 5442
DPO AE 24826",West Leslie,Sweden,2024-05-12 07:55
190,Jill,Watson,cwilson@example.com,001-226-556-4244,"246 Maria Flats Apt. 463
Daviston, WV 79326",Hughesside,Saint Kitts and Nevis,2024-01-15 01:55
191,Tammy,Neal,thomasprice@example.org,001-221-937-9282,"7646 Alexis Forges
Rossville, RI 92840",New Lauraberg,Nicaragua,2024-05-24 01:48
192,Richard,Dyer,laurenprice@example.com,6718214815,"795 Aguilar Village
Williammouth, NV 28320",Finleyshire,Hungary,2024-06-25 16:01
193,Leah,Jordan,youngchristina@example.net,503697-7677,"2743 Ashley Bridge Apt. 471
Floresside, VI 32877",Michaelmouth,Tajikistan,2024-06-01 15:05
194,Kathryn,Bennett,stefanie28@example.net,837323-6167,"Unit 6422 Box 8474
DPO AE 56417",Lake Angela,Micronesia,2024-03-28 14:14
195,Patrick,Bradley,samuelmccann@example.com,001-841-908-3137,"251 Frank Harbors
South Ericfurt, NM 23759",Taylorport,Western Sahara,2024-09-04 11:25
196,Jacob,Wilson,mkeith@example.net,949-584-7760,"3400 Cox Forks Apt. 356
Port Christopher, HI 43374",Dawsonfort,Cocos (Keeling) Islands,2024-08-12 16:11
197,Elizabeth,Campbell,kathrynmaxwell@example.com,968825-0799,"96851 Chelsea Estate
Khanmouth, AK 03735",West Dianamouth,Libyan Arab Jamahiriya,2024-04-06 01:09
198,Diana,Reid,fredericknguyen@example.net,9848878895,"44634 Holmes Trafficway Apt. 381
Grahamshire, MN 47080",East Vanessa,Slovakia (Slovak Republic),2024-04-14 23:56
199,James,Williams,gonzalesglenn@example.com,399414-3017,"717 Porter Ridge
Lake Matthew, AL 99920",Jayton,Norway,2024-02-07 17:58
200,Heather,Ellis,castillobrittany@example.com,001-213-423-8334,"349 Harper Manors Suite 123
East Samanthahaven, GU 98004",Jonesburgh,Paraguay,2024-04-17 17:44
201,Jennifer,Reyes,jeffersonjessica@example.com,488-541-6337,"2923 James Harbors Apt. 564
Yvettebury, NM 65997",Lake Kennethton,Morocco,2024-01-21 19:08
202,Stacey,Wells,mnunez@example.org,001-907-421-1988,"30722 Rodriguez Squares Apt. 318
Kristenstad, RI 07240",Wrightstad,Romania,2024-01-02 06:43
203,Julie,Moore,nmcdaniel@example.net,223-500-6551,"0248 Brendan Rapids
Fosterfurt, WA 88944",South Earlview,Guyana,2024-06-10 16:20
204,Douglas,Castro,tiffanywallace@example.org,258-842-0910,"966 Joshua Manor Apt. 692
New Maryville, VT 87143",North Blake,Azerbaijan,2024-06-22 19:39
205,Christian,Edwards,dwolfe@example.org,663897-5761,"8849 Sandra Garden Suite 339
Chavezmouth, VI 13744",East Jeanbury,Korea,2024-04-02 09:49
206,Jeffrey,Gonzalez,marshalldana@example.org,-1556,"41326 Villegas Cove Suite 159
West Jenniferside, MS 94842",North Katherine,Mauritius,2024-07-12 08:55
207,Lindsey,Mckinney,peggycantu@example.net,4297635683,"93182 Daniels Mews
Michealland, IN 85957",Carrilloburgh,Guinea,2024-07-08 02:53
208,Susan,Ford,yrichards@example.net,001-932-318-6151,"853 Samantha Plains Apt. 932
North Christytown, MA 95387",West Matthew,Romania,2024-01-14 07:18
209,Alan,Short,justinpruitt@example.net,688274-9569,"9204 Jacob Knoll Suite 487
Denisestad, NM 76645",Susanstad,Portugal,2024-05-05 01:12
210,Sophia,Santos,marybrowning@example.org,710358-1049,"580 Scott Walks
Arnoldshire, TN 61980",Lake Michaelland,Macao,2024-05-16 07:50
211,Alexander,Lee,droberts@example.org,524-462-6513,"1147 Payne Views Suite 436
Danieltown, FM 68395",Johnsonland,Holy See (Vatican City State),2024-04-04 03:23
212,Sharon,Lopez,bsanders@example.org,916631-1663,"10501 Tyler Gardens Apt. 055
Robertmouth, SC 34304",Hughesfort,Myanmar,2024-05-28 05:13
213,Paul,Williams,jasonmahoney@example.net,662740-3070,"Unit 4442 Box 6532
DPO AP 54598",Danielside,Anguilla,2024-04-08 00:34
214,Jeremy,Chandler,rlarson@example.org,+1-860-645-0052,"89189 Chase Crest
Port Derek, IL 12598",Port Lynn,Ethiopia,2024-01-03 07:42
215,Jamie,Guzman,matthew47@example.com,517-596-5118,"4227 Jordan Street
West Lucas, CO 71174",Fosterstad,Taiwan,2024-07-31 06:17
216,James,Clarke,daniel45@example.net,6277098033,"348 Christie Corner
Mendozafurt, MH 81634",Lake Sarahshire,Guernsey,2024-04-06 04:59
217,Christopher,Sharp,roger62@example.com,8757144842,"USNV Davis
FPO AP 16824",Lake John,Turkmenistan,2024-08-21 02:42
218,William,Goodwin,brittany80@example.net,3487841187,"0301 Kathryn Roads Apt. 746
Port Emilystad, MS 43989",West Jessica,Denmark,2024-05-22 22:39
219,Nicole,Gilbert,ashleypratt@example.com,905808-5998,"679 Hernandez Shoal Suite 789
Montoyaburgh, DE 13117",Lake Colleen,Mozambique,2024-06-07 22:55
220,Lynn,Wright,millerjimmy@example.com,8543800663,"9614 Susan Turnpike
Masonburgh, PR 16504",South Tracyshire,Portugal,2024-03-18 15:34
221,Cynthia,Johnson,michael22@example.org,+1-680-565-6048,"47622 Nicholas Underpass
Yatesport, GU 83613",Port Daniel,Rwanda,2024-02-22 15:06
222,Michael,Rowe,kimberlybruce@example.net,479-568-4067,"4794 Mcfarland Fords
New Stevenport, AK 05230",South Kathyshire,Bangladesh,2024-08-10 10:04
223,Johnny,Wells,austin18@example.org,699423-7916,"99345 Morgan Haven Apt. 316
Port Karenberg, WI 84209",Gonzalezhaven,Egypt,2024-04-19 00:37
224,Ryan,Garcia,barbaraadams@example.org,+1-801-245-6491,"931 David View Apt. 098
East Jonathan, MP 34362",Lake Julie,Saint Martin,2024-03-30 15:01
225,Gerald,Roberts,frank31@example.com,+1-343-695-6455,"63439 Amber Motorway Suite 530
North Christopher, MT 12038",Martinezmouth,Tonga,2024-06-13 11:49
226,Tammy,Jensen,williamskatherine@example.net,001-951-386-3442,"PSC 5277, Box 2806
APO AA 70875",North Omarberg,Iceland,2024-02-16 03:43
227,Victoria,Stanley,mary82@example.org,+1-774-536-1498,"144 Martinez Track Apt. 796
New Nicoleland, WV 74227",Arianaland,Sudan,2024-05-26 20:37
228,Patrick,Johnson,zcarter@example.net,-2949,"9978 Tonya Knolls
West Sabrinaton, PA 56159",Moranside,Georgia,2024-05-31 10:51
229,Matthew,Mason,ljefferson@example.com,891899-5329,"285 Vega Tunnel Suite 582
Hudsonview, MH 47063",Heatherfort,Kiribati,2024-03-24 12:28
230,Valerie,Gonzales,andrewstokes@example.org,001-862-672-7837,"USNV Randolph
FPO AE 40693",New Kevinberg,Anguilla,2024-06-24 18:58
231,Dennis,Wallace,ebrown@example.org,5435500833,"93179 Lisa Rue Suite 555
Floresville, NE 62678",Gabrielahaven,Equatorial Guinea,2024-07-16 12:45
232,Thomas,Kemp,jamiestephenson@example.org,+1-474-294-5915,"772 Fernandez Haven Suite 936
Wardfurt, RI 28953",Lake Laurenview,Tanzania,2024-02-11 13:56
233,Vincent,Wilson,hford@example.com,3048345720,"35556 Harris River
Mitchellfort, ND 75024",Port Jonathanville,Chad,2024-07-23 12:35
234,Thomas,Callahan,mary75@example.org,001-447-668-9078,"79362 Williams Light
North Brenda, MH 80680",Michelleborough,Guernsey,2024-07-14 11:28
235,Samantha,Morgan,matthewanderson@example.com,9563449363,"872 Donald Station Suite 447
North Ernestton, UT 05957",Port John,Bahrain,2024-03-22 20:26
236,Alicia,Smith,aprilhall@example.org,216503-2219,"235 Richards Way
Peggybury, VA 35197",South Sethfurt,Liberia,2024-06-07 13:57
237,Ryan,Bauer,otyler@example.org,2314165930,"8989 Colon Ranch Apt. 317
Lake Carlosfort, HI 29848",Lake Brianstad,Iceland,2024-03-14 18:13
238,Victoria,Coleman,james85@example.org,254-919-0539,"4941 Dan Drive
Erinhaven, UT 20194",North Tim,Egypt,2024-06-25 22:31
239,Zachary,Gray,julie83@example.com,001-842-692-9778,"765 Murphy Fork Apt. 023
North Brianton, MP 05243",Vargasstad,Armenia,2024-07-06 17:56
240,Alison,Kaufman,esmith@example.net,-765,"4513 Johnson Hills
Amandaland, PW 01056",Melodybury,Russian Federation,2024-09-04 00:37
241,Andre,Smith,spearson@example.org,410-961-7280,"1235 Petersen Shoal
Elizabethfort, OH 14365",New Matthewland,Germany,2024-03-16 18:02
242,Kristen,Nichols,drodriguez@example.net,001-583-753-5200,"666 Walker Green Suite 024
Lyonsshire, CA 12740",Barrhaven,Cook Islands,2024-08-05 19:23
243,Jonathon,Jackson,osborneheather@example.net,428-876-7451,"99967 John Lakes Apt. 054
South Ashleyfurt, WI 41909",South Melanietown,China,2024-02-04 10:50
244,Bradley,Strickland,richardmiller@example.com,607767-8659,"4062 Lucero Mills
Williston, MS 51836",Andersonhaven,French Guiana,2024-05-24 08:33
245,John,Landry,conleyrobert@example.org,-5514,"4903 Key Island
Kimberlymouth, PA 59751",East Evanfurt,Zimbabwe,2024-03-25 05:37
246,Jessica,Webb,patricksolomon@example.org,281422-1454,"182 Allison Locks Suite 959
Thomasmouth, MT 15137",North Jeffrey,Suriname,2024-04-07 09:11
247,Curtis,Hancock,cjordan@example.net,001-321-361-0005,"USNV Murray
FPO AA 17557",North Jose,Turkmenistan,2024-07-09 19:02
248,Christopher,Morris,miranda30@example.org,001-843-558-2956,"5963 Zimmerman Field
East Tammy, PW 84428",Murrayberg,British Indian Ocean Territory (Chagos Archipelago),2024-07-30 06:14
249,Stephen,Garza,zmata@example.net,8963174520,"1238 Woods Circles
Sarahstad, UT 78269",South Jeffreyhaven,Bosnia and Herzegovina,2024-07-12 05:33
250,Matthew,Mueller,rrice@example.org,9043344401,"05813 Richard Brook Suite 061
South Joshuafurt, CT 69192",West Anthony,Turkey,2024-08-08 04:53
251,Lisa,Bryant,traceymartin@example.net,253-457-2609,"94204 Melissa Club
South Miguelland, PW 53112",Port Luisport,Belize,2024-04-02 09:54
252,Erin,Lane,derek56@example.org,687750-3333,"PSC 0732, Box 2970
APO AE 41399",Russellport,Nauru,2024-08-12 05:31
253,Katherine,Hall,ichapman@example.org,602-667-2011,"380 Donald Stravenue
Fosterchester, MP 92878",Port Stacieland,Kuwait,2024-04-25 14:39
254,Adam,Blackwell,jimmy49@example.org,7146072815,"07680 Michael Overpass
Guzmanmouth, ND 57169",Aliport,Saint Vincent and the Grenadines,2024-05-30 03:40
255,Erika,Moore,nicole67@example.net,+1-575-541-1766,"576 Walton Mount Apt. 786
Yatesland, MP 52433",New Tylerville,Faroe Islands,2024-08-27 17:56
256,Christine,Davis,christopher45@example.net,001-707-774-0251,"745 Brown Shoal
Port Timothy, CA 83303",Bridgesport,Ireland,2024-04-07 08:03
257,Stephen,Rose,wrussell@example.com,591566-8569,"3984 Brown Haven
Lake Chadside, NM 11193",Kingville,Christmas Island,2024-06-10 21:40
258,George,Henry,davisshannon@example.com,+1-237-868-6932,"9616 Anderson Forge Suite 130
Lake Mark, IN 72019",Port Tamaraborough,Paraguay,2024-05-08 22:33
259,Vanessa,Williams,newtontaylor@example.net,3374630027,"439 Smith Island Apt. 945
Seanburgh, SC 03767",Latoyaland,Saint Helena,2024-04-21 02:22
260,Patricia,Murphy,nashmalik@example.com,7502554007,"PSC 9951, Box 8957
APO AP 52096",Jeffreyberg,Botswana,2024-04-18 12:09
261,Charles,Baker,williamserika@example.org,854-848-9581,"USS Nelson
FPO AE 03085",North Kristina,Saint Vincent and the Grenadines,2024-02-19 02:12
262,Taylor,Sawyer,sandovallisa@example.com,668613-0115,"38202 Stephenson Plain Apt. 303
West Cameron, CT 05429",Samanthatown,Mexico,2024-02-28 18:53
263,Malik,Murray,nancy95@example.com,001-547-557-1212,"794 Joshua Cliff Suite 551
Chelseaside, WV 09456",Huynhland,Jordan,2024-01-14 04:15
264,Jacob,Williams,amanda08@example.org,5125834234,"94720 Franklin Square Apt. 487
Lake Gregorystad, AZ 26956",Port Laurastad,Aruba,2024-03-18 14:35
265,Sarah,Hebert,ksims@example.net,001-217-790-5029,"755 William Trail
Lake Sethtown, RI 50749",Chapmanbury,Brazil,2024-04-02 06:01
266,Denise,Johnson,oalvarado@example.net,487291-6192,"Unit 5077 Box 0234
DPO AE 40213",North Jessicahaven,Cook Islands,2024-01-14 09:10
267,Denise,Barnes,veronicagreer@example.net,710823-7520,"USNV Arnold
FPO AA 04781",Bethfort,Guernsey,2024-06-22 23:21
268,Juan,Dougherty,kevin14@example.org,800600-7662,"190 Martinez Passage Apt. 247
New Angelaport, NC 57398",Andrewbury,Lithuania,2024-09-12 17:00
269,Veronica,Moore,maria13@example.com,+1-310-703-5813,"34603 Carroll Mill Apt. 246
North David, PW 61227",South Leslie,Kuwait,2024-01-28 19:21
270,Antonio,Nunez,andrea94@example.net,667251-9606,"949 Ebony Prairie
Dixonport, MP 17666",Phillipsport,Korea,2024-02-16 21:52
271,Daisy,Smith,smithkaren@example.com,917-845-7382,"247 Jeremy Plaza
North Robertshire, MT 25269",New Andrea,Bosnia and Herzegovina,2024-07-23 02:07
272,Jose,Peterson,haley41@example.com,564-722-5019,"6037 Long Ports Apt. 268
Port Tylerside, WI 52953",Victoriaberg,Malta,2024-01-31 18:20
273,Holly,Collier,cthompson@example.net,337388-5506,"63391 Black Shoal
Harrisland, AZ 98256",Port Nathan,Pakistan,2024-07-18 14:44
274,Melissa,Brown,unewman@example.net,916-884-7574,"753 Roberts Crest Suite 146
West Kimberly, UT 41068",Lake Matthewside,Guatemala,2024-06-25 14:42
275,John,Scott,robertbishop@example.com,571-595-6440,"40270 Jimenez Squares
Martintown, MI 80682",West Joshua,Venezuela,2024-08-24 03:52
276,Rita,Murphy,simsdonna@example.com,2449544216,"5900 Bennett Ridges
Andrewbury, AK 75450",Port Scott,Western Sahara,2024-04-01 01:32
277,Tina,Bell,linda71@example.org,817-864-5402,"Unit 1289 Box 5582
DPO AE 92994",Andersonburgh,Brunei Darussalam,2024-06-12 16:40
278,John,Cooper,doughertynathan@example.net,4955173504,"PSC 5154, Box 4754
APO AA 63428",North Sarahfort,Turkey,2024-05-24 08:50
279,Jesse,Chung,jasonparker@example.net,354281-9387,"352 Wilson Avenue
Whitemouth, TX 07696",Kendrabury,Paraguay,2024-01-30 13:01
280,Michael,Price,megan13@example.org,390862-7102,"7625 Norman Glens Apt. 005
Reginaldtown, ND 20984",Jamesburgh,Malta,2024-06-18 13:26
281,James,Gibson,tinamay@example.net,4718914885,"64731 Tina Ford
New Julie, VI 62006",Smithchester,Micronesia,2024-05-03 19:27
282,Ryan,Perez,todddrake@example.org,5728512473,"621 Kim Summit
Marthamouth, CT 24023",Port Patriciashire,Sweden,2024-05-16 02:35
283,William,Brown,dakotabailey@example.net,+1-825-789-8764,"85478 Romero Brook Apt. 326
Andreabury, NY 28242",Port Manuelfort,Turks and Caicos Islands,2024-02-10 19:29
284,Ashley,Rogers,ronald30@example.org,4383999074,"82291 Gonzalez Plains
North Lindaberg, WA 11224",Gonzalezshire,Iceland,2024-02-18 23:06
285,Deborah,Harris,harrisalejandro@example.net,319-201-9081,"4873 Price Plains
East Gerald, NE 50351",Port Matthew,Guatemala,2024-04-17 09:15
286,Derrick,Cook,jessicahoover@example.org,256-225-2141,"6621 Ronnie Manor Apt. 804
Hammondhaven, MI 00912",Garciaburgh,Ukraine,2024-03-29 23:49
287,Andrew,Richardson,annahorton@example.com,243-224-9151,"974 Jones Parkways
Hayesside, PR 87036",North Chad,Benin,2024-02-13 15:29
288,Heather,Moore,marissapowers@example.net,379660-8964,"18371 Michael Valley Apt. 295
South Brent, IL 07787",Hollandburgh,Jamaica,2024-02-22 02:46
289,Norma,Hayes,olloyd@example.net,001-690-373-2155,"161 Berry Coves
Deborahstad, AK 18225",South Justinton,Luxembourg,2024-06-27 03:01
290,Brooke,Kemp,melissachandler@example.net,+1-305-591-0456,"PSC 5346, Box 6435
APO AP 74978",West Andrewfort,Lesotho,2024-05-22 17:24
291,Jerry,Everett,sarah83@example.com,283-640-7487,"784 Gates Mews
Ortizberg, MP 79911",Meganfort,British Virgin Islands,2024-08-15 16:58
292,Jessica,Pierce,colleenlara@example.net,6962044731,"3254 Miranda Flat
South Martinton, AR 36285",East Brittany,Brunei Darussalam,2024-02-24 14:39
293,Alexander,Rodriguez,charles62@example.org,870-712-2258,"PSC 6170, Box 8167
APO AP 85787",Cruzberg,Uzbekistan,2024-03-15 09:19
294,Michael,Taylor,michelemoore@example.net,450319-3595,"72782 Lisa Turnpike Apt. 963
Lake Jacob, MN 10873",North Bonnie,Qatar,2024-04-18 23:42
295,Amanda,Vega,kimberlykidd@example.net,864210-9288,"57400 David Valley
Robertbury, WA 98829",Forbesburgh,Angola,2024-06-19 15:01
296,Austin,Kim,dshields@example.org,837-919-6555,"9745 Ashley Forest
Youngton, HI 40296",Cookhaven,Vietnam,2024-06-04 12:34
297,Dean,Yoder,lisa15@example.com,9702145121,"223 Stewart Way
New Stephanie, AZ 06234",North Kyle,Cook Islands,2024-04-20 16:46
298,Robert,Williams,william15@example.org,+1-443-328-4564,"0991 Brown Port Apt. 727
Mayport, MO 64412",Watersbury,Colombia,2024-07-27 19:49
299,Kristina,Arroyo,rpayne@example.com,-2105,"08468 David Flats Apt. 695
Jasminestad, MN 41621",Reevesfurt,Kiribati,2024-05-29 23:41
300,Desiree,Smith,mcox@example.com,902-491-4997,"9112 Adrian Falls
Williamburgh, IL 75286",Jamesfurt,Tanzania,2024-02-18 12:19
301,Penny,Bell,eddieperez@example.org,001-659-379-3646,"5586 Pamela Union Suite 237
Lake Jody, WY 50520",Kristinland,Kenya,2024-05-13 02:11
302,Stephanie,Aguilar,troyromero@example.com,598-516-6421,"77461 Alvarez Camp
Lake Jimmy, AZ 68695",South Steven,Slovakia (Slovak Republic),2024-09-23 13:07
303,Whitney,Johns,gallegosjanice@example.org,3349802973,"542 Chase Meadow Suite 610
New Sharon, ND 91161",Antoniotown,Tonga,2024-08-30 12:13
304,Kathleen,Becker,fmyers@example.net,646799-2999,"8706 Cynthia Place Apt. 657
Lake Michelleburgh, WI 89286",Wongborough,Cayman Islands,2024-07-26 10:47
305,Brian,Beard,jwallace@example.org,7458917143,"297 Floyd Points
West Jason, MT 60210",Alisonhaven,Uganda,2024-02-11 16:27
306,Maria,Shields,knightamy@example.com,2829022510,"37280 Jennifer Overpass Apt. 352
East Mariashire, KY 77070",Lake Jerry,Saint Martin,2024-06-16 10:19
307,Victoria,Cooper,hawkinsjasmine@example.com,-4862,"831 Massey Dale Apt. 021
Melindabury, OR 39074",Garciaburgh,Cote d'Ivoire,2024-05-30 18:13
308,Nathan,Jenkins,sarah05@example.com,327371-5587,"794 Kendra Extensions Apt. 230
South Loriside, MH 56084",Deborahfurt,Saint Martin,2024-02-18 12:04
309,Dawn,Carter,zanderson@example.net,390345-0774,"4041 Newton Squares Suite 935
Stephenberg, SD 11285",East Annettemouth,Gambia,2024-02-29 23:41
310,Makayla,Wilson,jamesjustin@example.org,3868872875,"0723 Smith Trace Suite 437
South Jason, LA 34839",North Davidhaven,Isle of Man,2024-07-05 03:52
311,Samantha,Hogan,jasonmyers@example.com,6102252388,"5365 Curtis Causeway
Deniseberg, DC 31010",Shannonshire,Bolivia,2024-01-07 14:44
312,Vicki,Hall,graydebbie@example.org,842-971-6683,"87519 Christina Walks Apt. 394
Josephmouth, NM 15303",New Debramouth,Christmas Island,2024-06-30 03:41
313,Sarah,James,omueller@example.net,395837-4735,"36791 Kenneth Trace Apt. 810
Port Kellyfurt, RI 09392",Sarabury,Armenia,2024-03-17 06:30
314,Brian,Smith,carlclark@example.net,001-879-261-6617,"43929 Smith Valleys
Rossberg, WI 62045",Smithshire,Tuvalu,2024-04-07 22:45
315,Todd,Reid,tthomas@example.org,841-528-9553,"49209 Gibson Landing Apt. 157
Joannahaven, DE 28227",Jenniferstad,Maldives,2024-01-25 06:37
316,Brian,Ballard,donaldsonheather@example.net,9399253402,"79113 Jordan Roads Apt. 872
Port Jacob, ID 29223",South Scottside,Netherlands,2024-04-18 09:00
317,Stephen,Williams,ebrown@example.com,+1-839-503-5214,"3985 Rita Overpass
New Sarah, MT 66945",North Robin,Panama,2024-02-26 04:18
318,Billy,Powell,rwerner@example.org,271723-2295,"PSC 5479, Box 1065
APO AP 24937",Lake Arianaton,Monaco,2024-01-15 11:59
319,Ronald,Riddle,noahlawrence@example.net,3772982648,"USS Reid
FPO AE 90955",Anthonyshire,Tokelau,2024-06-21 06:12
320,Donald,Little,tammylewis@example.net,528519-2526,"6705 Johnson Route
South Rachel, ID 31951",Lake Sharon,Congo,2024-04-29 22:29
321,Linda,Bowman,meredith76@example.org,6089681499,"47499 Terri Gateway
Markmouth, OH 69152",East Devin,Italy,2024-03-11 03:23
322,Shirley,Benjamin,qzuniga@example.org,224-533-1872,"16204 Heather Vista Apt. 456
Ballardton, PA 56059",Damonbury,Honduras,2024-01-10 16:02
323,Mason,Willis,daniel33@example.com,+1-739-646-6202,"90292 Chan Unions
Gailmouth, HI 12889",North Jack,Turkey,2024-07-20 04:51
324,Julie,Velez,fisherpaul@example.org,901-503-4477,"0539 Stephanie Via Apt. 340
Alexandraburgh, PA 82232",Stephenmouth,Guadeloupe,2024-04-18 04:23
325,David,Mcneil,stacy54@example.net,7697724877,"4565 Jill Vista
South Jenniferview, LA 82122",Whiteland,South Georgia and the South Sandwich Islands,2024-07-04 23:22
326,Brittany,King,jordanmatthew@example.org,001-402-801-6497,"82686 Laura Wall
Seantown, OK 48756",Lake Teresamouth,Kuwait,2024-09-07 19:47
327,Nicholas,Weaver,walshdavid@example.com,-6342,"720 Lorraine Shore
Lake Christineside, ND 12767",Gavinmouth,Cyprus,2024-06-28 18:13
328,Robert,Webb,greenjoshua@example.com,2504321932,"801 Frank Inlet
Lake Andrew, MH 32976",Jordanfort,Bouvet Island (Bouvetoya),2024-08-01 19:58
329,John,Warren,fsteele@example.org,465-831-7794,"167 Alan Ferry Suite 534
Vaughanbury, FL 49617",East Charlesmouth,Norfolk Island,2024-04-19 11:58
330,Heather,Woods,astark@example.net,+1-449-761-9209,"4829 Craig Shores
New Jennifer, NH 90172",Simsstad,American Samoa,2024-06-27 19:41
331,April,Duke,shannonwest@example.org,804-819-8675,"707 Powell Center
Jessicabury, NC 39044",Debraton,Faroe Islands,2024-09-01 23:55
332,Elaine,Smith,kbowen@example.com,739-544-5129,"9403 Cameron Well
South Brenda, SD 67782",East Amanda,Mauritania,2024-03-11 11:25
333,Cassandra,Wilson,roygary@example.net,803954-6207,"2658 Miller Manors Apt. 630
Port Natalie, KS 68863",West Angelfurt,Tajikistan,2024-03-26 01:09
334,Angelica,Brooks,blanchardjudith@example.org,-10176,"768 Madison River
Elizabethfort, TX 14557",East Julieview,Belgium,2024-08-26 19:12
335,Marisa,Miller,ayalajordan@example.net,7407773717,"PSC 9640, Box 4337
APO AA 04074",Monicatown,Malawi,2024-04-12 04:22
336,Amy,Dean,joshuagutierrez@example.com,368-371-1272,"0454 Lopez Lodge Suite 740
Port Juliatown, HI 91579",Marthafurt,Peru,2024-09-22 22:15
337,Stephanie,Martin,brucechristensen@example.net,+1-845-473-4038,"914 David Trail Suite 483
South Sarahmouth, NV 19084",Watsonshire,Croatia,2024-07-22 11:43
338,Danny,Day,hmoore@example.net,001-490-347-9100,"5277 Jessica Manor Suite 135
Juarezberg, WI 80995",Cruzhaven,Somalia,2024-02-18 13:38
339,Scott,Norman,ilevy@example.net,206-704-8684,"31650 Jenny Avenue
Carolynland, WV 17451",North Christina,Morocco,2024-02-22 22:16
340,Nancy,Peterson,melissa96@example.com,422-510-7403,"298 Ramos Mountain
Melindaburgh, AL 89448",North Veronica,Gabon,2024-07-24 21:52
341,Michael,Mcclure,alicia26@example.com,3345994670,"6165 Emily Cape
Vasquezton, IN 52267",Trevorton,Togo,2024-03-08 01:18
342,Gregory,Bell,mberry@example.org,001-429-473-8795,"6233 Lucas Stravenue Suite 141
West Jamesmouth, OR 03229",Millerstad,Panama,2024-02-24 03:03
343,Dustin,Hubbard,cturner@example.com,8348958005,"2734 Joseph Trail Apt. 041
Blackwellshire, WA 74122",Charlesshire,Saint Helena,2024-03-18 18:29
344,Emily,Stone,yturner@example.com,001-298-593-2942,"386 Tiffany Views
Jerrybury, SC 29983",Davidborough,Dominican Republic,2024-08-27 19:04
345,Steven,Santos,timothykennedy@example.net,+1-951-943-2499,"48990 Stephanie Inlet Apt. 058
East Sarah, ID 69424",Lake Michelleberg,Venezuela,2024-03-17 14:59
346,Bradley,Moore,robert55@example.com,9446593535,"USNV Hicks
FPO AP 48324",East Donnabury,Saint Helena,2024-03-20 01:57
347,Scott,Liu,rmoore@example.org,8508985988,"2910 Schneider Path
Harrisville, NC 60768",Smithmouth,Turkey,2024-01-03 02:48
348,Karen,Mcdonald,susanbrown@example.net,731202-7806,"72879 Brad Manors
Port Brucetown, ND 37712",North Joshuaborough,Swaziland,2024-02-12 15:35
349,Renee,Rodriguez,oroach@example.net,+1-966-264-5446,"4246 Edward Meadow Suite 548
South Jasonland, KY 53134",Marshallville,Pitcairn Islands,2024-07-26 12:54
350,Jaclyn,Cordova,ramirezanna@example.com,972581-2759,"065 Miller Forks
East Sandratown, CO 48519",Port Caitlin,Eritrea,2024-07-26 14:25
351,Charles,Hinton,kimberlyharris@example.net,723337-8211,"13209 Eric Cove Suite 876
New Kimberlyfurt, MT 25020",Brittanyview,Djibouti,2024-03-22 15:04
352,Amanda,Wilson,bentonjorge@example.com,795-799-9935,"5694 Rachel Mount Apt. 418
Port Lisa, IN 10583",Wilsonbury,Bangladesh,2024-01-25 01:15
353,Casey,Cox,raguilar@example.com,8523257806,"94328 Olivia Key
Wagnerfort, IN 18888",New Bradley,Bahrain,2024-04-08 18:46
354,Michael,Vega,powerschristine@example.org,3385494120,"1511 Kaufman Street
North Williamton, VT 64134",East Kimmouth,Mali,2024-07-08 09:59
355,Sonya,White,pachecocharles@example.org,9838101207,"PSC 6435, Box 9070
APO AP 12049",Michaelchester,Brunei Darussalam,2024-06-10 08:18
356,Beverly,Barton,gregoryrich@example.com,238-727-3010,"91473 Johnson Trail Suite 499
North Noah, MT 83966",North Amy,Taiwan,2024-07-01 01:00
357,Tina,Mcdaniel,michael09@example.com,001-992-617-6725,"PSC 9629, Box 3869
APO AP 87339",Port Stevenville,Nepal,2024-05-16 15:03
358,Angela,Davis,kathryn23@example.org,+1-251-221-9997,"8595 Le Mission
Stephanietown, MO 80036",Herreraland,Sweden,2024-08-04 10:16
359,Daniel,Kirby,bowenthomas@example.org,223-612-2265,"172 Green Fall Suite 139
Ramosmouth, MI 31195",North Juliefort,Mali,2024-02-27 02:05
360,Colleen,Johnson,ewingjames@example.net,873-948-0130,"90054 Lane Forges
Lesliefort, MN 42669",South Cindy,Northern Mariana Islands,2024-08-05 06:09
361,Danielle,Mahoney,michelle61@example.net,001-489-864-9913,"96765 Miller Village Apt. 319
Thomasport, NV 47026",North Rodney,Austria,2024-03-27 13:24
362,Ralph,Johnson,christopher23@example.org,6898158098,"4087 Joyce Rapid
West Billy, MN 35089",Port Gary,Faroe Islands,2024-06-07 23:55
363,Amber,King,joselambert@example.org,-10633,"1741 Smith Manor
North Johnview, LA 14240",Port Lauraville,Barbados,2024-01-23 13:52
364,Misty,Chen,billrivers@example.net,691741-9589,"123 Victoria Shores
Obrienberg, VI 85368",Lake Paulport,Belarus,2024-01-30 11:17
365,Craig,Harris,rdean@example.org,8319178755,"37618 Smith Course
Chelseaburgh, AS 86526",Barnesfurt,Benin,2024-09-13 04:54
366,Cody,Rivas,mendezmelissa@example.net,5872046078,"37819 Jeremiah Extensions Suite 926
Danielleport, NE 22846",West Lisamouth,Cocos (Keeling) Islands,2024-03-30 22:40
367,Scott,Ward,huntbrittany@example.net,279-662-8142,"Unit 4024 Box 5704
DPO AA 84529",Marymouth,San Marino,2024-08-18 19:38
368,Colleen,Duke,hoodrobert@example.com,236581-6579,"5416 Frazier Circles
Andrewmouth, OH 56450",Lake Janet,Thailand,2024-03-29 03:47
369,Rebecca,Vasquez,jesselove@example.net,001-224-798-5904,"7087 Larry Parks Apt. 070
North Tracey, OR 97435",Waltertown,Estonia,2024-03-23 06:20
370,Stacy,Williams,sanchezrandall@example.com,001-262-909-2892,"710 Cheyenne Mews Apt. 363
East Carlosburgh, CT 14523",Port Mark,Malawi,2024-09-07 06:42
371,Scott,Davila,gcastro@example.org,972272-8986,"215 Harris Radial Suite 499
West Gloria, VT 31377",East Codybury,Guadeloupe,2024-09-23 12:55
372,Sarah,Cannon,allengregory@example.com,001-748-925-1549,"3254 Aguirre Wall Suite 915
Port Melissaside, PA 37399",Ochoashire,Singapore,2024-03-03 03:00
373,Nicholas,Mitchell,psandoval@example.com,372-372-8515,"53521 Tyler Groves
Williamhaven, AR 08966",New Matthew,Cayman Islands,2024-03-18 17:25
374,Alyssa,Grimes,christianbaker@example.org,809957-1422,"8717 Carol Crescent
South Christopher, VT 06136",North Judith,Brunei Darussalam,2024-04-12 08:39
375,Tammy,Lee,gail76@example.com,541414-9338,"1328 Alex Corner Apt. 953
New Natashabury, ID 26815",Suebury,Singapore,2024-04-09 23:11
376,Johnny,Clark,bonnie42@example.org,3154558057,"33754 Thomas Plains
Rowlandtown, UT 85043",Shanefort,Nigeria,2024-08-16 16:34
377,Tracy,Edwards,adriandominguez@example.net,001-557-272-1855,"575 Craig Mills
New Michael, VT 04598",East Juanborough,Guadeloupe,2024-01-24 23:52
378,Joseph,Williams,john86@example.net,+1-697-827-8587,"539 Robinson Stream Apt. 412
New Victor, ME 54604",Garyland,Ethiopia,2024-07-18 07:56
379,Kristin,Henry,megan12@example.com,-9450,"PSC 5926, Box 0745
APO AE 60138",North Mackenzie,Sweden,2024-03-18 02:44
380,Jose,Buckley,megan51@example.net,+1-276-464-2108,"096 Craig Mission
South Jenniferstad, NY 51473",New Amandaview,Sri Lanka,2024-08-10 20:51
381,Julie,Stevens,lthomas@example.net,001-425-729-2826,"29645 Charles Brook Apt. 778
West Andrewberg, KS 82562",East Nancymouth,Azerbaijan,2024-01-29 17:46
382,Jasmin,Preston,christopher79@example.org,001-698-494-5638,"5624 Cain Shores Suite 079
Greenmouth, SD 10873",West Mark,Bulgaria,2024-06-17 14:40
383,Dawn,Anderson,laura54@example.com,283739-9409,"27074 Michael Row
Charleshaven, NV 28256",Moorefort,Tanzania,2024-07-11 12:29
384,Susan,Chambers,craneandrew@example.org,+1-622-949-0576,"05341 Walker Locks Suite 854
Lake Joelville, NM 75576",Port Emily,Greece,2024-05-23 21:21
385,Brian,Martin,douglas86@example.com,001-567-823-5282,"545 Beverly Mill
New Carrie, PW 83743",Matthewschester,Montenegro,2024-04-24 09:15
386,Samuel,Taylor,grobertson@example.net,6502734175,"Unit 2558 Box 3422
DPO AA 36151",Gillespiefurt,Nigeria,2024-03-23 20:52
387,Rebecca,Jones,brendashepard@example.org,6983755156,"34460 Barbara Oval Apt. 846
South Matthewview, PW 06250",Raymondborough,Guyana,2024-06-02 22:42
388,Lisa,Irwin,salaskatrina@example.com,+1-315-554-4541,"1756 Mary Run Apt. 888
South Lisahaven, ND 92763",Antoniofurt,Cuba,2024-03-29 22:18
389,Annette,Woods,ellen05@example.com,754331-9639,"909 Shawn Walks Suite 055
Allenbury, ND 46972",Whiteview,Barbados,2024-07-03 15:20
390,Chelsea,James,nicole00@example.net,+1-479-493-4964,"0230 Emily Estates Apt. 330
South Ericbury, NY 79155",Andreafurt,Armenia,2024-09-09 15:08
391,Jill,Moore,dbuck@example.net,221-611-4599,"0543 Elizabeth Coves
Jeffreyshire, RI 66213",Woodschester,Egypt,2024-09-21 22:10
392,Shannon,Watson,vdavis@example.org,001-481-593-6010,"Unit 7973 Box 6705
DPO AE 58527",Margaretville,Western Sahara,2024-06-12 10:34
393,Alex,White,hudsondiane@example.com,8833346069,"PSC 3372, Box 3746
APO AE 80261",New Amanda,Thailand,2024-02-22 15:05
394,Elizabeth,Freeman,williamsstephanie@example.com,+1-888-615-5434,"044 Anderson Springs
Hamptonland, MA 45913",Lake Patrickfurt,Zimbabwe,2024-09-04 18:05
395,Samantha,Ward,christophercummings@example.org,741-635-0539,"5139 Rosario Station Suite 184
South Danielview, ME 03358",Travisport,Chile,2024-07-04 00:40
396,Katrina,Walker,ndixon@example.org,442-936-4113,"5828 Sandoval Pass Suite 192
Joshuabury, ME 66967",South Sarah,Azerbaijan,2024-01-19 11:05
397,Roy,Smith,larrystewart@example.net,6402668723,"Unit 7426 Box 5206
DPO AE 03333",South Cindy,Romania,2024-09-01 23:08
398,William,Smith,nealricardo@example.org,7043156152,"67585 Rachel Parks Apt. 240
Dwaynebury, FL 69558",East Kevinshire,Cyprus,2024-03-05 14:05
399,Karen,Lewis,karenbarrett@example.net,001-684-310-8579,"58392 Torres Heights Apt. 563
East Michelletown, OH 32217",Jeremyville,Pakistan,2024-06-28 21:51
400,Cynthia,Hardin,johnsoncheryl@example.org,335-731-5186,"25275 Brianna Route
West Christian, IL 68160",Ramirezfort,Israel,2024-06-20 20:28
401,Jonathan,Quinn,evansmark@example.net,5047495920,"43586 Rodney Groves
Robertsbury, PR 85775",Gabrieltown,Angola,2024-09-08 02:15
402,Gregory,Matthews,robinsonbilly@example.net,896-601-6335,"2727 Clark Pass
North Lindsay, NC 18594",Buckhaven,Mauritius,2024-08-09 02:58
403,Katherine,Moore,jflores@example.com,217849-8345,"849 York Summit
North Michellestad, AL 77653",East Johnmouth,Belarus,2024-09-15 20:16
404,Jenna,Tucker,gregorystephen@example.org,3614589316,"9571 Charles Meadow
Oliverborough, NM 82028",Alvaradostad,Colombia,2024-09-17 20:17
405,Eric,King,sharonespinoza@example.com,5974937079,"6845 Aaron Summit Apt. 848
Martinhaven, CT 00520",South Ray,Cuba,2024-01-09 22:11
406,Zachary,Singh,james57@example.org,+1-516-848-8123,"013 Contreras Ramp
South Michaelhaven, LA 55980",South Amanda,Indonesia,2024-02-05 04:38
407,Mark,Moreno,browntammy@example.org,001-202-915-5318,"831 Powers Motorway
North Maurice, PA 05178",Port Stevenmouth,Nigeria,2024-09-21 22:47
408,Elizabeth,Montes,lmichael@example.com,4528706369,"456 Lisa Ways Apt. 633
Port Emily, ME 74251",Lake Kathrynbury,Andorra,2024-02-17 22:20
409,Steven,Russo,aclark@example.com,599-917-3748,"8849 Gordon Isle
Melissaview, NV 69298",Jimmouth,Dominican Republic,2024-05-05 17:31
410,Jessica,Lloyd,cindy64@example.net,+1-394-989-5069,"49576 Cole Ville Suite 389
Jesseshire, TX 61436",New Michelleside,United Kingdom,2024-01-20 00:04
411,Tara,Wright,twilliams@example.org,334-991-5172,"3087 Smith Dale
New Jasonborough, LA 74420",West Jessicaberg,Kiribati,2024-08-24 23:41
412,Megan,Zuniga,wheelerdanielle@example.org,510657-7405,"71678 Nathaniel Ridges Apt. 707
Boydshire, ME 04428",Lake Noahview,Yemen,2024-06-17 14:52
413,Gregory,Taylor,jeremywest@example.net,601250-2270,"4848 Andrews Burgs
Shannonbury, CA 93117",Rebeccafort,Cayman Islands,2024-04-21 10:10
414,Julie,Jennings,lopezpedro@example.com,2342402111,"4027 Elizabeth Loaf Apt. 237
Lake Thomasview, IN 47732",New Scott,Guernsey,2024-02-24 08:32
415,Cheryl,Miller,richard51@example.net,+1-873-237-5806,"456 Matthew Lock
West Jonathan, VI 13404",South Michealchester,Botswana,2024-04-15 08:05
416,Richard,Thomas,amber17@example.net,+1-817-443-8224,"387 Sarah Streets
Teresaview, NM 81350",Mayoland,Netherlands,2024-03-08 14:32
417,Elizabeth,Ferguson,james38@example.org,-7155,"6150 Christine Prairie Apt. 730
East Rachael, OH 78216",Austinside,Holy See (Vatican City State),2024-07-02 01:14
418,Alyssa,Howell,adamsmith@example.org,6093854203,"906 Stephanie Motorway
West Johnborough, FM 98885",Robertsfort,Isle of Man,2024-08-04 12:33
419,Shelby,Ruiz,lori14@example.com,5682732093,"Unit 1943 Box 7272
DPO AE 86216",West Joshua,Malawi,2024-09-11 00:31
420,Billy,Perry,victoria35@example.net,001-576-251-1269,"063 Daniel Island Suite 803
North Aaronmouth, ND 91179",New Pamelafort,Senegal,2024-07-12 07:21
421,Robert,Carter,judith13@example.net,3973442869,"89370 Powell Causeway
Michaelshire, LA 84672",Debraland,Algeria,2024-08-31 09:41
422,Richard,Brooks,elizabeth20@example.com,391-403-5688,"572 Miranda Trafficway Apt. 699
North Peter, TX 74672",Zacharyshire,Guinea-Bissau,2024-08-02 07:33
423,Erin,Sanchez,calderonheather@example.org,411-461-9539,"PSC 4253, Box 3932
APO AA 58300",Matthewville,Taiwan,2024-04-19 03:25
424,Edward,Morales,oclark@example.net,9758643274,"3726 James Pike
Lake Theresabury, CA 46267",Darinmouth,Palestinian Territory,2024-01-20 04:25
425,Christopher,Le,melindakelley@example.org,617985-1139,"7668 David Lane
Lake Johnny, GU 60290",Port Rickyhaven,Niue,2024-01-14 03:39
426,Jeremy,Gibson,gutierrezjoshua@example.net,530-693-1295,"21697 Neal Station Apt. 253
Hernandezfurt, VA 57400",Lake Sydneyton,Uzbekistan,2024-09-14 18:02
427,Austin,Miller,garciashirley@example.net,4803452236,"8280 Adams Gardens
New Danielleville, AR 91869",Muellerport,Lao People's Democratic Republic,2024-07-08 08:43
428,John,Sanders,powelllinda@example.com,+1-949-668-0221,"97277 Jill Junctions Apt. 203
Catherineshire, WY 82162",Harrisonmouth,Turkmenistan,2024-07-21 05:01
429,Michael,Cain,nathanford@example.org,001-662-456-0749,"7582 Heather Pike
New Bryan, KS 51868",Clarkchester,Iraq,2024-06-11 08:36
430,Nicholas,Gardner,ybates@example.org,328-727-0224,"098 Mcbride Tunnel
South Jesse, IL 64734",Carriebury,Northern Mariana Islands,2024-09-06 18:05
431,Kathleen,Cabrera,vaughannancy@example.net,9299360540,"63332 Ruiz Lane Apt. 292
New Jamesmouth, AR 71952",Garyfurt,Mozambique,2024-03-02 07:07
432,Justin,Hernandez,mason92@example.org,266728-6136,"895 Myers Cove Apt. 487
Port Rodney, AZ 10078",Lake Leah,Lesotho,2024-03-09 03:56
433,Abigail,Galvan,robinsonelizabeth@example.org,436291-9788,"86156 Jeffrey Estates Suite 680
Jenkinsstad, FL 86746",Lisaton,Niger,2024-04-17 18:10
434,Jennifer,Larson,reneewhite@example.com,+1-958-947-8689,"30857 Catherine Via Apt. 079
Jessicahaven, PR 49412",Goodmanstad,Iceland,2024-03-27 11:40
435,Brian,Richardson,randerson@example.org,+1-843-642-6201,"9218 John Lakes
Briannaview, WY 62506",Port Kevinfurt,Ireland,2024-03-26 12:06
436,Chad,Welch,jonathan45@example.org,3676135071,"376 Amy Tunnel
Lake Aaron, NH 52995",New Tammy,Timor-Leste,2024-06-25 14:32
437,Shane,Daniels,usmith@example.org,890384-5345,"679 Brown Common Suite 348
Jerrytown, SD 26185",West Davidhaven,Kuwait,2024-07-13 22:08
438,Julie,Sellers,loristokes@example.org,7468367506,"525 Michele Curve Suite 173
Johnburgh, IA 35319",Brownton,Niue,2024-04-20 18:00
439,Cynthia,Johnson,eric91@example.com,7638822333,"521 Villanueva Glens Suite 921
Lake Brianhaven, NJ 18388",Port Tinaview,Congo,2024-05-26 01:57
440,Anthony,Miller,bryanlewis@example.net,7756658321,"484 Franco Centers Suite 002
West Kennethfort, MH 05509",Christinatown,Guinea-Bissau,2024-07-11 07:46
441,Candice,Williams,zwashington@example.com,2453663064,"4801 Michelle Mills
Howardmouth, MT 13147",Keithburgh,Gibraltar,2024-08-14 22:38
442,Sandra,Gutierrez,eallen@example.net,216-449-6828,"0507 Paul Cape
South John, ND 74980",Christineton,Trinidad and Tobago,2024-01-16 15:15
443,Wesley,Young,matthew38@example.net,9154391214,"85884 Martha Stravenue Apt. 168
Johnhaven, TN 48017",Matthewmouth,Anguilla,2024-01-20 22:58
444,Gregory,Wright,shepherdjoshua@example.com,935215-6491,"141 Chapman Vista Suite 503
Rebeccatown, FM 56462",East Kathryntown,Pitcairn Islands,2024-09-06 01:53
445,Scott,Landry,tjones@example.com,216-364-7193,"003 Jordan Oval Suite 613
New Nicoleville, MT 45203",Lake Chase,Czech Republic,2024-05-11 05:25
446,Tina,Sanchez,shawndavis@example.org,472445-4937,"6218 Brown Park Suite 923
Port Brandon, MS 39222",Cartermouth,Italy,2024-08-28 19:24
447,Jennifer,Daniels,karenwelch@example.org,341-458-2134,"3432 Gonzalez Tunnel Suite 106
West Charles, SD 35381",Rodriguezmouth,Svalbard & Jan Mayen Islands,2024-03-22 02:26
448,Brandi,Jones,pschwartz@example.com,721-221-2702,"39510 Christy Circles Apt. 897
Laurenhaven, MT 29085",West Lee,Malaysia,2024-03-20 17:12
449,Patrick,Villanueva,ymartinez@example.net,001-669-359-3469,"794 Collin Forges Apt. 443
East Christopher, MO 03093",South Emilyland,Poland,2024-05-01 02:43
450,Rebecca,Waters,adam91@example.net,5979904936,"2028 Baker Glens
Sallyhaven, ID 80643",Christophermouth,Turkmenistan,2024-05-14 21:24
451,Kenneth,Christian,smithsabrina@example.com,8125865363,"55522 Patterson Viaduct Apt. 042
Randyburgh, KY 14748",Munozland,Myanmar,2024-09-14 22:03
452,Mikayla,Lewis,reginald55@example.net,359-461-8541,"91184 Brewer Ranch Apt. 019
New Gordonborough, CO 32418",New Blakeshire,Italy,2024-08-18 06:29
453,Kyle,Marshall,walter60@example.net,+1-427-894-7298,"312 April Ramp
Youngchester, IA 77337",South Andrew,Falkland Islands (Malvinas),2024-03-10 20:36
454,Heather,Alvarado,jessica40@example.org,3228759818,"3806 Karen Springs
North Anna, WA 89164",Lake Sarah,Portugal,2024-03-12 20:24
455,Jennifer,Levy,perezjohn@example.com,-6135,"60576 Katelyn Via Apt. 898
West Nicholasmouth, MN 97028",Lake Cynthiaton,Brunei Darussalam,2024-06-19 01:09
456,Jason,Cox,heathstacy@example.com,-10137,"960 Sanchez Islands Suite 029
Garyborough, LA 89858",Lake Carolynside,Japan,2024-03-21 20:08
457,William,Smith,jerrywaller@example.net,4669254384,"956 Anderson Views Apt. 583
Corymouth, AS 63679",Lake Lori,Niue,2024-08-21 13:53
458,Miguel,Rice,jillcooper@example.com,001-793-956-5349,"128 Stephen Way Apt. 184
Williamstad, WI 45696",Fosterfurt,Ecuador,2024-02-26 08:42
459,Jennifer,Spencer,cooperjoshua@example.org,2855695978,"309 Melissa Rue
Santosville, IL 14414",Lake Nicole,Cote d'Ivoire,2024-04-13 19:47
460,Donald,Palmer,craigmiranda@example.net,7456776909,"69885 Cindy Passage
Harrisberg, MP 99813",Maciastown,Saudi Arabia,2024-06-16 17:30
461,William,Mcdowell,frank19@example.org,302243-3404,"3766 Reed Throughway
Lake Laurenside, PR 37027",New Michaelfurt,Cameroon,2024-03-27 23:31
462,Jonathan,Dunn,dustin44@example.net,001-284-383-0393,"890 Beth Mount
Watsonbury, AR 60873",New Shannon,Heard Island and McDonald Islands,2024-06-11 00:39
463,John,Walker,maysherry@example.net,237680-4245,"0153 Garcia Lodge
Villarrealfurt, VI 66667",Colinview,Chad,2024-05-21 05:26
464,Ariana,Mccarthy,matthewscott@example.net,694-848-1518,"7695 House Wells Apt. 823
East Kimberly, MD 07719",East Lisa,Guinea-Bissau,2024-05-15 18:30
465,Stephanie,Ferguson,rking@example.com,001-528-841-5333,"429 Keith Row
Christopherborough, VT 16727",North Sarah,Tunisia,2024-01-07 01:24
466,George,Williams,jgarcia@example.net,245-715-0951,"978 Anderson Junctions Suite 655
New Tiffanyburgh, MD 12389",East Karenview,Angola,2024-02-05 09:52
467,Micheal,Johnson,rasmussenmichael@example.com,211-528-7832,"81123 Martin Stravenue Suite 535
New Beth, TX 17623",Tuckerfort,Maldives,2024-08-26 16:27
468,Andrew,Sims,emilypoole@example.net,+1-991-338-2082,"58293 Michele Drive Apt. 728
Johnsonmouth, MN 14823",Meganborough,United States of America,2024-03-22 16:08
469,Chad,Taylor,angela10@example.net,804430-5358,"55771 Richard Centers
Michelleton, VI 97692",West Kyle,Guam,2024-02-11 17:35
470,Margaret,Fisher,lopezwilliam@example.org,2304329238,"17387 Johnson Via Apt. 862
Derrickborough, CT 17864",East Gina,Argentina,2024-01-26 00:25
471,Monica,Harrington,davischristopher@example.org,3616489184,"83898 Mcknight Gardens
Port Rachelbury, WI 32926",North Brittanyville,Liberia,2024-01-29 23:34
472,Angela,Baker,fisherroger@example.org,001-438-490-2484,"9616 Ford Plain
Andersonside, IL 38182",Russelltown,Taiwan,2024-03-01 08:03
473,Craig,Butler,mcclurecynthia@example.com,9738476808,"0026 Harris Neck Suite 511
Courtneyfurt, ID 94733",Andersonfort,United Kingdom,2024-08-11 18:31
474,Melissa,Rocha,robertsonjohn@example.net,988-542-2161,"87175 Johnson Road
South Davidville, OR 30419",North Stephanie,Namibia,2024-04-13 01:48
475,Sarah,Oneal,daniel62@example.org,691993-0406,"787 Cochran Harbors
North Juliefurt, DC 25955",South Lisa,Congo,2024-07-16 21:14
476,Mary,Fisher,michaelhamilton@example.com,8128377365,"71545 Deborah Freeway
Aliciaton, IA 19857",East Sergioland,Moldova,2024-07-30 16:46
477,Bryan,Chan,qmartinez@example.org,+1-267-295-4922,"08082 Gallagher Flat Suite 791
Port Nicoleland, MT 91836",Washingtonstad,Jordan,2024-06-03 04:14
478,Lauren,Clark,aaronwilliams@example.com,3164967646,"4721 Ward Summit
Elizabethland, FM 69688",North Emilystad,France,2024-04-23 02:30
479,Ariel,Ford,udavis@example.net,880-910-1258,"6681 Jackson Views Suite 623
Danatown, PW 92630",Ortizville,Montenegro,2024-04-27 14:12
480,Jacob,Pena,wiseandre@example.net,620-644-7096,"3545 Jeffery Rapid
Timothyburgh, IN 39385",New Caitlin,Gambia,2024-03-25 14:14
481,John,Zhang,brittanysmith@example.net,505-608-4490,"2109 Martin Brook Suite 961
Lake Lynnmouth, NE 40962",Christinachester,British Indian Ocean Territory (Chagos Archipelago),2024-09-04 11:22
482,Erica,Santos,deanjohnson@example.net,001-397-639-2104,"85290 Robert Route
Port Michaelport, IL 47234",New Paige,Suriname,2024-04-04 14:29
483,Walter,Walker,zlucas@example.com,8845245451,"3992 Morgan Terrace
Normantown, MT 16290",Cobbberg,Nicaragua,2024-05-13 15:22
484,Jacqueline,Alvarez,bjohnson@example.com,4983209827,"4094 Walker Fords Suite 148
North Rebecca, NJ 64814",Loganfurt,Azerbaijan,2024-03-31 06:34
485,Christopher,Hamilton,halerichard@example.net,+1-584-214-8195,"24907 Baxter Ville Apt. 351
Lake Ashley, WI 87753",Tinabury,Saint Helena,2024-04-05 17:30
486,Christopher,Green,john98@example.com,758-852-9326,"376 Matthew Plaza
Rachelland, WA 04845",Kellyville,Georgia,2024-07-23 13:13
487,Sean,Colon,xgross@example.org,001-938-962-1013,"24771 Bond Radial Suite 979
South Tiffany, KS 94871",Gonzalesshire,Belize,2024-02-12 23:30
488,Preston,Gordon,xpeters@example.org,442-358-4191,"72941 Reid Underpass
New Kimberlychester, MO 18883",Joshualand,French Guiana,2024-02-10 00:20
489,Deborah,Mills,oanderson@example.net,4885725580,"Unit 8546 Box 8573
DPO AA 84924",Ericmouth,Syrian Arab Republic,2024-08-26 05:17
490,Scott,Alvarado,diane81@example.net,+1-693-329-1243,"45249 Maria Cliffs
Teresaborough, UT 62027",Comptonbury,Australia,2024-03-14 22:58
491,Anita,Rodriguez,hannahnolan@example.com,001-817-357-7111,"987 Christy Port
New Christian, CT 28274",Dianamouth,Isle of Man,2024-05-13 16:31
492,Christopher,Lewis,hatkinson@example.com,220-691-7750,"859 James Shore Suite 713
Nataliechester, MO 70623",Johnburgh,Saint Kitts and Nevis,2024-09-05 02:21
493,Jason,Lowe,gregorybrown@example.org,001-243-808-4937,"8985 Callahan Well
Port Rachelport, VT 91147",Lake Lisa,American Samoa,2024-02-22 17:47
494,Evan,Gomez,collinslauren@example.com,-9551,"27886 Joyce Lake Apt. 146
Robinsontown, CT 51184",Lake Victoria,San Marino,2024-01-19 22:36
495,Joshua,Hernandez,athompson@example.net,001-430-639-6790,"67462 Owens Villages
Munozberg, FM 79559",East Katherine,Ethiopia,2024-05-22 23:30
496,Derrick,White,troymccarthy@example.com,774-574-2635,"62091 Amanda Street Apt. 729
South Samuel, NV 26807",Port Caitlinfurt,Mauritius,2024-02-13 03:52
497,Richard,Hall,alexandra43@example.net,+1-939-661-0214,"832 Nancy Forest
West Jeremy, UT 10082",New Beckyville,Ethiopia,2024-02-24 20:07
498,Angel,Martinez,jackieflores@example.com,689460-9495,"81068 Amy Keys
West Robertstad, AS 45816",Danielberg,Jamaica,2024-04-09 08:08
499,Ricky,Reese,lori16@example.org,629571-3052,"PSC 1364, Box 5932
APO AA 84985",Thomasfurt,Niue,2024-05-20 09:55
500,Dawn,Simmons,rodgersmatthew@example.net,+1-921-709-8563,"0675 Gary Ford Suite 020
Timothychester, UT 85003",Adamport,Croatia,2024-07-27 04:58
501,Jeffrey,Davis,isaiahcox@example.net,704-408-3507,"2696 Sanchez Via
West Rachelshire, IA 25862",West Bridget,Comoros,2024-03-22 08:01
502,Jaclyn,Price,ygay@example.org,001-585-302-0762,"755 Rodriguez Walk
West Alexanderside, OK 40507",Markfurt,Iceland,2024-04-14 10:56
503,Cory,Perkins,sarah93@example.net,450885-4327,"008 Sonya Views Apt. 717
South Matthew, AK 01905",Port Linda,American Samoa,2024-05-08 01:07
504,Austin,Haynes,christinemunoz@example.org,+1-711-478-0294,"1674 Ponce Mountain
South Judymouth, AL 68551",East Elizabethtown,Solomon Islands,2024-07-01 14:17
505,Tara,Smith,lynn47@example.com,+1-507-837-7861,"Unit 2713 Box 9727
DPO AP 74851",South Mark,Liechtenstein,2024-09-12 20:09
506,Rebecca,Cole,mark58@example.org,7467773844,"3904 Butler Plain
New Jacob, MA 37890",North Ashleyview,Tokelau,2024-06-01 22:17
507,Elizabeth,Smith,cpratt@example.com,001-829-871-7283,"04118 Grimes Corner Apt. 627
New Anthonyland, DE 21653",East Brandon,Timor-Leste,2024-09-13 06:01
508,Antonio,Salazar,osbornclayton@example.com,+1-324-896-4355,"780 Jonathon Vista
Lake Michael, TX 81608",West Vanessaview,Portugal,2024-04-30 10:28
509,Kathy,Sanchez,colinbutler@example.net,001-896-220-1729,"55304 Jason Spurs Apt. 120
Bradfordhaven, SD 77362",New Theresa,Bermuda,2024-01-25 16:28
510,Summer,Ramirez,maryharris@example.org,7853122950,"PSC 4475, Box 2468
APO AE 30240",North Michelle,China,2024-07-09 10:55
511,Brenda,Horn,victoriadrake@example.com,681986-7780,"434 Andrew Well
South Jennifer, PA 04243",New Ashleyland,Lithuania,2024-02-07 14:40
512,Lauren,Wood,christopherbell@example.com,001-646-952-7304,"02588 Jimenez Club Apt. 180
Gillside, VI 26939",Lake Ronaldton,Cambodia,2024-07-21 21:47
513,Seth,Woods,tranmichael@example.com,854542-9774,"PSC 2299, Box 8287
APO AP 73239",Lopezburgh,Heard Island and McDonald Islands,2024-01-10 06:42
514,Anthony,Stein,alice27@example.com,6116560302,"PSC 5096, Box 4998
APO AP 17313",Lake Paul,Germany,2024-05-25 18:44
515,Elizabeth,Hardin,turnererin@example.net,6198866271,"1901 Chan Knoll Apt. 804
Carterland, NC 84468",Port Noah,Cambodia,2024-05-07 12:15
516,Nicholas,Perez,martinezrebecca@example.org,+1-312-724-5778,"412 Reynolds River
North Robertville, OH 74675",South Luisstad,Faroe Islands,2024-07-08 14:03
517,Molly,Carlson,yrogers@example.net,993-804-5447,"607 Davis Trail
Lake Matthewview, MH 27970",Lake Codychester,Equatorial Guinea,2024-04-24 02:12
518,Megan,Mckenzie,matthewbishop@example.com,390-924-3822,"99143 Stone Brook
Rachelberg, VI 16269",Tamifort,Grenada,2024-09-14 02:51
519,Sandra,Blankenship,christinecarlson@example.com,805694-5191,"USNS Higgins
FPO AE 00849",East Kellyville,Malaysia,2024-09-14 09:11
520,Laura,Cooper,sancheznathan@example.com,8883105588,"98522 Tiffany Island Apt. 751
East Dustin, WY 69383",New Brittneychester,Monaco,2024-04-08 01:48
521,Tammy,Mcdonald,zjones@example.com,806847-3088,"66493 Luis Trail Suite 792
Walkerview, VT 60999",Jaredtown,Suriname,2024-06-14 04:39
522,Taylor,Velazquez,darrell92@example.com,+1-302-674-4401,"9125 Courtney Highway
New Hannahside, DE 85110",East Samuel,Jersey,2024-06-18 18:59
523,Rebecca,Shepherd,wooddiane@example.com,560296-9150,"95501 Todd Cliff Suite 527
Patriciaside, HI 50982",Henryport,San Marino,2024-04-14 14:24
524,Robert,Jones,iromero@example.org,9042524482,"145 Ronald Fork
West Jennifer, UT 66880",West Erinland,Christmas Island,2024-04-04 11:18
525,Jennifer,Smith,iwillis@example.org,+1-940-305-8343,"10796 Lucas Corner Apt. 350
Nguyenville, OR 09857",New Juan,Christmas Island,2024-04-01 03:53
526,Susan,Rogers,stephanie49@example.com,894216-0914,"4038 Brian Skyway Suite 216
Lake Stacymouth, MH 67277",Brettmouth,Nepal,2024-02-02 08:07
527,David,Keith,cordovadiana@example.org,6995663685,"84175 Robert Mountain
Carlachester, IA 49522",North Stevenborough,Thailand,2024-05-10 21:30
528,Pamela,Carter,xjennings@example.org,903438-7563,"790 Joshua Falls
Garciaton, WI 26175",North Joshua,Cyprus,2024-07-12 11:09
529,Johnny,Johnson,mary50@example.net,832-593-7683,"89677 Taylor Gateway
East Andrew, VT 60674",South Jonathanmouth,Mauritius,2024-04-18 13:08
530,Lauren,Schmitt,kim84@example.com,5213367431,"2714 Mark Square Suite 479
Lake Bethanyborough, MA 56330",North Tammy,Iraq,2024-06-02 12:28
531,Amy,Hopkins,dortiz@example.com,8229967980,"289 Aaron Corner
North Alexiston, VT 40207",East Danielle,Monaco,2024-09-13 20:02
532,Richard,Ashley,john74@example.com,2635251969,"68603 Zamora Valley Suite 473
Port Jeffreyport, SC 34141",Lake Vernon,Oman,2024-04-12 18:20
533,Amber,White,beckyweber@example.org,572-617-5631,"9835 Alyssa Stream
Murphyborough, HI 51151",Port Leah,Ukraine,2024-05-30 22:18
534,Cynthia,Knight,wweaver@example.net,+1-320-297-9505,"398 David Mall
Shawshire, MT 76695",Amyport,Bhutan,2024-03-07 17:34
535,Heather,Perez,ashleynelson@example.net,8853223784,"721 Erin Courts Apt. 761
New Marissa, WY 87799",Bushshire,Burkina Faso,2024-09-21 16:49
536,Diana,Gonzalez,lmorris@example.org,001-719-350-2713,"64573 Richard Trace Suite 429
East Amyport, CT 40365",Joshuaview,Turks and Caicos Islands,2024-04-26 03:49
537,Kyle,Guerrero,weeksalexandria@example.com,001-242-899-6856,"808 Harvey Rapids Suite 088
West Justin, NM 61185",New Melissa,Tunisia,2024-04-29 00:52
538,Jeanne,Swanson,hannah70@example.com,-2526,"32605 John Mount Suite 905
East Jasminebury, KY 03838",Smithstad,Pakistan,2024-08-05 06:41
539,Curtis,Young,dean34@example.org,341913-6256,"186 Fox Green Apt. 207
Lake Deborah, PR 27917",Mayoland,Iran,2024-03-30 14:07
540,Eric,Davis,zacharyburgess@example.org,648862-1965,"457 Sean Street
New Douglas, VT 79300",Port Isaacfort,Saint Martin,2024-05-07 14:25
541,Edward,Jones,brownamber@example.net,3657732981,"65084 Roberta Ramp
East Tinafort, IN 77148",West Cameron,Czech Republic,2024-06-03 19:45
542,Rebecca,Mendez,callahanjohn@example.net,5346016614,"745 Valerie Port Suite 016
Lake Chelsea, GU 46715",Hillville,Guinea,2024-08-05 05:28
543,Kenneth,Smith,michael82@example.com,001-901-390-4016,"99575 Wallace Wells
New Chad, MN 99166",North Coreyport,Bangladesh,2024-03-20 05:03
544,David,Travis,gonzalessandra@example.org,+1-853-968-4610,"936 David Tunnel Suite 045
Lake Aaron, WV 93572",Port Carrieburgh,Venezuela,2024-04-07 06:01
545,Christopher,Rogers,susan23@example.net,532551-6671,"612 Julie Park
Hannahmouth, GA 27185",South Leahtown,Spain,2024-01-20 09:52
546,Maurice,Webb,danielle30@example.org,912780-4347,"198 Emily Flats Suite 946
Port Jackie, IN 19662",North Brittany,Poland,2024-08-25 06:04
547,Misty,Yang,lyonsjohn@example.net,+1-652-932-6113,"71795 Willis Alley Apt. 338
Lake Jillchester, WV 77873",South Williamtown,Haiti,2024-03-13 23:15
548,Renee,Adams,melissahardy@example.org,+1-237-661-6372,"951 Gutierrez Alley Suite 668
South Mary, MO 77906",West John,Wallis and Futuna,2024-08-24 00:02
549,Robert,Tucker,lvillanueva@example.org,9323445866,"9438 Sullivan Pike Apt. 361
Nathanchester, ID 21403",Nealport,Uruguay,2024-07-19 10:30
550,Jeffery,Butler,nnolan@example.com,8292072216,"PSC 4188, Box 2379
APO AA 62445",New Robert,Guernsey,2024-06-18 18:09
551,Charles,Collins,collinschristian@example.com,2858869828,"9507 Russell Canyon
New Stephanietown, NH 53630",Heatherview,Guinea-Bissau,2024-03-06 05:56
552,Donald,Taylor,bill60@example.net,645-400-4938,"176 Michael Cove
South Phillipmouth, TX 81657",East Zacharyland,Central African Republic,2024-03-31 17:55
553,Nathan,Cooper,amberriley@example.org,001-985-373-4025,"572 Collins Rest Apt. 894
Lake Heidi, KY 18256",Clarkport,Jersey,2024-01-02 07:46
554,Mark,Harvey,jose75@example.org,+1-543-923-1612,"59382 Hernandez Village
Smithfurt, PA 14576",Sheilaside,Fiji,2024-07-26 08:31
555,John,Ford,karenmurray@example.com,9035688345,"020 Eileen Run
Weaverside, WY 79162",Lake Judithton,Equatorial Guinea,2024-02-09 16:32
556,Ashley,Hull,yesenia88@example.net,936-747-6509,"10731 Justin Bridge Apt. 824
Josephfurt, OK 52362",East Kathleenborough,New Zealand,2024-05-15 00:28
557,Wendy,Kelly,hgreer@example.net,2107925015,"867 Rich Coves Suite 768
South Kristineport, WV 79435",Lake Jennifer,Iceland,2024-01-19 11:11
558,William,Melton,martinbarry@example.com,8595684011,"9885 Bradley Lock Suite 260
Brownland, VT 31374",Youngton,Korea,2024-09-19 18:39
559,Matthew,Nelson,seanjones@example.org,2968065792,"413 Lopez Fort Suite 374
New Manuel, AS 53961",Crystalmouth,Guam,2024-07-20 20:18
560,Henry,Payne,bkelly@example.com,577385-8189,"50428 Chavez Plains
East Linda, AL 80048",West Garyland,Lithuania,2024-08-03 23:47
561,Amy,Hernandez,masonpatty@example.com,001-489-401-7736,"93142 Michael Hills
Port Sarah, IL 50538",Desireeport,Panama,2024-04-29 06:26
562,Dustin,Baldwin,robert02@example.com,5539689795,"68232 Perry Ville Suite 685
New Felicialand, KS 52814",Port Scott,Japan,2024-06-02 05:13
563,Melissa,Horton,rodriguezkatherine@example.net,+1-693-743-8185,"PSC 6700, Box 5698
APO AE 90769",Howeburgh,Pakistan,2024-02-10 17:43
564,Lisa,Harris,sruiz@example.com,+1-537-359-9954,"12303 James Turnpike Suite 573
Williamsland, WY 98703",Allisonville,Bulgaria,2024-09-02 14:36
565,Daniel,Figueroa,mariewagner@example.org,7724478130,"70651 Suzanne Glen Apt. 243
East Charlene, MN 97844",Harrisstad,Fiji,2024-09-07 06:22
566,James,Cooper,david93@example.org,3768189983,"53630 Karen Cove Suite 426
New Bobbyville, HI 34320",Erikaport,Vietnam,2024-01-10 02:59
567,Dennis,Forbes,geverett@example.net,001-513-836-9802,"19278 Walter Ports Apt. 272
Pamelaton, WV 77695",Port Nicolemouth,Belarus,2024-04-17 14:13
568,Rhonda,Gonzalez,lozanotonya@example.org,709624-5735,"290 Nicholas Circles Apt. 835
West Maryhaven, SC 47518",Herrerachester,British Indian Ocean Territory (Chagos Archipelago),2024-06-15 13:16
569,Sarah,Russell,francisrobert@example.org,-2134,"179 Johnson Station Apt. 234
North Christopherstad, TN 36138",West Nicholas,China,2024-01-25 07:15
570,Dana,Howard,allenkatie@example.net,3292572687,"625 Summers Mission
Joshuaside, MO 76900",South Bryan,Luxembourg,2024-07-15 19:23
571,Tara,Benjamin,karen64@example.org,001-324-371-4164,"794 Patterson Mission Apt. 349
Lake Sandraburgh, IN 60163",Port Alyssa,Saint Lucia,2024-08-08 02:21
572,Kent,Johnson,alexandriaweaver@example.org,291431-9106,"2008 Jones Heights Apt. 490
South Robert, MH 99723",Lake Shane,Serbia,2024-08-10 17:57
573,Jennifer,Holland,churchbecky@example.org,675-720-9167,"3365 David Mountains Apt. 135
West Jesseside, KS 43396",Port Thomasland,Egypt,2024-07-28 07:54
574,Michael,Schultz,bward@example.net,598-652-9005,"6731 Nelson Ferry Apt. 587
Wilsonville, MD 11424",Port Christyborough,China,2024-09-20 01:20
575,Timothy,Wilson,mark72@example.com,7692617490,"58316 Alexis Loop Suite 319
West Sharon, OK 48641",North Larry,Solomon Islands,2024-07-06 21:06
576,Eric,Marquez,kim29@example.net,2272110320,"855 Brett Plaza Suite 614
Hollyfort, ME 63942",Davidmouth,Guadeloupe,2024-03-10 10:04
577,Richard,Tapia,kennedymichael@example.net,001-562-993-0092,"3154 Holly Trail Apt. 325
East Christychester, AL 60003",Port Bridget,Israel,2024-09-23 22:33
578,Steven,Ferguson,efaulkner@example.com,234-637-6464,"74875 Brewer Flats
Denisemouth, AR 19310",Kylechester,Falkland Islands (Malvinas),2024-02-26 20:12
579,Joseph,Ortega,hubbardshannon@example.net,931786-0937,"3159 Donna Fork Apt. 510
East Elaineborough, WY 63323",Lynnmouth,Nepal,2024-01-07 06:41
580,Nicole,Fowler,rlang@example.com,4744827898,"15708 Clark Ford
East Christinaville, SC 22367",North Gregoryborough,Macao,2024-01-17 22:10
581,Jennifer,Lambert,swallace@example.org,758999-3544,"081 Wilson Causeway Apt. 844
Sierratown, TN 22944",Smithchester,Colombia,2024-06-04 14:09
582,Brian,Mcgee,ttran@example.org,816978-0684,"Unit 8867 Box 3434
DPO AA 89036",Gonzalezshire,Venezuela,2024-07-25 16:36
583,Thomas,Bailey,butlerlaurie@example.net,991-970-5838,"639 Lewis Crest
Carrollmouth, RI 29680",Rachelbury,Afghanistan,2024-06-20 15:53
584,Dawn,Welch,phillipwilliams@example.org,897-456-8393,"57565 Henderson Lane Apt. 115
Jennifertown, KS 70082",New Walter,Guatemala,2024-05-22 07:23
585,Tommy,Rollins,tony57@example.net,5174843669,"USNS Newton
FPO AA 84011",Banksland,Comoros,2024-08-12 20:49
586,Nicholas,Nelson,lanecharles@example.org,001-693-590-6853,"4738 Amy Ridge
Davidfort, LA 22804",New Joemouth,Tokelau,2024-04-22 13:27
587,William,Gates,amandacook@example.org,+1-421-882-8895,"29306 William Views Apt. 172
South Mason, WV 24064",Bergermouth,British Virgin Islands,2024-06-30 03:46
588,Brian,Ramos,eowens@example.com,950-664-5169,"238 Tiffany Mills
North Kimberlyton, VI 81829",Williamville,Portugal,2024-06-05 12:45
589,Jonathan,Valdez,marissacampbell@example.net,218351-5983,"842 Kevin Coves
North Teresa, CO 18986",Munozchester,Guinea,2024-05-27 02:59
590,Deborah,Snyder,connorgonzales@example.net,7416768922,"95860 Tristan Pine Suite 191
Port Sara, WY 01678",Ashleyton,Zimbabwe,2024-02-04 09:01
591,Eric,Boyd,hunter91@example.com,657-901-1103,"5989 Franklin Row Suite 712
West Josephberg, MI 44846",Thomastown,Lebanon,2024-07-03 01:50
592,Donna,Taylor,justin52@example.org,940-616-1851,"201 Alejandro Plain
Palmertown, CO 60135",East Tracyhaven,Benin,2024-09-10 17:35
593,Christopher,Holmes,zachary60@example.net,+1-406-405-1175,"3574 Rivera Tunnel Suite 138
Knappside, MA 77805",Mannchester,United Arab Emirates,2024-08-10 20:15
594,April,Robinson,robinsonjeffrey@example.org,291-352-5437,"4372 West Loop Suite 910
North Brandon, CO 23517",Mooneymouth,Morocco,2024-06-13 01:19
595,Sarah,Dominguez,william47@example.net,203-891-3692,"3772 Navarro Trail Apt. 690
Sarahberg, NJ 84752",Wisefurt,Algeria,2024-04-14 17:48
596,Samuel,Rodgers,steven81@example.net,865-592-5968,"PSC 4963, Box 4561
APO AA 51842",North Matthew,Guernsey,2024-03-13 14:46
597,Elizabeth,Barrett,kthomas@example.com,956-494-1788,"7356 Maxwell Falls Apt. 151
Myersfurt, IL 11361",North Kathrynside,Cocos (Keeling) Islands,2024-07-19 00:29
598,Ryan,Oconnor,prowe@example.org,001-845-787-4680,"989 Waters Pine Suite 779
Lauriefurt, MD 06109",Phamstad,Lebanon,2024-01-01 18:52
599,Madeline,Cantrell,delliott@example.org,521354-2330,"321 Stewart Lock Suite 911
Lake Natalieport, UT 38931",South Amy,Taiwan,2024-09-05 19:52
600,Beth,Anderson,shannonkelly@example.org,366-990-2054,"8936 Ellis Islands Apt. 013
Port Brandon, PW 56613",Cookville,United Kingdom,2024-06-23 13:06
601,Hannah,Gallegos,julie38@example.org,212-899-4866,"USS Beard
FPO AA 82551",East Mark,Tokelau,2024-04-29 09:05
602,Corey,West,juliewallace@example.org,4565164565,"3149 Ashley Freeway Apt. 470
New Josephside, SD 34773",Julianville,Malta,2024-05-29 05:00
603,Kimberly,Waters,flemingdarryl@example.net,2492435008,"480 Nancy Stravenue
Garciafort, MO 22903",Port Roy,Spain,2024-08-02 09:01
604,Marc,Freeman,imcclain@example.com,426-713-9027,"712 Burgess Freeway
South Zachary, AR 75176",Leonville,British Virgin Islands,2024-02-12 16:08
605,Ryan,Frye,amyfarley@example.net,935781-9351,"3354 Lisa Club Apt. 785
Noahside, GA 08694",South Melvin,Eritrea,2024-06-19 17:06
606,Hector,Zavala,lopezmark@example.com,8109187941,"13104 Butler Common Apt. 671
East Loribury, TN 30774",Lake Tamiport,Saudi Arabia,2024-04-07 08:27
607,Joe,Howell,travismartinez@example.org,9275822456,"230 Joseph Well Suite 502
Lake Jose, CA 55102",Tatehaven,Afghanistan,2024-08-28 04:24
608,Wanda,Cruz,denise32@example.com,385-462-6320,"461 White Road
Stevenshaven, NH 08955",Costaborough,Macao,2024-01-24 16:27
609,Amber,Liu,marynash@example.net,7663023683,"9665 Jordan Hollow Apt. 527
Nicolemouth, AL 60152",Velasquezfurt,Cook Islands,2024-09-04 08:59
610,Maria,Neal,melissa13@example.net,639-450-7841,"6176 Sanders Light Apt. 637
Moraberg, CA 57087",Veronicahaven,Haiti,2024-07-13 15:41
611,Regina,Gonzales,cyork@example.org,8566833497,"807 Patricia Turnpike Suite 751
Masonchester, VA 88812",Westland,Puerto Rico,2024-02-21 07:35
612,Tracy,Mueller,audreyhall@example.org,+1-668-651-8421,"7752 Kennedy Stravenue Suite 722
Port Ashley, TX 82434",East Michael,Nauru,2024-04-12 22:42
613,Charles,Powers,harrischarlene@example.net,200-275-4140,"34001 Elliott Camp Apt. 823
North Alexandra, CO 32438",Bobstad,Malaysia,2024-09-07 01:30
614,Kevin,Garcia,jparker@example.com,2759808367,"4138 Tracie Way Suite 323
West Wyattside, RI 76305",Rachelshire,United Kingdom,2024-08-13 10:08
615,David,Williams,michaelreyes@example.com,3444993256,"81652 Charles Plains Suite 445
Sanfordmouth, CT 01601",Natalieland,Sao Tome and Principe,2024-07-06 22:48
616,Nicole,Beltran,erin99@example.net,602374-0675,"613 Jennings Ways Apt. 680
Hinesville, VT 29888",New Williambury,Tonga,2024-09-12 06:36
617,Megan,Andrews,andrewboone@example.net,716-668-1651,"9919 Nguyen Isle Apt. 728
West Markbury, CO 97111",West Jenniferstad,Djibouti,2024-01-17 19:17
618,David,Johnson,norrisjennifer@example.org,001-468-824-2823,"USNV Anderson
FPO AA 48879",Garyborough,Peru,2024-08-09 01:10
619,Shawn,Martinez,osmith@example.net,8297302276,"7046 Martin Throughway
Simonshire, OH 99486",Lake Haley,Sudan,2024-08-31 02:10
620,William,Ellison,heatherrussell@example.net,+1-528-929-6705,"360 Kristy Forks Suite 104
Richardsburgh, WV 24451",Youngport,Korea,2024-04-08 13:04
621,Amanda,Blair,mathisbeth@example.net,5207427070,"Unit 5187 Box 3576
DPO AE 99365",Lake Robertfurt,Saint Barthelemy,2024-03-28 18:31
622,Mitchell,Morgan,rgreen@example.net,001-304-712-4602,"9057 Cruz Brook Apt. 282
New Emily, ND 64252",Ingramtown,Brazil,2024-07-24 04:23
623,Robert,Brown,garciakarina@example.org,4945317663,"77337 Gregory Hills Apt. 251
Lindseystad, CT 72942",Fordchester,Dominican Republic,2024-06-18 05:19
624,Wendy,Russell,cgreer@example.com,001-613-620-6849,"37338 Valdez Oval
Robertsbury, PW 19429",Johnshire,Turkmenistan,2024-02-07 04:17
625,Michael,Johnson,andrea69@example.com,2609244018,"273 Omar Summit
New Shaunport, AL 22875",Gatesberg,Azerbaijan,2024-04-25 23:25
626,Diane,Williams,ana04@example.com,7404598779,"72713 Newman Spurs Suite 693
Lake Ericton, HI 51829",Heidimouth,Netherlands Antilles,2024-09-18 07:47
627,Christopher,Thompson,bmcintosh@example.net,+1-374-671-9900,"Unit 1554 Box 3251
DPO AP 52860",Duncanbury,United States Minor Outlying Islands,2024-09-13 05:51
628,Dakota,Little,smithnicholas@example.org,884804-7544,"770 Cooper Gateway Suite 383
Lucasbury, GU 61139",Lake Brian,Saint Barthelemy,2024-07-11 16:22
629,Andrew,Grant,bailey55@example.com,454-381-0752,"4606 Butler Radial Apt. 382
West Seanville, MD 96775",South Yvonne,Heard Island and McDonald Islands,2024-01-12 07:29
630,Theodore,Hunter,smithjoshua@example.com,001-986-863-5282,"69164 Diaz Gateway Suite 782
Port Shawna, MI 89904",Gateshaven,Cuba,2024-01-13 06:51
631,Sandra,Ramirez,sbautista@example.com,7662754900,"03742 Walker Plaza
East Phylliston, VI 86365",Turnerland,Seychelles,2024-04-19 23:55
632,Chad,Fuller,brittany14@example.org,-11053,"799 Hall Street Suite 283
North Michele, GA 33413",South Kristinamouth,South Georgia and the South Sandwich Islands,2024-05-13 15:21
633,Emily,Hill,danielowens@example.org,523869-8947,"8772 Payne River Apt. 927
South Matthew, LA 62353",Stephenview,Saint Kitts and Nevis,2024-01-08 06:41
634,Sean,Boyd,rbradley@example.com,381317-3342,"071 Kerr Path
East Debbie, ND 53414",Wilsonton,Guernsey,2024-06-06 15:57
635,Troy,Williams,brett52@example.org,959-814-0833,"063 Simpson Glen
Lake Adriennetown, WV 42799",Santanaberg,Jordan,2024-02-20 14:24
636,Victor,Wilson,uburns@example.org,6719590165,"354 David View Apt. 946
Lake Desireeport, NY 32052",New Thomaschester,Tokelau,2024-01-22 15:35
637,Jessica,Anderson,davidsnow@example.com,907272-7764,"381 Karen Creek
Scottstad, CT 66135",Lake Danielhaven,Mayotte,2024-08-26 10:27
638,Julian,Taylor,kaitlin62@example.org,404322-2327,"2713 Christina Crescent Suite 589
Lake Michael, MD 42126",New Michael,Turkey,2024-09-20 05:33
639,Jacqueline,Bowers,dmiller@example.net,001-985-347-1658,"0266 Stephen Extension
South Antonio, KY 47630",Rosetown,Norfolk Island,2024-07-02 17:02
640,Justin,Novak,vincentmichael@example.net,001-704-887-7360,"Unit 5066 Box 0975
DPO AA 27550",New Lori,Burundi,2024-07-09 03:17
641,Anna,Davis,sydneyrodriguez@example.com,458-344-2618,"850 Joel Via
East Johnny, CT 34265",East Phyllis,Azerbaijan,2024-07-30 23:48
642,Shannon,Sutton,seth55@example.net,468-843-8582,"52819 Webb Alley
Port John, NM 16335",Jenniferbury,Estonia,2024-02-05 18:46
643,Megan,Smith,lindamcdaniel@example.com,693-992-5692,"60685 Shelly Dale
Port Amandaside, SD 31481",North Manuel,Fiji,2024-04-18 11:58
644,Phillip,Freeman,zachary01@example.com,9458547776,"3411 David Cliffs
Codychester, LA 14561",Brandonfort,Cocos (Keeling) Islands,2024-06-18 18:47
645,Paula,Thomas,fosterjohn@example.org,001-234-974-2795,"0156 Williams Square
Sandraville, AZ 83159",Port Nathanielfurt,Sao Tome and Principe,2024-07-28 23:29
646,Alicia,Jones,fstevens@example.org,567-458-8810,"42611 Lee Trail
New Roberto, MI 87126",Jillview,Peru,2024-02-07 09:23
647,Stephanie,Hall,broberson@example.com,259409-4369,"04687 Ward Islands Suite 480
Fullerborough, WI 80948",Wilsonstad,Algeria,2024-02-15 23:17
648,Joseph,Mendez,billy34@example.net,6236301882,"17368 Bailey Springs Apt. 483
North Theresachester, SC 86205",Port Theresa,Guyana,2024-03-27 11:47
649,Marie,Jimenez,kathleenrice@example.org,001-447-933-0018,"287 Moreno Vista
Port Tiffany, WI 15935",West Melissaville,Bangladesh,2024-02-15 08:26
650,Sharon,Foster,craigwest@example.com,725-873-8577,"7540 Julia Loop
West Sandra, PR 83685",Glendafurt,Sierra Leone,2024-09-07 07:19
651,Jonathan,Norton,courtney54@example.net,8446801261,"9479 Penny Cliff
Kellyfort, RI 73573",East Christopherland,Equatorial Guinea,2024-08-05 18:51
652,Brian,Bell,tatejames@example.net,981-231-9659,"261 Denise Fort
West Laura, MA 86308",Lake Jason,Tonga,2024-08-13 21:02
653,Zachary,Gomez,qsmith@example.net,262519-8591,"4100 Lopez Estates
Michealton, IN 85703",Jacksonton,Lebanon,2024-05-26 15:50
654,Martin,Malone,leslie52@example.net,902-486-2914,"USNS Larson
FPO AE 66188",Jamesville,Barbados,2024-04-05 20:23
655,Sarah,West,fcantu@example.net,895-359-7340,"5656 Jennifer Mews
Michaelborough, OR 40699",Port Thomasburgh,Lao People's Democratic Republic,2024-06-21 23:44
656,Donald,Merritt,stephanie22@example.net,675594-4441,"3520 Michelle Village
Lake Alan, FM 71523",Port Kristin,Puerto Rico,2024-02-21 20:05
657,Kathryn,Rivera,jennifer30@example.org,9684986339,"149 Carol Ford
Port Brittanyberg, WV 32882",North Aaron,United States Virgin Islands,2024-03-30 11:10
658,Ashley,Bird,ryanwatkins@example.org,209506-8827,"Unit 7283 Box 9532
DPO AP 09430",Port Tylerport,Guadeloupe,2024-03-05 15:19
659,Jonathan,Gillespie,johnsoncassandra@example.net,+1-833-379-6341,"4193 Bryce Valley Apt. 966
North Shannon, GU 54611",South Jonathan,Chad,2024-08-06 03:46
660,Natasha,Cabrera,diazerik@example.org,001-920-884-5416,"3297 Lawson Rapids Apt. 943
Port Josephfurt, AS 99935",Gilmoretown,South Africa,2024-03-13 18:43
661,Jonathan,Mendoza,murphymatthew@example.net,9453608005,"9493 Bobby Field
Lake Samanthaland, WI 75205",Micheletown,Fiji,2024-06-14 20:33
662,Kevin,Fowler,jessicavega@example.com,+1-288-556-2089,"938 Joseph Course
East Brentbury, AS 09705",Valenzuelaton,Brunei Darussalam,2024-01-18 08:52
663,George,Richardson,wrightjose@example.org,+1-259-398-7788,"0481 Glen Expressway
West Lori, AL 87079",New Johnborough,Chile,2024-03-09 22:27
664,Lauren,Arellano,carterbrian@example.com,636-211-3022,"PSC 8685, Box 5727
APO AA 69920",Brownfort,Chile,2024-01-07 15:07
665,Richard,Lam,xbowers@example.org,2208080618,"71713 Brown Vista
Kyletown, FM 62005",Lake Allisonborough,Poland,2024-09-13 02:19
666,Janet,Fry,watsonsusan@example.org,001-953-698-8054,"80434 Moore Tunnel
Fraziershire, MP 20122",New Claudia,Italy,2024-05-16 02:20
667,Joseph,Holder,regina46@example.net,+1-297-254-8320,"75370 Hector Fort
Victorialand, OH 66781",Greenestad,Guinea,2024-08-27 14:46
668,Crystal,Cole,kimchristopher@example.org,725607-8799,"PSC 5128, Box 3674
APO AP 80077",Rodgersshire,Cote d'Ivoire,2024-05-27 03:21
669,Sarah,Barber,lewismatthew@example.net,+1-522-675-7682,"3844 Mark Estates
Harrisstad, NY 35373",Stricklandton,Eritrea,2024-06-06 18:50
670,Peter,Campbell,luis64@example.com,001-568-851-5574,"9347 Galvan Crest Suite 097
North Justin, MT 75883",Lake John,Romania,2024-04-07 08:39
671,Benjamin,Barr,jessicamartinez@example.net,509-443-1076,"89047 Hobbs Ways
Jeanfort, VT 51593",East Brianhaven,British Virgin Islands,2024-04-28 01:35
672,Helen,Jones,randy19@example.com,996744-2960,"433 Crane Gardens
Kristentown, WV 68993",Port Jenniferfort,Holy See (Vatican City State),2024-08-14 20:20
673,Susan,Johnson,hatfieldkaren@example.com,-8719,"9296 Miller Glens
Lake Kaitlinchester, MS 11973",South Bryce,Cote d'Ivoire,2024-01-26 17:48
674,Charles,Smith,sharprichard@example.org,3993211322,"55640 Perez Stravenue Apt. 168
North Erin, PA 51599",New Evan,Cayman Islands,2024-01-23 02:18
675,Thomas,Lopez,montgomerymadison@example.org,4505507900,"PSC 0206, Box 8013
APO AE 66902",Port James,Honduras,2024-08-20 09:03
676,Lindsey,Moore,leslie36@example.com,519-929-5216,"3298 James Turnpike Apt. 678
North Jessicashire, MH 04366",North Williamhaven,Bermuda,2024-08-30 16:11
677,Jeffrey,Sullivan,sharpthomas@example.net,001-974-640-0977,"0698 Matthew Meadows
North Jenniferview, MO 08295",Port Robertborough,Zambia,2024-05-23 21:36
678,Crystal,Rubio,juliesmith@example.net,001-966-561-0617,"5368 Stephanie Points Suite 697
Reyesside, LA 89581",East Matthewland,Malaysia,2024-04-05 13:39
679,Michael,Nelson,james00@example.net,5147159428,"868 Jennifer Hills Suite 453
Blackfort, VA 64347",New Danielport,Guam,2024-04-10 10:07
680,Angela,Garcia,sherry70@example.org,3112460735,"5806 Jacob Hill Apt. 666
Melissaside, OK 70486",North Dylanborough,Kazakhstan,2024-06-21 16:18
681,Peter,Miller,rsparks@example.com,001-916-206-7665,"82282 Rodriguez Orchard Apt. 815
Thomasstad, WV 96195",North Rebeccaburgh,Bahamas,2024-03-18 04:56
682,Cynthia,Love,linda42@example.net,777967-8704,"Unit 0550 Box 8876
DPO AA 68914",East Steventown,Bahamas,2024-03-02 11:40
683,Breanna,Ross,raymondstone@example.com,4483892155,"9042 Robertson Junctions
Port Johnmouth, DE 25051",New Heathermouth,Armenia,2024-02-23 16:44
684,Jerry,Ellis,john37@example.org,7312012658,"14667 Laura Drive Suite 143
Roachfort, MT 01851",New Dustinland,Poland,2024-03-03 10:38
685,Jennifer,Martin,matthewramirez@example.org,276987-3329,"70189 Jacob Extensions
New Kimberly, MI 35703",New Joshuachester,Estonia,2024-01-01 19:35
686,Michael,Jennings,cneal@example.net,+1-504-361-0136,"00136 Tanner Landing Apt. 909
Dustinbury, MD 60468",Youngmouth,Singapore,2024-08-26 04:20
687,Robert,Gould,esmith@example.com,218756-1784,"126 Russell Freeway Suite 454
Wagnershire, MS 08783",West Nicole,Lao People's Democratic Republic,2024-07-16 14:57
688,Kaylee,Palmer,murphyjoseph@example.org,001-618-370-6180,"483 Steven Lakes
Port Williammouth, PA 75829",South David,Saudi Arabia,2024-01-01 16:43
689,William,Andrews,jillkim@example.net,529-227-0375,"766 Wheeler Keys Suite 493
Coxbury, GA 12912",Tristanfort,Sao Tome and Principe,2024-03-24 08:01
690,Tommy,Pierce,gallowayricardo@example.net,408625-8963,"4648 Michael Forks Suite 492
Moorefurt, IL 40134",Lake Karaburgh,Portugal,2024-07-22 04:06
691,Gina,Stevenson,rlang@example.com,380-440-0803,"01735 Tara Port
Lovehaven, OR 50469",Christopherberg,Portugal,2024-08-23 01:30
692,Judy,Mcintyre,jennifer29@example.org,944977-7300,"678 Jeffrey Port Apt. 901
North Brenda, AK 54045",Cervantesburgh,Tajikistan,2024-03-06 09:43
693,Ryan,Romero,kevinvalencia@example.com,9718230584,"285 Shelly Mills Suite 087
Johnberg, NH 29422",Jonathanberg,Guinea,2024-04-16 15:21
694,Ashley,Beasley,bcontreras@example.net,9738022279,"USNS Dominguez
FPO AP 86924",Port Laura,Hungary,2024-08-22 23:12
695,Maria,Stevens,watsonmichelle@example.com,-8824,"96593 Downs Fall
East John, VT 15312",Jayhaven,Congo,2024-06-27 14:27
696,Brianna,Doyle,sellersmaria@example.org,892-689-6518,"880 Brett Field Suite 587
South Jasonmouth, RI 41323",North John,Norfolk Island,2024-06-23 09:08
697,Bradley,Collins,baileyannette@example.org,491712-3686,"564 Kathryn Harbors
Andrewside, MD 19646",Port Tammy,Anguilla,2024-05-23 03:08
698,Sarah,Nelson,heatherguzman@example.com,3077000793,"984 Maxwell Street Suite 407
Codyside, NY 90244",New Josephmouth,Mozambique,2024-03-04 20:54
699,Laura,Mitchell,cabreradiane@example.org,001-582-794-2102,"89483 Michael Groves
North Lindsey, AS 67054",Margaretstad,Macao,2024-01-02 16:18
700,James,Jones,derek44@example.com,4538508265,"09849 Walter Gardens Suite 926
Hinesburgh, MT 63860",North Jacob,British Indian Ocean Territory (Chagos Archipelago),2024-04-17 13:05
701,Christina,Mcguire,heather31@example.com,636-643-5901,"967 Lopez Gardens Suite 933
Lake Suzannemouth, FM 42389",Sotofort,Nigeria,2024-06-13 02:51
702,Megan,Bryan,yritter@example.net,001-295-653-4517,"USCGC Glass
FPO AA 12538",Maysfurt,Iran,2024-05-27 08:52
703,Mary,Davis,robert79@example.org,810-323-7803,"1040 Bruce Spurs Apt. 669
West Jasminehaven, MD 09221",Heatherchester,Guatemala,2024-09-05 10:06
704,Nicolas,Rodgers,jennarodriguez@example.com,9035336061,"377 Brooks Club
Jacksonmouth, CA 55831",Dorseyshire,Myanmar,2024-08-30 13:28
705,Emily,Bryan,mollyday@example.org,921-602-6039,"354 Charles Isle Suite 064
South Jackville, AZ 24832",Holmesside,Guam,2024-06-19 17:34
706,Jerry,Martinez,sawyervanessa@example.org,001-599-650-0001,"310 Smith Manors
West Danielborough, MT 48482",East Frederickburgh,Holy See (Vatican City State),2024-06-26 14:20
707,Anthony,Anderson,knightmelissa@example.org,222-560-7999,"910 Jenna Drives Suite 756
Josephport, MO 40210",Greenfurt,Central African Republic,2024-04-18 04:30
708,William,Mcdonald,wdean@example.org,326-208-7077,"526 Julie Fort
Brianport, FL 93905",Port Keithborough,Ghana,2024-05-16 23:50
709,Amanda,Harris,danny89@example.com,001-937-513-3324,"22389 Anderson Alley
Adamville, AR 95508",Thomasburgh,Jersey,2024-02-29 04:15
710,Allison,Martinez,adam34@example.com,690-420-7501,"758 Jack Overpass Apt. 794
Kimberlymouth, WI 32988",Matthewport,Canada,2024-04-12 02:09
711,Jessica,Patel,byrdtyrone@example.net,001-732-229-1114,"616 James Course Apt. 812
Lake Jessica, NH 26445",East Tammyville,Slovakia (Slovak Republic),2024-07-06 20:55
712,Jason,Vaughn,singletonkristin@example.org,852280-4451,"100 Carrillo Avenue
South Frank, ND 73050",North Michael,India,2024-06-27 20:38
713,Keith,Williams,uwhite@example.com,411-483-1596,"328 Joyce Rapids Suite 562
Saraborough, UT 26367",Williamside,Sierra Leone,2024-07-22 14:27
714,John,Parks,christopher03@example.net,001-243-354-8935,"93383 Keith Overpass
Collinsview, AR 40302",New James,Iran,2024-07-24 05:44
715,Kevin,Reyes,bpatton@example.org,9034086228,"641 Sharp Inlet
Gibbsstad, KS 20140",Mccormickport,Mozambique,2024-05-18 10:40
716,Denise,Johnson,ellenoliver@example.com,587-715-0159,"19994 Dunn Lodge
West Gregory, ID 89514",Port Jeffreyshire,Trinidad and Tobago,2024-01-16 22:07
717,Mike,Hamilton,ffuentes@example.net,001-909-495-3791,"8229 Paul Mall Apt. 072
Ruizshire, CT 58333",Lake Josephville,Trinidad and Tobago,2024-08-18 21:58
718,Victoria,Townsend,marciaalvarez@example.com,374484-2321,"856 Andrea Landing Apt. 649
Lake Heidiville, KY 08572",Esteschester,Congo,2024-09-05 11:47
719,Anthony,Bryant,virginiaadams@example.com,4664399407,"0777 Jermaine Summit
Kellyport, DE 86476",Port Tiffanyside,Guatemala,2024-06-18 12:06
720,Brian,Rasmussen,stephen44@example.com,-1480,"USCGC Levy
FPO AA 54654",Kington,Mali,2024-04-01 22:37
721,Ryan,Johnson,christian98@example.net,359470-4594,"658 Ramirez Squares Suite 598
Toddchester, DC 80171",Port Alejandro,Wallis and Futuna,2024-06-04 19:30
722,Jason,Duke,aliciamoreno@example.net,-10070,"5578 Kelley Mill
Port Melissastad, MD 53425",Perkinsview,Mayotte,2024-01-30 10:10
723,Samantha,Peterson,joneswesley@example.org,870-422-2688,"303 Daniel Neck
New Aaronland, PR 33195",Lake Paigeborough,Burkina Faso,2024-03-09 19:58
724,Kelly,Luna,ccole@example.net,+1-466-809-2810,"358 Ashley Rest Suite 902
New Joannfort, CA 84400",New Marie,Paraguay,2024-01-25 14:21
725,Jason,Brown,tweiss@example.net,6259448705,"10475 Kathleen Hills Apt. 732
Kelleyhaven, KS 03962",Fergusonton,Georgia,2024-02-23 23:39
726,Michael,Lewis,lee73@example.net,792-833-9922,"376 Jones Center Apt. 602
Powellmouth, NM 85324",Lake Jessicachester,Uganda,2024-08-20 02:29
727,Ryan,Scott,kristin17@example.com,001-337-271-8024,"965 Andrew Forge
Heidimouth, MA 78483",Michaelhaven,Slovakia (Slovak Republic),2024-01-14 08:16
728,Joel,Miller,perkinsnathan@example.net,691-590-6911,"059 Jonathan Spring Apt. 161
Rossville, RI 31630",Jessicamouth,Serbia,2024-09-19 23:25
729,Sharon,Rodriguez,moorelisa@example.com,739977-9038,"7640 Richard Drives Suite 201
East Jonathan, SC 64696",Bakerport,Myanmar,2024-05-23 11:34
730,Paul,Holmes,smartin@example.org,9086015256,"3553 Gregory Summit Apt. 522
Jacksontown, ME 20177",Duranchester,Faroe Islands,2024-04-09 14:47
731,Carol,Williams,joshuasingh@example.com,271943-1326,"USNV Brown
FPO AA 29625",Morsefort,Lao People's Democratic Republic,2024-06-30 14:53
732,Angela,Jackson,megan17@example.org,+1-817-856-7333,"75177 Dalton Ramp Suite 188
North Craig, TX 31475",New Roger,Kenya,2024-02-07 12:09
733,Christina,Graham,joseph80@example.com,-6605,"6360 Benjamin Manors Apt. 761
Lake Stacyberg, WY 45738",Angelatown,Gambia,2024-07-21 05:49
734,Parker,Anderson,duffysusan@example.org,+1-833-771-4465,"36194 Sarah Mill Apt. 930
Rogersmouth, UT 22699",Port Anthonymouth,Paraguay,2024-04-02 13:51
735,Christopher,Hart,lodom@example.com,+1-824-348-6096,"2832 Medina Burgs
Jenningston, MD 45109",Riveraville,Mexico,2024-07-19 22:40
736,Robert,Parker,brenda13@example.com,8456197860,"644 David Throughway Apt. 388
North Rodneyburgh, AK 68830",Phillipsshire,Svalbard & Jan Mayen Islands,2024-09-18 11:12
737,Cole,Hart,nguyenmonica@example.org,3074203793,"0459 Anthony Shoals
Garytown, GA 71959",West Jasmin,Vanuatu,2024-03-01 15:30
738,Emily,Farmer,brenda00@example.org,778953-0485,"6502 Donald Centers
Kiddview, ME 33072",North Edwardton,Kenya,2024-07-03 06:09
739,Judith,Gonzales,robert23@example.net,631-736-9105,"17937 Perkins Union
Stewarttown, ID 03364",East Michael,Comoros,2024-07-25 13:17
740,Ricky,Herrera,mwolf@example.org,6839839038,"3052 Brian Branch
Roseburgh, ND 29053",Carlsonshire,Saint Helena,2024-08-09 07:45
741,William,Rodriguez,epowers@example.org,729219-1209,"363 John Way Suite 498
Laneberg, FL 33209",Hammondville,Korea,2024-09-10 04:44
742,Kenneth,Smith,hamiltonmike@example.net,491716-2025,"0626 Amy Shoals
South Meganstad, MO 03827",Shirleyhaven,Turkey,2024-01-09 22:47
743,Scott,Jones,tiffany24@example.net,825-774-3534,"3370 Barry Lodge
West Ashley, PW 68135",Rogerston,South Africa,2024-03-25 19:44
744,John,Richardson,xcherry@example.com,7517322435,"652 Nicholson Shoal
Castroburgh, MP 46620",Lake Sherriport,Hungary,2024-03-23 15:08
745,Brian,Morton,thomas60@example.net,940560-5167,"02358 Cynthia Station Suite 897
Rodneyberg, ME 76633",Joshuaport,Dominica,2024-07-10 13:15
746,Brittney,Roth,jennifer47@example.com,8538799594,"10388 John Lane
Richardstad, NE 30897",Tanyaville,French Guiana,2024-08-06 15:58
747,Brian,Bentley,mbarker@example.net,250632-2006,"0496 Robbins Burg Apt. 487
Rodrigueztown, WA 52790",West Janice,Georgia,2024-03-01 22:34
748,Brandi,Hensley,peterwillis@example.org,+1-906-950-6481,"73351 Sanchez Road Apt. 634
South Nicholas, KS 55514",Stevenborough,Niue,2024-04-14 20:48
749,Bradley,Day,gutierrezraymond@example.org,437492-7392,"61326 Hardy Land
New Sheila, AR 78662",Watkinsport,Tajikistan,2024-09-09 10:47
750,Jenny,Quinn,beltranlori@example.org,4439004481,"13087 Spears Rapid Apt. 451
Smithstad, LA 61049",Barrystad,Jordan,2024-09-15 02:52
751,Dennis,Raymond,dananderson@example.org,001-738-784-2926,"2184 Briana Union
East Charles, NH 10289",Gonzalesville,Dominican Republic,2024-02-26 06:48
752,Tiffany,Torres,tylersilva@example.net,243399-4996,"8754 Melissa Crescent
Alexanderside, MO 54998",Port Stephen,Yemen,2024-07-28 00:09
753,Joshua,Farley,daniel99@example.org,262-302-0536,"8607 Jennifer Keys
South Mariah, TN 24461",Port Carlaborough,Netherlands Antilles,2024-09-13 04:29
754,Tiffany,Hayes,nathanhughes@example.net,403-536-3966,"769 John Fort
East Jacobport, MI 21911",Julieport,Uzbekistan,2024-09-07 17:13
755,David,Woods,dstephens@example.org,001-413-203-9923,"4914 Lam Locks Apt. 344
West Michael, AZ 03566",Autumnmouth,Papua New Guinea,2024-01-03 05:05
756,Brittany,Flores,lisa60@example.com,494-888-5983,"4534 Christopher Springs Suite 520
Rodriguezville, NM 75086",Mosleybury,Antarctica (the territory South of 60 deg S),2024-03-18 20:31
757,Stephanie,Ross,lisa70@example.com,916-843-7301,"434 Timothy Walks
Josephview, KS 33612",Susanhaven,Turkmenistan,2024-06-25 10:37
758,Chad,Nelson,kerrjordan@example.org,-7237,"352 Morrison Unions Apt. 248
Kennethville, AL 24534",South Micheleshire,Kiribati,2024-06-05 04:47
759,Rhonda,Taylor,alexafranklin@example.org,+1-391-735-9950,"USNV Wells
FPO AA 38348",West Kellychester,Lesotho,2024-07-17 05:13
760,Danielle,Smith,turnerdiana@example.org,676-345-0172,"Unit 5881 Box 5366
DPO AE 20113",Sandramouth,Faroe Islands,2024-06-15 00:09
761,Mia,Patton,sabrinapace@example.net,001-572-793-5140,"PSC 8202, Box 9145
APO AA 93032",South Elizabethside,Bouvet Island (Bouvetoya),2024-06-03 16:57
762,Deborah,Hancock,michael67@example.net,3129716534,"350 Sergio Mountain
West Cynthia, LA 36288",East Cassandrastad,Mozambique,2024-07-09 13:56
763,Patrick,Hansen,kellyjody@example.com,773-775-2115,"474 White Squares Apt. 225
Lambertmouth, FL 08310",Lake Reginafurt,Samoa,2024-08-27 20:15
764,Raven,Hayden,josephcline@example.com,403-407-2445,"PSC 9657, Box 8313
APO AP 74578",Robinsonfurt,Marshall Islands,2024-06-15 12:50
765,Kim,Moses,hgrimes@example.org,-7376,"149 Sharon Trafficway
Singhberg, PW 92017",North Andrewton,Mayotte,2024-01-24 14:42
766,Stephanie,Rodriguez,shortmarissa@example.org,001-385-618-8864,"66297 Spencer Via Suite 848
Port Vincentbury, ND 14679",West Angela,Malaysia,2024-01-06 19:04
767,Mitchell,Sawyer,mitchelljeffrey@example.com,813-222-9268,"929 Timothy Brook Suite 789
South Amy, ND 10929",New Mathew,Greece,2024-02-05 18:05
768,Eric,Smith,paulcarlos@example.com,574585-1205,"4833 Lopez Road Apt. 126
Port Samantha, VI 19826",Port Jamie,Iran,2024-01-31 14:00
769,Jennifer,Turner,pbradley@example.org,731344-3731,"619 Good Mission Suite 780
East Philip, MP 84473",Stevenland,Algeria,2024-02-24 22:07
770,Leslie,Villegas,jjuarez@example.net,553-671-7393,"8825 Jones Track Suite 347
Jessicaborough, MP 23591",Melissamouth,Gambia,2024-01-13 12:11
771,William,Park,parkeranthony@example.com,683607-8451,"33008 Sarah Canyon
Carolinebury, NM 37040",North Katherineshire,Mauritania,2024-03-28 21:02
772,Ryan,Mcguire,robertporter@example.com,001-279-394-2217,"7563 Thomas Village
Port Alejandro, NY 84617",Elizabethland,Congo,2024-01-08 07:08
773,Alexander,Ross,jamie72@example.net,493-971-2886,"USNV Boyd
FPO AA 80509",North Kerrifort,Maldives,2024-04-19 08:22
774,Bryan,Mcfarland,rachel73@example.org,001-554-274-9443,"4049 Kelly Mountain
West James, PR 62813",New Amy,Suriname,2024-09-10 05:18
775,Jennifer,Cortez,aaron37@example.com,515-828-7839,"206 Ramirez Vista
Velazquezstad, PR 65564",North Mark,Sweden,2024-06-18 22:29
776,William,Thomas,truiz@example.com,813-915-2083,"8389 Larson Throughway
Brewerfort, NM 51685",Denisestad,Western Sahara,2024-03-15 15:21
777,Angela,Ramirez,dustinferguson@example.net,8514395353,"83494 Ferguson Union Suite 864
Theodoreborough, SD 89587",Williamsonfort,United Arab Emirates,2024-06-13 19:46
778,Lawrence,Reyes,fjohnson@example.com,8886922920,"30745 Joel Ranch Suite 861
East Elizabethfurt, MO 19857",New Kenneth,Christmas Island,2024-04-06 19:29
779,Briana,Lopez,lewiscassandra@example.net,001-243-612-0813,"941 Mccullough Mills
East Alexandraberg, WA 55719",Collinsville,Latvia,2024-03-07 11:36
780,Crystal,Davidson,ismith@example.com,001-865-611-5674,"139 Alexander Mountain
Laurenton, CA 84332",Jordanside,Norfolk Island,2024-01-11 21:29
781,Brandy,Good,yhernandez@example.org,397601-1262,"2806 Hoffman Overpass Apt. 105
South Rebeccafort, AS 41511",Jenniferville,Micronesia,2024-01-31 11:56
782,Heather,Pacheco,jbryant@example.com,+1-385-728-5659,"277 Shelby Plaza Apt. 220
West Stevenfurt, MO 77574",Davidchester,Sierra Leone,2024-07-21 11:42
783,Katherine,Rodriguez,harperaustin@example.org,+1-599-351-2988,"60784 Perez Stravenue
Port Jessicatown, TN 11249",Kimberlyport,Pitcairn Islands,2024-06-25 19:04
784,Lisa,Mata,daviddavila@example.net,+1-240-367-2702,"9834 Donald Meadows
Lake Danielle, IA 31001",New Douglasfurt,Turkey,2024-06-18 00:09
785,Megan,Mcgee,gloriahuerta@example.com,-9569,"15604 Annette Port Apt. 016
North Luis, WY 55866",West Gilbert,Vanuatu,2024-07-29 13:14
786,Dana,Lopez,mitchelljonathan@example.net,-8507,"6507 Ashley Squares Suite 021
Lake Marktown, VT 67599",North Lindsay,Jersey,2024-08-01 13:03
787,Cameron,Thompson,sean82@example.net,8757313271,"9054 Cory Street Apt. 571
Walkerville, AZ 72051",Zimmermanfurt,Canada,2024-08-28 07:33
788,Matthew,Turner,johnlittle@example.org,873958-1722,"22010 Lee Garden
Port Heather, VT 27312",West Brittanyhaven,Bangladesh,2024-05-29 03:51
789,Manuel,Martinez,kimberly63@example.com,001-963-515-6077,"2500 Christopher Glen
Theodorestad, TX 17787",East Randall,Moldova,2024-04-30 20:44
790,Marilyn,Smith,cherylsmith@example.org,516516-3721,"7247 Glover Oval Apt. 788
Lake John, OR 48236",Mooreport,Sierra Leone,2024-04-28 22:58
791,Anthony,David,ann27@example.net,001-499-546-7001,"0503 Nolan Expressway
Luisside, TX 84374",Lake Joseph,Sierra Leone,2024-08-13 17:00
792,Richard,Daugherty,elong@example.net,6056357818,"511 John Springs
Lake Stephaniemouth, IL 14040",New Sheilaside,Nauru,2024-04-10 05:37
793,Tracy,Stevens,nathanherrera@example.org,598324-6858,"5133 Stephanie Route
Brownland, OR 67582",Charlesshire,Afghanistan,2024-08-15 02:52
794,Peter,Mann,franklinronnie@example.net,5046737989,"0965 Howard Extension
Lake Yolanda, WY 49346",Ramseyville,New Caledonia,2024-01-13 14:32
795,Lisa,Webb,qbright@example.com,+1-896-897-4303,"6013 Franklin Crescent
North Margaretfort, ME 13940",East Jasonberg,Sudan,2024-03-19 08:10
796,Ashley,Robinson,lgonzalez@example.com,+1-362-963-5524,"238 Powell Via Suite 443
Johnview, CT 41542",Markhaven,San Marino,2024-01-31 07:19
797,Daniel,Hill,karen06@example.com,+1-281-867-1461,"27475 William Way
South James, PR 53300",Burnsberg,Senegal,2024-03-17 06:11
798,Michael,Mills,parkerpatrick@example.com,485645-8234,"323 Scott Trace Apt. 536
West Kayla, GA 93556",Hunthaven,Hong Kong,2024-04-22 15:59
799,Kristin,Sawyer,nburnett@example.com,364700-8902,"7298 Torres Brook
West Kelseyport, FM 56814",Aliciahaven,Monaco,2024-08-02 10:08
800,Ashley,Wells,andrewwhite@example.com,3867196574,"USNV Mitchell
FPO AE 95706",Aliciafurt,Malawi,2024-02-22 17:08
801,Joel,Watson,rwade@example.com,001-359-978-6060,"41898 Davis Springs Suite 488
Brittanytown, WV 27391",East Jaredport,Bahrain,2024-02-28 03:13
802,Jamie,Harvey,cynthiahall@example.com,4098768138,"8853 Elliott Fork Suite 314
Port Nathaniel, OR 78063",Johnsonbury,Honduras,2024-09-22 06:37
803,Jonathan,Smith,timothyrice@example.org,001-650-282-9239,"72740 Nicole Field Suite 414
South Ericstad, OK 87347",South Tammystad,Jamaica,2024-08-19 10:09
804,Raymond,Gross,crossmark@example.org,6994692670,"48168 Joshua Crescent Suite 063
Michaelaberg, WA 59165",Lake Mark,Djibouti,2024-06-13 06:43
805,Stephanie,Johnston,ronald28@example.net,3943251195,"7002 Cochran Falls
Ricestad, KY 09768",Gibsonland,Antarctica (the territory South of 60 deg S),2024-07-01 02:45
806,Erin,Orr,donna61@example.net,702-413-4147,"83651 Kevin Flats
New Stephaniehaven, HI 65448",Woodbury,Guernsey,2024-05-20 04:00
807,Angela,Mueller,josephwood@example.net,5679277526,"Unit 3773 Box 6409
DPO AA 02091",New Richardberg,Azerbaijan,2024-05-09 17:26
808,Whitney,Johnston,danielle20@example.org,578906-3596,"9319 John Station Apt. 104
North Michaelmouth, PR 24489",Saunderstown,Dominican Republic,2024-09-10 12:25
809,Travis,Hall,eboyd@example.net,+1-205-245-4819,"4937 Stacy Summit Apt. 972
New Jackson, MN 92617",Andersonburgh,Turkey,2024-02-28 09:36
810,Gavin,Campbell,edwardheath@example.com,+1-898-705-4613,"112 Nichole Camp Suite 646
Castilloport, WV 42641",Marquezfort,Palestinian Territory,2024-04-30 12:58
811,Randy,Norman,cindy68@example.net,269412-5138,"15837 Carolyn Rapid Apt. 307
East Elizabeth, GA 94013",Port Coreyhaven,Cape Verde,2024-05-26 07:30
812,Denise,Bell,joseph60@example.net,001-581-537-5146,"4119 Schmidt Throughway
East Natasha, PW 39439",Melissaland,Estonia,2024-03-15 16:58
813,Brian,Kane,serranotracy@example.com,8642842150,"68790 Shaw Ports Apt. 640
West Erinport, AS 95571",Port Samuel,United Arab Emirates,2024-04-27 22:38
814,Holly,Green,ortegajack@example.com,+1-617-684-7123,"70193 Evan Crest
Anthonyside, WI 57378",South Paul,Morocco,2024-08-28 08:09
815,Jon,Thomas,susan58@example.org,750-685-4448,"6317 Rich Vista
Smithside, MO 73474",North Elizabethport,Kazakhstan,2024-09-16 12:23
816,Dana,Sherman,jonesjohn@example.com,907-278-4360,"079 Kelley Road Apt. 533
East Brandiberg, KY 01122",Clarkstad,Liberia,2024-02-29 00:07
817,Rebecca,Reyes,joshuaparker@example.net,-9967,"2801 Kevin Road Apt. 871
Keithburgh, TX 50870",Williamville,Afghanistan,2024-06-26 19:17
818,Charles,Smith,martha34@example.org,6778836535,"756 Harvey Villages
East Courtneytown, NH 54743",Wilsonview,Denmark,2024-05-03 15:36
819,Tracy,Silva,vhogan@example.org,001-213-527-9091,"60160 Arthur Rapids Suite 863
North Timothy, KY 93978",West Jamesburgh,Moldova,2024-05-26 07:38
820,Erica,Garcia,shannon43@example.com,001-967-766-1594,"48142 Baxter Harbors
West Alyssa, NE 63775",Nicoletown,Samoa,2024-08-05 07:30
821,Morgan,Romero,xevans@example.net,5599237990,"11175 Stewart Ways
Schultzfort, AS 73292",Lake Matthew,Azerbaijan,2024-04-02 11:12
822,Kyle,Hernandez,swinters@example.com,724362-8336,"25675 Stacie Isle
Nicolehaven, MT 99119",East Stacyland,American Samoa,2024-03-16 00:15
823,Donald,Galvan,stephaniegray@example.net,001-854-831-5909,"584 Navarro Rapids
New Markville, AL 98565",Petermouth,Luxembourg,2024-08-24 21:13
824,John,Lee,leonarddavid@example.com,848257-5926,"4329 Watson Ferry
Marcusview, MP 33307",North Anthony,Saint Pierre and Miquelon,2024-02-18 06:28
825,Heather,Brown,riveramegan@example.net,311692-3984,"19639 Powell Light
Stevenside, LA 86498",North Charlesmouth,Montenegro,2024-02-03 19:18
826,Cody,Manning,bpowell@example.net,276-526-0659,"8652 Grant Summit Apt. 287
North Davidburgh, PR 50101",Powersstad,Norway,2024-06-20 22:53
827,Christine,Bennett,youngmiguel@example.net,+1-886-239-5113,"2548 Evans Crest Suite 963
Ebonychester, NV 53426",Amandaburgh,Heard Island and McDonald Islands,2024-03-18 12:39
828,Chris,King,michaelwilliams@example.com,429-228-8520,"9766 Michael Knolls Apt. 607
East Joshua, WI 37268",Romeroton,French Guiana,2024-01-02 14:50
829,Michael,Baldwin,jasonmyers@example.net,2504515435,"5547 Tanner Harbor
West Mark, GU 29890",Murrayborough,Trinidad and Tobago,2024-05-03 01:59
830,Melanie,Smith,johnsonjorge@example.com,476-388-1607,"461 Daniel Spurs
East Michael, CO 05087",Longberg,Nauru,2024-07-03 16:03
831,Susan,Morris,eddiejackson@example.org,287516-8309,"2147 Diamond Roads Suite 638
Smithstad, NJ 36289",Ramseyfort,Wallis and Futuna,2024-06-08 09:06
832,Lindsey,Blanchard,griffithzachary@example.com,-8152,"1551 Jonathon Spurs Suite 029
New Christopher, ID 22923",New Josephborough,Tuvalu,2024-05-15 22:11
833,Kenneth,Hughes,jason85@example.com,+1-669-586-6703,"828 Torres Valleys
North Alexiston, NM 31197",Youngfurt,Albania,2024-06-07 04:08
834,Ray,Miller,kellymorrison@example.org,6846530243,"9726 Bush Squares Apt. 150
Brandyport, GU 67314",Yolandafurt,Ethiopia,2024-07-23 21:23
835,Amber,Rogers,carpenterjonathan@example.net,254215-6285,"52562 Valentine Ridge
Valdezstad, CO 84871",Maryberg,Mexico,2024-01-04 16:47
836,Nicholas,Goodwin,sandra27@example.org,6287594250,"150 Bean Stravenue
West Mary, MP 59142",Lake Cathyport,Lao People's Democratic Republic,2024-05-11 15:06
837,Eric,Glenn,millseric@example.com,805594-5689,"75459 Joyce Springs
Rasmussenstad, NY 21133",West Seanport,Mauritania,2024-07-10 03:24
838,Kenneth,Green,ksanchez@example.org,+1-586-878-1994,"PSC 3732, Box 3863
APO AA 36820",Whiteborough,Mongolia,2024-07-08 06:27
839,John,Johnson,michael04@example.org,973876-9331,"USNS Collins
FPO AA 44398",South Joseph,Bermuda,2024-01-23 18:19
840,Donald,Mitchell,samanthagreene@example.org,2265332488,"98240 Brooks Dale Suite 016
Dennismouth, PW 21654",Hardymouth,Argentina,2024-04-27 10:22
841,Scott,Brown,benjamin87@example.net,7313674003,"79193 Peters Rue
West Apriltown, SC 91586",Johnsmouth,Saint Kitts and Nevis,2024-05-31 13:06
842,Jennifer,Gates,timothynewton@example.net,935378-7813,"3396 Johnson Station
Denniston, SC 02668",Maciasborough,Zimbabwe,2024-04-09 23:16
843,Mary,Lamb,scottjeffrey@example.net,001-563-405-7859,"46936 Villa Point
Jonathanport, IN 66523",Mcmahonton,Nepal,2024-06-28 05:02
844,Jennifer,Baker,haynesmichael@example.com,797527-3817,"7284 Vang Forest Apt. 916
Rogerfurt, MP 37246",Lowemouth,Azerbaijan,2024-08-10 05:44
845,Daniel,Anthony,xpierce@example.com,3909173499,"USCGC Wang
FPO AE 92111",North Erinchester,Uganda,2024-04-23 00:18
846,Kimberly,Smith,tpotter@example.net,9487578795,"383 Dawn Harbors Apt. 383
Lake John, UT 88896",South David,French Guiana,2024-05-14 05:49
847,Michael,Blevins,maryfreeman@example.net,624-591-1548,"032 Sandra Brook
Moodyview, MP 83331",Emilyland,Bermuda,2024-07-06 11:53
848,Jeffrey,Norton,christopher35@example.org,6569736127,"474 Eric Lakes Suite 257
Elizabethchester, SD 70745",North Cherylchester,Christmas Island,2024-08-18 22:15
849,Jason,Martin,karengomez@example.com,4314670885,"31626 Andrew Mills
Lisashire, WA 98545",South Grace,Albania,2024-02-07 23:07
850,Jonathan,Lindsey,kristen99@example.org,6153592945,"5230 White Overpass Suite 923
Palmerfurt, KS 86403",Joyceberg,Niue,2024-02-15 03:19
851,Travis,Sutton,steven60@example.net,9044573140,"2735 John Well
North Eric, GU 82623",Port Juanstad,Libyan Arab Jamahiriya,2024-03-18 02:24
852,Dakota,Henderson,kelly18@example.net,955372-1773,"72405 Lisa Ridge
South Dennisburgh, NJ 39730",Traceymouth,Sri Lanka,2024-05-31 11:09
853,Larry,Porter,bettymartinez@example.org,783-368-4493,"272 Boyd Shoals
Fosterland, AS 84481",Hernandezmouth,Greece,2024-03-05 12:17
854,Pamela,Myers,harry37@example.org,+1-269-305-5567,"USNS Cook
FPO AA 28025",Richardburgh,Kiribati,2024-01-06 22:51
855,Bruce,Bailey,mark07@example.net,701468-3737,"07869 Kathleen Keys
Lake Johnville, NE 62874",Aimeechester,Timor-Leste,2024-05-04 19:18
856,Michelle,Walter,sylvia84@example.com,776-873-2247,"85371 James Garden
Wilsonberg, FM 20730",New Joseph,Cuba,2024-05-06 08:55
857,Amy,Henson,courtney10@example.com,592514-3602,"PSC 8425, Box 1505
APO AP 06593",East Michaelburgh,Uruguay,2024-08-07 20:12
858,Adam,Peters,tcervantes@example.com,319296-6682,"308 John Place
West Tommy, CA 94913",Robertmouth,Montenegro,2024-09-22 20:37
859,Katherine,Mendoza,blackrachel@example.org,613-792-1205,"13304 Suzanne Passage Suite 906
West Randyhaven, AS 80165",Rogerside,Cocos (Keeling) Islands,2024-06-22 17:47
860,James,Castro,egrant@example.com,327834-0909,"5468 Garcia Walks
Lake Tinamouth, MD 46685",Donaldmouth,Comoros,2024-02-01 18:32
861,Taylor,Clark,drodriguez@example.com,741315-9326,"4128 Mitchell River
Stephanieport, HI 68833",South Johnview,Nepal,2024-07-26 23:10
862,Mark,King,kenneth85@example.net,798-320-5894,"05515 Douglas Isle
New Dylanberg, NE 34718",Ericaport,Cote d'Ivoire,2024-03-07 07:13
863,Lynn,Barr,hbishop@example.net,513523-7697,"60190 Joshua Light
Ruizchester, WY 57935",Port Shelley,Togo,2024-02-18 00:50
864,Amy,Owens,eoconnell@example.org,311-431-9267,"90217 Melissa Greens
Davisside, MD 69873",West Cheryl,Iraq,2024-07-09 16:02
865,Michelle,Walker,jeffreyhardin@example.com,+1-947-732-8638,"0539 Mitchell Estate
Ashleyside, SD 37919",East Samanthaborough,Bhutan,2024-01-08 21:22
866,Judith,Doyle,lorifernandez@example.org,9317100502,"Unit 1868 Box 3937
DPO AP 53084",West Howard,Paraguay,2024-04-13 04:05
867,James,Ho,jacob28@example.com,+1-265-277-3602,"58899 Monica Bridge Suite 493
West Rodneyport, AK 49273",Port Tina,Cyprus,2024-08-09 13:16
868,Zachary,Taylor,brittanychavez@example.com,001-726-687-7908,"874 Reid Stravenue Apt. 309
New Keithbury, WI 96803",South Davidport,Iraq,2024-09-15 23:05
869,Timothy,Edwards,middletonrobert@example.net,-2284,"44336 Christina Shore
North Kelliestad, OR 76084",South Richard,Spain,2024-02-20 07:21
870,Joshua,Moore,wilcoxelizabeth@example.net,2074977627,"43319 Philip Grove
Jamiemouth, SC 68736",Jonview,Greenland,2024-01-28 02:35
871,Jessica,Barrera,kguerra@example.net,5148220330,"7875 Kevin Club Suite 649
Port Timothyfort, MT 53697",Maxwellhaven,Anguilla,2024-09-18 01:24
872,Calvin,Marsh,lsellers@example.com,-4946,"72543 Frank Squares
Munozfort, IN 86710",Martinland,Bangladesh,2024-03-11 05:46
873,Sonya,Cummings,kylievillarreal@example.org,001-797-639-2952,"PSC 1317, Box 2118
APO AE 70061",Duffybury,Syrian Arab Republic,2024-01-10 10:09
874,Lisa,King,scott64@example.org,243964-0342,"134 Oliver Manors
West Georgemouth, RI 28073",Kennedymouth,Malawi,2024-01-16 20:12
875,Bobby,Hayes,churchmichael@example.com,+1-680-508-8568,"550 Green Point Apt. 701
Paynebury, OH 51283",Westville,Bermuda,2024-01-31 14:47
876,Betty,Martin,linda62@example.net,5724258158,"61178 Knight Glens
East Michellestad, GU 00676",Wellshaven,Japan,2024-09-08 04:22
877,Jeremy,Crane,meghan14@example.net,337910-1802,"5554 Glenn Keys Apt. 148
East Franciscobury, SD 97846",Watersfurt,Romania,2024-04-22 17:43
878,Stephen,Booth,casesabrina@example.org,502-656-0118,"81912 Mccullough Causeway
South Kevinfurt, PR 91674",Lake Ellen,Myanmar,2024-02-10 18:07
879,Brent,Young,phyllismaynard@example.com,351848-6604,"01218 James Pike
Robertsonshire, ME 36046",South Christopherberg,Switzerland,2024-06-14 01:47
880,Ryan,Wheeler,ghill@example.net,001-208-290-5104,"03573 Timothy Centers Apt. 044
North Christinahaven, MP 49932",Reneemouth,Myanmar,2024-03-17 18:02
881,Corey,Jackson,smithchris@example.com,-8095,"97946 Elizabeth Ranch
Kimberlyhaven, NJ 83701",Kathleenfurt,Norway,2024-01-14 22:04
882,Beverly,Williams,rodgersjeffrey@example.net,+1-291-730-7224,"63950 Matthew Ways
South Morgan, NC 73596",West Chadview,Czech Republic,2024-02-08 09:49
883,Daisy,Wilson,hkeith@example.net,2857511973,"554 Roberta Park
Edwardsside, TN 58143",Powersview,El Salvador,2024-08-22 05:18
884,Richard,Clark,jasminhernandez@example.com,8752927908,"615 Lawson Alley Apt. 741
Travisside, UT 64449",Contrerasfort,Anguilla,2024-08-15 10:58
885,Brittany,Ferguson,kyu@example.net,8342823763,"163 Rhodes Streets
Lake Ashley, MO 64777",South Melissa,Zambia,2024-05-15 07:39
886,Diane,Reynolds,brenda72@example.com,681-299-4100,"PSC 2624, Box 0957
APO AE 33507",Sarahfort,Bhutan,2024-08-01 20:24
887,Sandra,Richards,fitzgeralddawn@example.org,9734192812,"USNS Williams
FPO AA 19020",Port Michaelview,Latvia,2024-06-06 12:38
888,Scott,Foster,reesecurtis@example.net,963-226-0992,"5366 Amy Fork Apt. 965
Mirandaton, NC 58311",Petersenshire,Montenegro,2024-09-05 08:30
889,Heather,Hickman,uaguirre@example.org,486301-8931,"USS Olsen
FPO AA 12286",North Paulside,Malawi,2024-03-08 06:35
890,Kimberly,Lewis,mariamcmahon@example.org,9215537709,"483 Johnson Overpass Apt. 358
Port Cheryl, UT 24546",South Tracy,Greenland,2024-08-06 18:43
891,Kyle,Mcclure,spencer47@example.net,4464691999,"9318 Misty Springs
South Joshualand, AL 19592",Stephenstad,Benin,2024-02-17 15:30
892,Brittney,Thomas,brenda17@example.org,3525432289,"PSC 7461, Box 3429
APO AA 31374",Lorichester,Pitcairn Islands,2024-06-18 16:27
893,Marilyn,Moody,bernardkristina@example.com,934835-8657,"85790 Torres Vista Apt. 504
West Jakefurt, ME 39073",Christopherville,Northern Mariana Islands,2024-03-03 15:07
894,Jennifer,Vasquez,april54@example.org,+1-776-880-7571,"56392 Eric Isle
South Lacey, MA 18075",Villegasside,Fiji,2024-01-14 18:24
895,Brittany,Evans,aross@example.net,838694-8494,"9258 Collins Mountains
Careyville, GU 17430",Mileshaven,Bolivia,2024-08-03 03:01
896,Jose,Perez,charles72@example.com,-8789,"0834 Stanley Valley
Leechester, NE 61309",East Sarahhaven,Afghanistan,2024-07-27 20:52
897,Nicole,Thomas,wrightjennifer@example.net,2466951578,"23545 Melody Ways Suite 434
Dakotafurt, DC 00743",Ortegaton,Brunei Darussalam,2024-04-14 01:55
898,Jessica,Williams,gerald55@example.com,001-457-531-7564,"3933 Patricia Forges Suite 546
South Alyssaview, VA 25035",Hernandezstad,United Kingdom,2024-05-31 00:18
899,Tommy,Buchanan,bdickerson@example.com,628-683-7298,"159 Hannah Meadows Suite 466
North Jessica, MN 92064",Elizabethville,Tanzania,2024-03-11 01:20
900,Anthony,Johnson,michaelsmith@example.com,247383-4916,"9704 Natalie Causeway
West Kimberlychester, SD 60044",Sanchezstad,Uruguay,2024-05-17 08:13
901,Savannah,Olson,martinchristina@example.com,-5184,"1910 Matthew Mills Apt. 526
Donnabury, AZ 40145",Lunatown,Montserrat,2024-08-11 10:44
902,Jeffery,Thomas,jasongates@example.org,231397-0026,"675 Holmes Stravenue
Transtad, VT 36450",Mcguireshire,Egypt,2024-05-25 18:23
903,Alyssa,Bennett,gail32@example.net,580869-5705,"49220 Judy Route
New Scott, NM 75271",Haaschester,Saudi Arabia,2024-08-24 22:12
904,Melanie,Bartlett,hsmith@example.org,6528074204,"95848 Miller Spurs Apt. 173
Alisonburgh, TN 60101",Port Jeffreyton,Djibouti,2024-07-24 19:08
905,Jenna,Shepherd,fsuarez@example.org,001-513-622-0708,"22604 Melissa Causeway Apt. 491
Brianmouth, VA 37882",Wrightmouth,Gabon,2024-05-24 00:55
906,Stacy,Oliver,loriwalker@example.com,3617569117,"909 James Station
West Michael, AR 12721",Farleyberg,Andorra,2024-04-14 11:12
907,Colin,Huffman,tbaker@example.net,2366569128,"43160 Williams Junction
Wilsonview, UT 70604",Sanchezborough,United States Virgin Islands,2024-04-29 17:12
908,Gary,Hurley,michael06@example.com,3357080282,"68813 Thomas Corner
Allisonside, ID 85180",South Mariaberg,Nigeria,2024-02-23 15:28
909,Brian,Campbell,smithkyle@example.org,001-997-480-7255,"4915 Rhonda Road Apt. 724
Garymouth, PA 99330",Larsenland,Spain,2024-01-08 17:47
910,Cheryl,Hunter,jasonleonard@example.net,+1-906-412-8845,"4864 Edwards Brooks Apt. 157
Morganfort, CT 24150",North Jessica,Poland,2024-05-22 05:18
911,James,Montgomery,michealallen@example.com,596430-8451,"00929 Harris Row Apt. 562
Ashleyland, NC 08752",North Elizabeth,Liberia,2024-03-28 09:59
912,Vanessa,Mooney,anthonypitts@example.org,+1-492-984-3031,"057 Ashley Ranch Apt. 580
Sanchezport, CA 93520",Anthonyfurt,Belgium,2024-07-19 00:50
913,Katherine,Bennett,skinnercourtney@example.net,668-327-5760,"900 Janet Court
Port Aliciaburgh, MT 32928",Jacksonville,Venezuela,2024-08-06 08:24
914,Kristy,Quinn,connieescobar@example.net,714-902-6021,"2159 Reynolds Locks
Meghanburgh, ND 08703",South Vanessa,Congo,2024-08-12 11:47
915,David,Jones,brian89@example.net,-2465,"054 Blevins Trace
North Tracyport, IN 41992",Thompsonstad,Grenada,2024-06-29 14:49
916,James,Pierce,barkeramber@example.org,895-337-3048,"45965 Cochran Ferry Suite 110
North Joseph, KS 50545",Joyceside,Seychelles,2024-09-13 21:28
917,Jeffrey,Collins,bill92@example.org,609342-1604,"97294 Carolyn Alley
North Steven, GU 65701",Lanechester,New Caledonia,2024-04-26 22:48
918,Michelle,Bautista,jennifer86@example.net,6122562259,"3517 Susan Gateway Apt. 627
Josephton, NY 96632",Port Baileyport,Mexico,2024-05-24 10:36
919,Andrea,Chan,sarah57@example.net,-5466,"PSC 0852, Box 7917
APO AP 43097",North Aaronview,Romania,2024-03-22 15:53
920,Amanda,Howard,haley96@example.com,345-769-3735,"9706 Phillips Trace Apt. 079
South Williambury, MD 58865",West Patricia,Myanmar,2024-06-21 09:48
921,Richard,Lara,vcarrillo@example.net,+1-893-908-9833,"02878 Lawrence Burg Suite 300
Fosterfort, AS 18404",West Ericview,Kiribati,2024-05-24 00:39
922,Preston,Harris,juanbutler@example.com,+1-303-309-5830,"894 Ashley Pines Suite 052
East Frank, WV 22027",Wilsonborough,Mauritius,2024-01-10 05:58
923,Wesley,Cortez,ofinley@example.org,+1-853-258-7717,"682 Preston Corners
Lake Lauramouth, NC 97705",Jeanneshire,Oman,2024-05-07 21:08
924,Jose,Rogers,cnelson@example.net,848495-0373,"2993 Butler Village
East Brendaborough, SC 07864",Churchview,Hong Kong,2024-01-08 08:37
925,Robert,Sandoval,webbcarl@example.net,+1-427-733-3040,"514 Whitaker Ports Apt. 034
Leblancberg, FL 18250",Amyton,United Kingdom,2024-01-20 11:34
926,Joseph,Howard,lisanelson@example.com,405887-0288,"446 Neal Square
Elliotthaven, MH 16659",Christinehaven,Egypt,2024-09-05 02:06
927,Leah,Ramirez,james29@example.com,001-845-494-8823,"054 Jarvis Divide
East Ryanland, NJ 07656",Richardtown,Madagascar,2024-05-25 15:43
928,Tyler,Jackson,weeksjennifer@example.org,200-928-0436,"848 Sean Village
South Seanchester, MD 73646",South David,Sierra Leone,2024-04-26 15:48
929,Michael,Smith,rogerdavila@example.org,7293562109,"182 Jamie Keys
Richardmouth, FM 68977",New Stephen,Uzbekistan,2024-09-16 07:37
930,Taylor,Lee,zacharymcclain@example.net,831-755-2020,"5657 Michael Bridge
West Adam, WI 90513",Juliemouth,Namibia,2024-08-26 22:59
931,Samantha,Brown,franklinjoel@example.org,7552132211,"0325 Smith Knoll Apt. 949
Gonzalezberg, NE 15661",Brandonmouth,Togo,2024-01-16 19:04
932,Carrie,Cruz,janet68@example.org,4885780524,"41861 Jones Street
Samuelland, IA 27990",Davisfurt,Guadeloupe,2024-06-17 10:32
933,Dalton,Roberts,lindsayrichard@example.net,8392067963,"428 Tiffany Track Apt. 504
Anaview, SC 63088",West Nicholasport,El Salvador,2024-08-11 11:28
934,Amy,Schneider,travisballard@example.org,507-323-8652,"58050 Williams Fords
Ericmouth, CT 11269",South Molly,Armenia,2024-08-08 05:24
935,Stephen,Williams,tina55@example.org,857347-7929,"005 Estrada Bridge
Brownton, NM 38259",Banksburgh,Indonesia,2024-08-16 03:29
936,Katherine,Dillon,zho@example.com,404-695-9263,"PSC 0979, Box 7278
APO AA 50532",Port Nathan,Nauru,2024-05-07 01:23
937,William,Frazier,roy40@example.com,7632769429,"439 Christopher Mall Suite 411
Lake Lindaberg, MA 84672",Murrayburgh,Cape Verde,2024-04-26 02:29
938,Michael,Washington,annajohnson@example.net,975-775-3369,"99080 Tiffany Forks Apt. 968
South Shawn, UT 22107",Stevenmouth,Tokelau,2024-01-05 13:28
939,Ashley,Johnson,brian04@example.org,001-987-550-0562,"256 Wilson Springs Suite 447
Murrayhaven, CO 97987",West Samuelmouth,Sudan,2024-03-22 16:34
940,Tina,Delgado,ybush@example.com,3849842402,"3861 Daniel Isle Suite 417
Andrewburgh, TN 91278",Roberttown,Vietnam,2024-08-19 22:20
941,Justin,Carroll,jessicaingram@example.net,279-479-5919,"296 Lamb Creek
Erikaview, NH 18658",South Matthewborough,Slovenia,2024-04-21 06:32
942,Michelle,Deleon,fbrown@example.com,+1-265-600-3639,"486 Hall Green
South Gloriaton, WA 40072",Port Jasmine,Italy,2024-03-15 18:51
943,James,Edwards,meaganherrera@example.net,9966429714,"98045 Donna Mills
Port Geraldview, ID 23556",New Walter,Togo,2024-05-03 04:33
944,Lorraine,Armstrong,myoung@example.com,324684-2019,"8488 Campbell Port
Lake Dawn, AK 16048",Nathanielfurt,Nigeria,2024-03-23 07:01
945,Rebecca,Ibarra,mirandamason@example.com,8982347181,"9461 Suzanne Track Suite 942
New Walterhaven, UT 03560",East Troy,Bouvet Island (Bouvetoya),2024-06-26 03:10
946,Melissa,Young,adamseric@example.net,971258-3935,"64191 Mccall Loaf Suite 600
Daniellechester, VT 02039",Gilbertbury,Jordan,2024-08-11 14:59
947,Alexander,Brown,uglenn@example.com,001-386-885-8157,"69221 Carr Islands Suite 775
South Thomasside, NC 05303",New Bretthaven,Cape Verde,2024-07-22 18:19
948,Christopher,Hess,madisoncook@example.net,+1-922-320-3977,"6272 Ayers Turnpike Apt. 413
Gonzalezchester, MI 54445",North Melissa,Senegal,2024-06-03 18:48
949,Sandra,Cooper,davidmartinez@example.net,8554648422,"856 Sweeney Valleys
Annaland, HI 88194",South Luis,Netherlands Antilles,2024-06-17 08:48
950,Chelsea,Jimenez,lorrainejackson@example.net,+1-573-418-4078,"159 Elizabeth Road Apt. 350
Janetland, SD 52099",Brittanyhaven,Turkmenistan,2024-08-23 06:40
951,Dawn,Salas,alexandrabarrett@example.net,3678783890,"8549 Castro Burgs Suite 743
East Cynthia, GA 34148",Port Benjamin,Lesotho,2024-01-21 16:02
952,Susan,Walters,heather63@example.org,827975-6808,"8661 Molina Lock
Lake Brianna, NC 11915",Adkinsberg,Vanuatu,2024-08-06 15:58
953,Lucas,Nelson,zachary48@example.com,897298-7180,"29074 Curtis Track Apt. 288
Carterhaven, NM 44410",Port Samuel,Fiji,2024-07-18 12:06
954,Kenneth,Wilson,estradajonathan@example.org,780594-7886,"27357 James Roads
West Robert, IN 10469",North Matthew,Afghanistan,2024-01-22 02:17
955,Tina,Black,ericajohnson@example.org,001-652-213-5462,"96881 Charles Villages Apt. 385
West Victoriaville, SD 22594",Andreaton,Lesotho,2024-09-21 19:47
956,Connie,Lewis,brittney29@example.org,293-344-3945,"360 Mason Squares Suite 899
Brendabury, OH 14376",Steveberg,Albania,2024-04-07 10:57
957,Anna,Fleming,robertmaynard@example.com,9289109620,"7557 Wright Springs
Bakerview, NC 90131",Maryhaven,France,2024-02-26 16:09
958,Nancy,Lee,anna24@example.net,356-597-7724,"7673 Troy Avenue Suite 851
Alexanderburgh, MD 03943",Jessicaville,Gabon,2024-03-13 18:29
959,Elizabeth,Bailey,tkelley@example.com,678621-8838,"762 Bishop Wells Apt. 522
South Misty, PA 09198",East Heather,Peru,2024-03-04 12:56
960,Jeffrey,Mcintyre,qsalazar@example.com,3726501663,"371 Thompson Rest Apt. 674
Michaeltown, GU 34695",South Elizabeth,Eritrea,2024-06-28 15:07
961,Brianna,Perez,cynthia89@example.org,350483-3776,"09899 Michael Manors
Christopherview, OR 30601",Lake Gregoryland,Svalbard & Jan Mayen Islands,2024-03-09 19:33
962,Maureen,Hill,gwallace@example.org,001-589-877-8177,"923 Frank Trail Apt. 407
New Wendyhaven, CT 51844",Williamfurt,Mauritius,2024-01-18 06:55
963,Franklin,Montgomery,marcuswilliamson@example.org,001-894-418-9443,"3254 Lance Glens Apt. 312
East Christina, OK 57705",Port Timothy,Bosnia and Herzegovina,2024-01-21 03:28
964,Wanda,Chandler,levans@example.net,+1-895-693-8871,"240 Brown Pine
West Vincent, SC 16504",East Kimberlyview,Saint Lucia,2024-08-02 05:07
965,Chase,Banks,steven70@example.com,957-768-0711,"05499 Scott Estates Apt. 118
Larsonstad, AK 66533",East Lorraineland,Ukraine,2024-05-02 06:09
966,Lauren,Mendez,reeddaniel@example.com,5478995656,"50004 Matthew Road
East Michael, AL 63834",Martinezview,Austria,2024-06-30 09:47
967,Felicia,Myers,ernest65@example.com,001-945-524-3771,"5993 Michael Pike
East Daniel, MP 69445",Davidton,Bangladesh,2024-03-02 12:17
968,Deborah,Snyder,kyliemartinez@example.net,718-828-3946,"70224 Jason Rest Suite 351
Bishophaven, AZ 54082",North Saratown,Oman,2024-07-07 07:42
969,Michael,Delgado,jeffrey97@example.com,6096154992,"988 Morgan Summit Suite 915
Joshuaton, PW 30520",West Teresahaven,Trinidad and Tobago,2024-04-23 01:15
970,Tiffany,Harris,bsims@example.org,514573-6692,"69083 Cassandra Island Apt. 781
North Sean, MA 64589",Lake Jennifershire,Netherlands Antilles,2024-04-24 10:33
971,Hector,Perez,jessica66@example.org,260-769-2006,"PSC 4211, Box 5282
APO AE 09048",East Ronald,Malawi,2024-03-19 04:43
972,Brittany,Garner,jayanderson@example.org,8333693567,"5045 Jack Road
Nicholsborough, PW 33015",East Peter,Australia,2024-02-27 12:41
973,Kim,Stewart,karenmontgomery@example.org,3922380790,"643 Nicole Tunnel Suite 757
Danielport, MO 93491",Scottfort,Puerto Rico,2024-01-11 07:45
974,Jose,Campbell,hamiltoncatherine@example.com,001-866-762-6227,"11821 Morgan Pine
South Amanda, IN 58023",East Richardmouth,Switzerland,2024-03-19 13:39
975,Christine,Morales,christianchris@example.com,6989843043,"815 Crawford Roads
Bowmanfurt, FM 96347",Bishopfurt,Congo,2024-08-08 14:57
976,Nicholas,Watts,alvarezdawn@example.net,5207396495,"78223 Hart Courts Suite 425
New Jonathan, FL 18090",North Amberbury,Saint Vincent and the Grenadines,2024-07-01 05:36
977,Sarah,Moreno,melaniebarron@example.net,630-745-9438,"088 Montgomery Extensions
East Michael, AZ 84846",New Daniel,British Virgin Islands,2024-05-06 19:47
978,Mark,Lucas,michael52@example.net,222979-9162,"55417 Melissa Lake Suite 715
South Veronica, MT 10375",Mezaborough,San Marino,2024-09-04 15:04
979,Richard,Cobb,bparker@example.com,001-567-617-7888,"753 Kathryn Haven Suite 242
West Maryport, MH 33108",New Michael,Uzbekistan,2024-05-19 15:14
980,Joshua,Forbes,howardjohn@example.org,725215-0106,"5334 Long Hill Suite 035
Wadeberg, SC 01743",West Michaelburgh,Saint Helena,2024-03-10 18:38
981,Dana,Silva,plewis@example.com,+1-772-337-2293,"15873 Allison Dale
Perezchester, DE 98053",South Allisonberg,British Virgin Islands,2024-09-17 09:09
982,Amber,Smith,ccameron@example.net,001-521-778-2252,"72755 Smith Alley Suite 024
Lake Destinyshire, MH 64347",West Paulchester,Lebanon,2024-08-20 07:22
983,Sheila,Cole,nicoleperez@example.com,-11301,"756 Baker Parkway Apt. 284
Brandonmouth, OK 23589",Watkinsfurt,Turkey,2024-06-08 04:44
984,Lisa,Prince,tracy09@example.net,+1-876-649-0553,"44617 Smith Tunnel
Paigefort, WY 47535",Joshuaberg,Mayotte,2024-03-22 03:20
985,Michele,Adams,hernandezjoshua@example.net,001-766-512-5433,"3322 Amanda Trail Suite 210
New Shellyberg, ME 90496",Maloneport,France,2024-03-26 00:57
986,Jeremy,Douglas,sara26@example.com,977286-7207,"969 White Plain Suite 254
Stephenborough, CA 79309",Andresview,Cameroon,2024-07-03 07:12
987,Nicholas,Mcdaniel,samuel12@example.org,-9062,"4975 Wright Estate
West Courtneyborough, NH 71912",Tiffanyton,Russian Federation,2024-04-01 22:27
988,Joseph,Phillips,manningbrian@example.net,3844962698,"Unit 4697 Box 6214
DPO AA 06382",Buchananchester,Singapore,2024-06-23 07:14
989,Kari,Ruiz,whitneydaniel@example.org,-6089,"906 Mary Shore
Juliafort, FL 71006",Saramouth,Palau,2024-09-15 21:23
990,James,Watson,melodyriley@example.com,+1-332-484-6831,"PSC 8958, Box 8258
APO AE 49321",Juliebury,Cyprus,2024-02-11 09:13
991,James,Smith,wbooker@example.org,6486212379,"7073 Mark Rapid
Sawyerview, DC 92797",Lake Garyborough,Sao Tome and Principe,2024-07-31 06:16
992,Alicia,Burch,yramos@example.org,-5025,"470 Daniel Loaf
North Alexandra, CO 13554",Port Leslie,Somalia,2024-02-09 00:56
993,Jenna,Austin,davidgoodman@example.org,-6247,"2987 James Extensions
South Kellistad, WV 31171",Tiffanystad,Haiti,2024-05-26 13:13
994,Andrew,Shaffer,ericpatel@example.org,605-898-0433,"0497 Christopher Harbors Suite 105
Farmerland, MO 07900",South Christopher,Netherlands,2024-01-10 09:47
995,Juan,Martinez,hhickman@example.com,8582576629,"718 Montgomery Squares Apt. 127
Malikstad, WI 10587",North Lisamouth,India,2024-05-17 20:25
996,Henry,Grant,ccollins@example.net,2002753489,"6219 Chelsea Villages Suite 701
West James, LA 16782",Port Christopher,Israel,2024-09-17 04:33
997,Michael,Martinez,justinkane@example.org,8496954122,"3057 Mary Forest
Donaldville, OK 44050",Greenemouth,Liechtenstein,2024-03-13 14:26
998,Katherine,Anthony,ewilcox@example.net,289-558-2321,"743 David Greens Suite 250
South Melindafurt, MH 44097",Lake Helenborough,Algeria,2024-02-05 23:50
999,Brett,Mccarthy,susan12@example.com,628-389-9818,"6391 Ashley Drives
Shahtown, SC 17733",New Michelleview,Chile,2024-07-29 11:48
1000,Jerry,Dixon,richardelliott@example.com,2258144482,"491 Shari Groves Suite 807
South Brandonstad, MO 00560",Kevinburgh,Estonia,2024-04-05 06:18
