room_id,hotel_id,room_type,availability,price_per_night
1,1,Suite,No,245.69
2,1,Suite,Yes,83.76
3,1,Single,Yes,335.16
4,1,Single,Yes,247.78
5,1,Single,No,250.90
6,1,Double,No,345.72
7,1,Single,No,52.37
8,1,Single,No,278.94
9,1,Suite,Yes,473.64
10,1,Single,Yes,184.33
11,1,Double,No,82.66
12,1,Suite,Yes,122.84
13,1,Single,No,367.14
14,1,Single,Yes,429.30
15,1,Single,Yes,363.40
16,1,Double,Yes,341.74
17,1,Single,Yes,100.48
18,1,Suite,No,384.21
19,1,Double,No,223.10
20,1,Single,No,448.10
21,1,Double,No,120.14
22,1,Single,No,317.49
23,1,Double,Yes,176.71
24,1,Double,Yes,66.79
25,1,Double,No,339.53
26,1,Suite,No,215.85
27,1,Single,Yes,63.94
28,1,Suite,No,421.45
29,1,Double,No,315.98
30,1,Single,No,63.66
31,1,Single,Yes,167.04
32,1,Single,No,293.33
33,1,Single,Yes,312.91
34,1,Single,Yes,378.45
35,1,Suite,No,293.99
36,1,Double,Yes,484.34
37,1,Double,Yes,334.85
38,1,Suite,No,306.60
39,1,Suite,No,92.43
40,1,Double,Yes,475.70
41,1,Suite,Yes,82.92
42,1,Suite,Yes,251.75
43,1,Double,No,145.56
44,1,Single,No,243.59
45,1,Single,No,190.17
46,1,Suite,No,217.36
47,1,Double,No,488.29
48,1,Double,No,190.49
49,1,Double,Yes,473.51
50,1,Suite,No,89.55
51,1,Single,No,397.25
52,1,Single,Yes,281.19
53,1,Double,Yes,73.02
54,1,Single,Yes,278.81
55,1,Double,Yes,139.49
56,1,Double,Yes,233.94
57,1,Single,No,95.19
58,1,Double,Yes,263.64
59,1,Single,Yes,469.70
60,1,Single,No,265.97
61,1,Suite,Yes,140.21
62,1,Double,No,305.21
63,1,Double,Yes,204.98
64,1,Suite,Yes,488.06
65,1,Double,No,110.33
66,1,Double,Yes,133.54
67,1,Double,Yes,167.27
68,1,Double,No,241.91
69,1,Single,No,313.85
70,1,Suite,No,487.74
71,1,Double,Yes,58.69
72,1,Double,No,85.44
73,1,Double,No,327.57
74,1,Double,Yes,232.52
75,1,Double,Yes,368.95
76,1,Double,No,253.94
77,1,Double,No,182.55
78,1,Suite,No,95.19
79,1,Double,Yes,441.73
80,1,Single,No,220.77
81,1,Suite,No,360.52
82,1,Single,Yes,373.78
83,1,Suite,No,180.06
84,1,Double,No,467.66
85,1,Suite,Yes,341.22
86,1,Single,Yes,299.46
87,1,Suite,No,495.68
88,1,Suite,No,134.79
89,1,Single,No,199.37
90,1,Suite,Yes,223.09
91,1,Single,No,141.98
92,1,Double,Yes,331.08
93,1,Suite,Yes,405.94
94,1,Single,No,79.88
95,1,Suite,Yes,257.61
96,1,Double,No,78.81
97,1,Suite,Yes,230.38
98,1,Suite,Yes,450.24
99,1,Suite,Yes,379.92
100,1,Suite,Yes,309.22
101,1,Single,Yes,82.94
102,1,Double,Yes,136.28
103,1,Double,No,192.88
104,1,Single,No,457.61
105,1,Single,No,168.15
106,1,Double,Yes,397.91
107,1,Suite,Yes,81.56
108,1,Double,Yes,249.93
109,1,Double,Yes,476.84
110,1,Suite,Yes,86.38
111,1,Suite,No,100.80
112,1,Double,Yes,154.91
113,1,Suite,No,356.32
114,1,Double,No,168.17
115,1,Double,No,406.23
116,1,Double,Yes,189.12
117,1,Single,Yes,190.97
118,1,Suite,Yes,200.09
119,1,Double,No,247.40
120,1,Double,No,308.18
121,1,Single,Yes,176.25
122,1,Double,Yes,76.33
123,1,Double,Yes,479.76
124,1,Single,No,396.87
125,1,Single,Yes,138.01
126,1,Double,No,375.92
127,1,Suite,No,240.81
128,1,Suite,Yes,449.20
129,1,Single,No,77.81
130,1,Suite,Yes,193.36
131,1,Single,Yes,126.14
132,1,Single,No,304.78
133,1,Suite,Yes,428.39
134,1,Suite,No,365.79
135,1,Suite,No,141.20
136,1,Single,Yes,445.78
137,1,Double,Yes,479.99
138,1,Double,No,410.22
139,1,Single,Yes,63.30
140,1,Suite,Yes,77.18
141,1,Single,Yes,488.81
142,1,Single,Yes,446.58
143,1,Single,Yes,269.23
144,1,Suite,Yes,305.06
145,1,Suite,Yes,288.21
146,1,Single,Yes,420.01
147,1,Suite,Yes,242.42
148,1,Single,No,388.81
149,1,Double,Yes,170.31
150,1,Single,Yes,176.60
151,1,Suite,Yes,116.99
152,1,Double,No,54.94
153,1,Single,Yes,316.99
154,1,Single,Yes,381.28
155,1,Single,Yes,344.15
156,1,Suite,Yes,438.10
157,1,Double,No,147.00
158,1,Double,No,81.25
159,1,Suite,Yes,404.62
160,1,Single,Yes,487.10
161,1,Double,No,304.28
162,1,Suite,No,413.41
163,1,Suite,No,473.68
164,1,Double,No,319.35
165,1,Suite,Yes,134.57
166,1,Single,No,196.89
167,1,Suite,Yes,456.28
168,1,Suite,Yes,299.49
169,1,Double,No,205.04
170,1,Double,No,429.07
171,1,Double,Yes,104.93
172,1,Suite,No,186.58
173,1,Suite,Yes,319.62
174,1,Suite,No,150.39
175,1,Suite,No,235.43
176,1,Single,No,232.54
177,1,Single,No,309.82
178,1,Single,No,457.62
179,1,Suite,Yes,471.71
180,1,Single,Yes,329.80
181,1,Suite,Yes,310.91
182,1,Double,No,187.06
183,1,Single,Yes,74.53
184,1,Single,Yes,142.21
185,1,Suite,No,440.67
186,1,Single,No,434.13
187,1,Single,Yes,472.36
188,1,Single,No,163.27
189,1,Double,Yes,269.31
190,1,Double,Yes,73.95
191,1,Single,No,376.43
192,1,Single,Yes,404.99
193,1,Suite,Yes,324.60
194,1,Single,No,178.38
195,1,Suite,No,372.29
196,1,Double,No,221.58
197,1,Double,Yes,224.98
198,1,Single,No,108.53
199,1,Suite,No,70.75
200,1,Suite,Yes,97.53
201,1,Suite,No,193.29
202,1,Double,Yes,468.53
203,1,Single,No,264.09
204,1,Single,No,89.41
205,1,Single,No,120.61
206,1,Suite,Yes,130.07
207,1,Suite,No,376.43
208,1,Double,Yes,96.90
209,1,Double,Yes,491.58
210,1,Suite,Yes,372.96
211,1,Double,Yes,370.24
212,1,Double,Yes,384.72
213,1,Single,Yes,170.76
214,1,Single,Yes,381.41
215,1,Double,Yes,378.37
216,1,Suite,No,144.61
217,1,Double,No,330.74
218,1,Suite,No,205.46
219,1,Suite,Yes,451.45
220,1,Double,No,93.43
221,1,Suite,Yes,87.62
222,1,Single,Yes,337.43
223,1,Single,No,284.58
224,1,Double,No,109.52
225,1,Suite,Yes,167.09
226,1,Single,Yes,367.07
227,1,Suite,No,56.35
228,1,Double,No,323.08
229,1,Single,No,423.14
230,1,Double,No,70.73
231,1,Double,No,103.38
232,1,Double,Yes,464.33
233,1,Double,Yes,358.13
234,1,Double,No,396.78
235,1,Single,Yes,346.46
236,1,Double,Yes,378.81
237,1,Double,Yes,136.21
238,1,Single,No,413.08
239,1,Suite,No,322.81
240,1,Double,No,447.56
241,1,Single,Yes,137.44
242,1,Double,Yes,215.24
243,1,Single,No,450.96
244,1,Single,No,453.96
245,1,Single,No,294.36
246,1,Double,Yes,196.71
247,1,Double,No,379.28
248,1,Double,No,93.34
249,1,Suite,No,136.24
250,1,Single,Yes,424.47
251,1,Single,Yes,488.65
252,1,Double,Yes,98.59
253,1,Double,Yes,196.19
254,1,Suite,No,100.75
255,1,Suite,Yes,119.00
256,1,Double,No,172.36
257,1,Suite,Yes,142.53
258,1,Double,Yes,203.43
259,1,Single,Yes,368.86
260,1,Double,No,112.40
261,1,Suite,No,306.12
262,1,Suite,No,212.09
263,1,Suite,No,293.24
264,1,Suite,Yes,307.79
265,1,Single,Yes,178.36
266,1,Single,No,150.97
267,1,Single,No,371.49
268,1,Double,Yes,145.51
269,1,Single,No,105.50
270,1,Single,Yes,220.41
271,1,Double,No,176.35
272,1,Single,No,497.46
273,1,Suite,No,325.51
274,1,Double,No,277.16
275,1,Single,Yes,135.17
276,1,Double,Yes,266.43
277,1,Double,Yes,135.57
278,1,Suite,Yes,479.22
279,1,Suite,Yes,281.34
280,1,Suite,No,234.51
281,1,Single,No,62.34
282,1,Suite,Yes,429.65
283,1,Double,No,382.70
284,1,Double,No,95.47
285,1,Suite,Yes,309.12
286,1,Double,Yes,219.45
287,1,Single,Yes,283.71
288,1,Single,Yes,156.78
289,1,Single,Yes,169.13
290,1,Single,No,283.97
291,1,Double,Yes,327.21
292,1,Single,No,441.83
293,1,Double,No,240.00
294,1,Double,No,112.68
295,1,Suite,No,335.71
296,1,Double,Yes,277.74
297,1,Suite,Yes,432.14
298,1,Suite,Yes,84.60
299,1,Suite,Yes,107.51
300,1,Suite,Yes,412.09
301,1,Double,No,132.93
302,1,Double,Yes,244.85
303,1,Single,Yes,191.90
304,1,Suite,No,53.93
305,1,Single,Yes,110.96
306,1,Double,Yes,396.38
307,1,Double,No,287.43
308,1,Single,Yes,421.08
309,1,Double,Yes,370.38
310,1,Suite,No,158.46
311,1,Suite,No,77.38
312,1,Double,Yes,320.34
313,1,Double,Yes,388.04
314,1,Suite,Yes,185.80
315,1,Double,Yes,107.90
316,1,Single,Yes,207.04
317,1,Single,No,74.12
318,1,Suite,No,77.63
319,1,Double,No,273.72
320,1,Double,Yes,94.40
321,1,Suite,No,93.20
322,1,Single,No,110.23
323,1,Double,Yes,301.27
324,1,Single,Yes,195.88
325,1,Single,No,347.65
326,1,Double,No,225.88
327,1,Single,Yes,383.16
328,1,Suite,No,212.33
329,1,Double,Yes,386.35
330,1,Single,Yes,315.80
331,1,Double,Yes,393.40
332,1,Suite,Yes,177.25
333,1,Double,Yes,337.11
334,1,Double,Yes,170.71
335,1,Double,Yes,339.95
336,1,Single,No,246.54
337,1,Single,No,405.51
338,1,Suite,No,146.72
339,1,Double,Yes,323.82
340,1,Single,Yes,93.23
341,1,Double,No,377.13
342,2,Double,No,157.30
343,2,Double,No,361.54
344,2,Single,No,127.90
345,2,Double,No,60.70
346,2,Single,No,419.38
347,2,Suite,Yes,443.88
348,2,Single,No,356.44
349,2,Single,Yes,245.07
350,2,Single,No,348.68
351,2,Suite,No,404.04
352,2,Single,No,50.14
353,2,Single,No,461.59
354,2,Single,No,235.78
355,2,Double,No,175.24
356,2,Single,No,405.40
357,2,Single,No,59.39
358,2,Double,No,335.94
359,2,Single,No,54.73
360,2,Single,Yes,471.58
361,2,Suite,Yes,343.79
362,2,Suite,No,80.01
363,2,Single,No,378.69
364,2,Double,Yes,176.05
365,2,Double,Yes,127.41
366,2,Single,Yes,426.98
367,2,Single,Yes,80.30
368,2,Suite,No,477.49
369,2,Suite,No,194.32
370,2,Single,No,214.12
371,2,Suite,Yes,404.88
372,2,Single,Yes,492.57
373,2,Suite,No,236.52
374,2,Suite,Yes,298.66
375,2,Suite,Yes,346.86
376,2,Single,Yes,398.54
377,2,Single,Yes,220.95
378,2,Double,No,233.29
379,2,Single,Yes,115.74
380,2,Double,No,360.08
381,2,Single,No,491.84
382,2,Suite,Yes,283.65
383,2,Suite,No,252.64
384,2,Double,Yes,197.40
385,2,Suite,No,230.90
386,2,Double,Yes,158.67
387,2,Suite,No,448.73
388,2,Single,Yes,296.75
389,2,Single,No,141.53
390,2,Suite,No,385.89
391,2,Suite,Yes,446.97
392,2,Double,Yes,412.00
393,2,Single,No,68.82
394,2,Double,Yes,81.21
395,2,Single,No,258.58
396,2,Double,Yes,242.42
397,2,Suite,Yes,134.32
398,2,Double,Yes,192.80
399,2,Double,No,106.43
400,2,Double,Yes,466.40
401,2,Suite,No,351.01
402,2,Double,No,168.65
403,2,Single,Yes,492.78
404,2,Double,No,210.78
405,2,Single,Yes,394.69
406,2,Suite,Yes,203.10
407,2,Double,No,305.29
408,2,Suite,No,113.54
409,2,Single,Yes,384.13
410,2,Double,No,119.44
411,2,Suite,No,210.57
412,2,Single,Yes,336.95
413,2,Single,Yes,307.58
414,2,Double,Yes,156.85
415,2,Single,Yes,335.79
416,2,Suite,No,343.76
417,2,Suite,No,95.83
418,2,Double,Yes,398.55
419,2,Double,No,215.04
420,2,Double,Yes,389.59
421,2,Single,No,442.57
422,2,Single,Yes,255.90
423,2,Single,Yes,280.63
424,2,Double,Yes,285.22
425,2,Single,No,404.71
426,2,Suite,No,258.26
427,2,Suite,Yes,342.13
428,2,Suite,No,299.99
429,2,Suite,Yes,255.38
430,2,Single,Yes,84.17
431,2,Double,No,108.01
432,2,Double,No,370.07
433,2,Suite,No,108.73
434,2,Double,Yes,446.88
435,2,Single,Yes,137.26
436,2,Single,Yes,280.42
437,2,Single,Yes,489.43
438,2,Double,No,71.07
439,2,Double,No,498.92
440,2,Suite,Yes,113.30
441,2,Suite,No,250.71
442,2,Single,No,321.88
443,2,Double,Yes,186.78
444,2,Single,Yes,255.27
445,2,Single,Yes,310.14
446,2,Double,Yes,441.43
447,2,Single,Yes,452.49
448,2,Suite,Yes,318.43
449,2,Suite,Yes,228.78
450,2,Suite,Yes,227.72
451,2,Suite,No,398.43
452,2,Double,No,195.81
453,2,Single,Yes,202.86
454,2,Double,Yes,245.45
455,2,Single,No,234.39
456,2,Suite,No,78.90
457,2,Double,Yes,358.41
458,2,Single,Yes,287.51
459,2,Single,No,145.35
460,2,Double,No,454.41
461,2,Double,Yes,312.26
462,2,Double,No,496.86
463,2,Double,Yes,483.32
464,2,Double,Yes,484.70
465,2,Suite,No,455.87
466,2,Single,Yes,224.57
467,2,Double,No,227.87
468,2,Double,Yes,125.71
469,2,Single,Yes,268.73
470,2,Suite,No,189.24
471,2,Suite,Yes,64.97
472,2,Suite,Yes,109.61
473,2,Suite,Yes,438.63
474,2,Suite,No,257.43
475,2,Single,Yes,226.76
476,2,Double,Yes,261.63
477,2,Suite,No,125.77
478,2,Suite,Yes,238.90
479,2,Single,No,253.28
480,2,Double,No,435.14
481,2,Single,No,196.11
482,2,Single,Yes,387.88
483,2,Suite,Yes,236.14
484,2,Suite,No,147.32
485,2,Suite,No,295.02
486,2,Single,No,382.89
487,2,Single,Yes,307.22
488,2,Single,Yes,268.64
489,2,Suite,Yes,174.28
490,2,Suite,Yes,259.78
491,2,Suite,No,396.58
492,2,Suite,No,360.27
493,2,Single,Yes,84.00
494,2,Double,Yes,215.35
495,2,Suite,Yes,265.63
496,2,Double,Yes,165.63
497,2,Double,Yes,490.87
498,2,Suite,Yes,130.97
499,2,Double,No,167.91
500,2,Single,No,249.72
501,2,Single,Yes,458.56
502,2,Single,No,180.73
503,2,Double,No,250.99
504,2,Suite,Yes,337.18
505,2,Suite,Yes,309.83
506,2,Single,Yes,325.70
507,2,Suite,Yes,97.60
508,2,Single,No,168.82
509,2,Single,No,203.68
510,2,Suite,Yes,425.61
511,2,Single,No,367.17
512,2,Single,Yes,376.00
513,2,Suite,No,93.57
514,2,Suite,No,380.61
515,2,Single,No,479.77
516,2,Double,No,198.12
517,2,Suite,Yes,451.87
518,2,Suite,Yes,78.52
519,2,Single,Yes,189.53
520,2,Double,No,186.55
521,2,Double,Yes,359.57
522,2,Double,No,235.98
523,2,Suite,No,206.50
524,2,Suite,Yes,274.85
525,2,Double,Yes,95.89
526,2,Suite,No,311.83
527,2,Single,Yes,462.54
528,2,Double,Yes,379.78
529,2,Suite,Yes,123.06
530,2,Double,No,409.01
531,2,Suite,Yes,185.22
532,2,Suite,Yes,241.21
533,2,Suite,No,289.40
534,2,Double,No,65.87
535,2,Single,Yes,79.14
536,2,Single,Yes,353.96
537,2,Double,No,305.94
538,2,Suite,Yes,479.47
539,2,Double,Yes,138.10
540,2,Single,No,483.40
541,2,Single,Yes,95.99
542,2,Single,Yes,270.89
543,2,Double,Yes,381.95
544,2,Single,No,92.16
545,2,Double,Yes,449.85
546,2,Double,Yes,470.57
547,2,Suite,Yes,399.64
548,2,Double,Yes,293.77
549,2,Single,Yes,74.75
550,2,Single,Yes,139.11
551,2,Double,Yes,480.41
552,2,Single,Yes,215.92
553,2,Suite,Yes,261.05
554,2,Suite,No,93.61
555,2,Single,Yes,243.51
556,2,Single,Yes,90.56
557,2,Single,No,200.86
558,2,Single,No,292.73
559,2,Double,No,195.49
560,2,Suite,Yes,169.67
561,2,Double,Yes,489.99
562,2,Double,No,362.26
563,2,Double,No,399.74
564,2,Single,Yes,62.32
565,2,Single,Yes,292.38
566,2,Single,No,262.09
567,2,Suite,Yes,420.74
568,2,Double,Yes,142.32
569,2,Single,Yes,319.62
570,2,Suite,No,449.05
571,2,Double,No,310.51
572,2,Single,No,213.68
573,2,Single,Yes,275.59
574,2,Suite,No,79.97
575,2,Suite,Yes,476.85
576,2,Single,Yes,151.41
577,2,Single,No,201.03
578,2,Suite,No,468.71
579,2,Double,Yes,372.51
580,2,Single,No,163.34
581,2,Single,Yes,143.77
582,2,Double,No,291.01
583,2,Suite,No,492.29
584,2,Single,No,298.03
585,2,Suite,No,281.07
586,2,Double,No,262.75
587,2,Suite,Yes,161.26
588,2,Single,No,418.50
589,2,Double,Yes,204.34
590,2,Suite,No,402.74
591,2,Double,Yes,309.09
592,2,Double,Yes,338.11
593,2,Suite,No,477.83
594,2,Single,No,83.08
595,2,Suite,No,161.04
596,2,Suite,No,430.30
597,2,Double,No,128.10
598,2,Single,No,225.74
599,3,Double,Yes,269.87
600,3,Suite,No,338.93
601,3,Double,Yes,362.02
602,3,Double,Yes,92.57
603,3,Single,No,306.90
604,3,Suite,No,299.62
605,3,Double,Yes,316.07
606,3,Double,No,50.89
607,3,Single,No,141.29
608,3,Double,No,52.64
609,3,Single,No,457.10
610,3,Suite,No,161.18
611,3,Suite,Yes,486.24
612,3,Single,No,321.91
613,3,Suite,No,366.98
614,3,Single,Yes,359.73
615,3,Single,No,413.46
616,3,Double,Yes,459.62
617,3,Single,Yes,403.32
618,3,Double,No,332.14
619,3,Single,No,460.23
620,3,Double,Yes,133.18
621,3,Suite,No,195.13
622,3,Single,Yes,395.93
623,3,Suite,No,328.19
624,3,Suite,No,327.68
625,3,Suite,No,424.34
626,3,Suite,Yes,198.87
627,3,Single,No,223.60
628,3,Single,Yes,269.96
629,3,Double,Yes,331.02
630,3,Single,Yes,432.81
631,3,Suite,Yes,285.76
632,3,Single,No,186.44
633,3,Single,No,277.53
634,3,Double,No,391.34
635,3,Double,No,313.81
636,3,Suite,No,91.78
637,3,Double,No,196.51
638,3,Single,Yes,432.29
639,3,Suite,Yes,445.88
640,3,Single,No,329.68
641,3,Suite,No,433.29
642,3,Suite,Yes,441.23
643,3,Suite,Yes,111.80
644,3,Suite,No,272.11
645,3,Double,Yes,100.94
646,3,Single,No,114.27
647,3,Double,Yes,140.08
648,3,Suite,Yes,82.10
649,3,Single,No,278.02
650,3,Double,No,103.27
651,3,Suite,No,304.74
652,3,Double,Yes,324.64
653,3,Suite,Yes,407.92
654,3,Double,Yes,472.98
655,3,Double,Yes,336.66
656,3,Suite,No,403.28
657,3,Double,Yes,50.25
658,4,Double,Yes,477.49
659,4,Single,No,338.41
660,4,Double,Yes,216.70
661,4,Suite,No,476.06
662,4,Suite,Yes,96.36
663,4,Double,No,441.11
664,4,Suite,No,296.12
665,4,Suite,Yes,318.36
666,4,Single,No,347.97
667,4,Single,No,285.06
668,4,Single,No,376.96
669,4,Suite,No,178.63
670,4,Suite,No,468.19
671,4,Single,No,353.12
672,4,Single,No,356.90
673,4,Suite,No,217.50
674,4,Suite,No,188.72
675,4,Suite,Yes,383.59
676,4,Double,No,428.84
677,4,Suite,No,384.50
678,4,Double,Yes,284.68
679,4,Double,Yes,129.02
680,4,Double,Yes,74.55
681,4,Suite,Yes,218.04
682,4,Suite,No,219.20
683,4,Suite,Yes,123.52
684,4,Single,No,197.85
685,4,Single,Yes,321.92
686,4,Single,Yes,156.56
687,4,Double,No,126.46
688,4,Single,Yes,331.83
689,4,Double,No,392.68
690,4,Double,Yes,129.44
691,4,Single,No,167.81
692,4,Suite,No,410.11
693,4,Suite,No,284.74
694,4,Suite,Yes,394.24
695,4,Suite,No,123.18
696,4,Single,No,53.27
697,4,Double,Yes,149.55
698,4,Double,No,286.55
699,4,Suite,Yes,178.82
700,4,Double,Yes,197.44
701,4,Single,Yes,337.00
702,4,Suite,No,102.99
703,4,Double,Yes,392.27
704,4,Single,Yes,305.35
705,4,Single,No,365.60
706,4,Suite,Yes,69.91
707,4,Double,Yes,226.73
708,4,Suite,No,234.52
709,4,Double,Yes,415.78
710,4,Suite,No,154.29
711,4,Single,No,100.21
712,4,Double,No,305.12
713,4,Suite,Yes,307.67
714,4,Suite,Yes,127.38
715,4,Double,No,73.67
716,4,Double,Yes,58.09
717,4,Double,No,175.97
718,4,Suite,No,294.34
719,4,Single,Yes,315.57
720,4,Suite,Yes,419.87
721,4,Single,Yes,233.36
722,4,Single,Yes,294.92
723,4,Double,Yes,338.26
724,4,Suite,No,357.46
725,4,Double,Yes,246.17
726,4,Double,Yes,456.52
727,4,Single,Yes,447.37
728,4,Single,Yes,185.26
729,4,Double,No,165.85
730,4,Suite,No,477.15
731,4,Double,No,394.39
732,4,Double,Yes,387.24
733,4,Double,No,138.94
734,4,Single,No,409.40
735,4,Suite,Yes,267.36
736,4,Single,No,265.99
737,4,Suite,No,436.25
738,4,Double,Yes,248.75
739,4,Double,No,248.90
740,4,Suite,No,236.10
741,4,Suite,Yes,346.53
742,4,Double,No,390.50
743,4,Double,No,325.07
744,4,Suite,Yes,293.52
745,4,Double,No,204.97
746,4,Single,No,286.57
747,4,Single,Yes,463.27
748,4,Suite,Yes,159.25
749,4,Double,Yes,374.74
750,4,Double,No,457.13
751,4,Double,Yes,339.15
752,4,Single,No,431.18
753,4,Suite,Yes,136.12
754,4,Single,Yes,162.32
755,4,Suite,Yes,284.79
756,4,Single,No,365.51
757,4,Single,Yes,222.95
758,4,Double,No,334.49
759,4,Suite,No,424.17
760,4,Suite,No,469.02
761,4,Suite,Yes,284.52
762,4,Double,No,165.83
763,4,Suite,Yes,224.79
764,4,Suite,No,453.45
765,4,Double,No,356.71
766,4,Double,Yes,232.28
767,4,Suite,Yes,262.32
768,4,Suite,Yes,484.56
769,4,Single,Yes,361.90
770,4,Single,Yes,496.10
771,4,Single,No,424.16
772,4,Single,Yes,326.18
773,4,Single,No,78.12
774,4,Single,Yes,401.36
775,4,Double,Yes,121.94
776,4,Double,No,292.58
777,4,Suite,Yes,61.17
778,4,Suite,Yes,126.82
779,4,Double,Yes,133.12
780,4,Single,Yes,52.46
781,4,Single,No,147.78
782,4,Double,No,313.50
783,4,Double,No,132.32
784,4,Single,No,364.93
785,4,Suite,Yes,471.17
786,4,Single,No,472.19
787,4,Double,Yes,364.40
788,4,Single,No,341.17
789,4,Double,Yes,105.00
790,4,Single,No,382.74
791,4,Single,No,359.88
792,4,Double,No,98.53
793,4,Double,No,488.78
794,4,Double,No,65.86
795,4,Suite,No,227.06
796,4,Double,No,411.61
797,4,Suite,Yes,237.34
798,4,Suite,No,283.98
799,4,Single,No,227.38
800,4,Single,Yes,425.50
801,4,Double,No,87.73
802,4,Double,Yes,461.43
803,4,Suite,Yes,289.18
804,4,Single,Yes,380.21
805,4,Suite,Yes,206.31
806,4,Suite,No,315.17
807,4,Single,No,132.17
808,4,Single,No,381.61
809,4,Double,No,151.28
810,4,Suite,Yes,290.99
811,4,Double,No,212.05
812,4,Single,Yes,248.79
813,4,Single,No,228.62
814,4,Double,No,415.95
815,4,Suite,Yes,417.53
816,4,Suite,No,350.56
817,4,Double,No,237.57
818,4,Double,Yes,227.30
819,4,Suite,No,105.71
820,4,Single,Yes,301.53
821,4,Suite,Yes,247.28
822,4,Single,Yes,189.64
823,4,Double,No,297.70
824,4,Suite,No,110.06
825,4,Suite,Yes,367.38
826,4,Suite,No,287.98
827,4,Single,No,235.35
828,4,Single,No,228.20
829,4,Single,Yes,130.56
830,4,Single,No,144.89
831,4,Suite,No,406.82
832,4,Suite,No,235.94
833,4,Suite,No,327.45
834,4,Suite,Yes,110.79
835,4,Suite,Yes,96.69
836,4,Suite,Yes,181.18
837,4,Double,Yes,354.29
838,4,Single,Yes,362.92
839,4,Suite,Yes,355.69
840,4,Single,No,493.05
841,4,Suite,No,137.94
842,4,Double,Yes,208.11
843,4,Double,Yes,283.98
844,4,Double,No,96.62
845,4,Double,Yes,381.51
846,4,Suite,No,356.57
847,4,Single,Yes,103.05
848,4,Suite,No,323.69
849,4,Double,Yes,180.67
850,4,Double,No,494.89
851,4,Single,Yes,62.92
852,4,Double,No,116.45
853,4,Single,No,356.88
854,4,Suite,No,77.56
855,4,Single,No,84.55
856,4,Single,No,445.64
857,5,Suite,No,365.02
858,5,Double,Yes,168.18
859,5,Single,No,89.29
860,5,Suite,No,56.94
861,5,Suite,No,237.31
862,5,Suite,No,482.21
863,5,Suite,No,209.26
864,5,Suite,Yes,250.62
865,5,Suite,No,87.48
866,5,Single,Yes,480.04
867,5,Double,Yes,156.97
868,5,Double,Yes,358.38
869,5,Single,Yes,436.40
870,5,Single,No,183.52
871,5,Double,No,140.51
872,5,Single,No,483.53
873,5,Double,Yes,106.55
874,5,Suite,Yes,70.60
875,5,Suite,No,93.24
876,5,Suite,No,231.79
877,5,Suite,Yes,435.01
878,5,Double,No,278.21
879,5,Single,No,204.71
880,5,Suite,Yes,448.34
881,5,Double,No,72.98
882,5,Single,No,258.10
883,5,Double,No,396.13
884,5,Single,No,428.72
885,5,Suite,No,231.36
886,5,Suite,Yes,358.49
887,5,Single,No,123.03
888,5,Suite,No,167.95
889,5,Suite,No,384.72
890,5,Suite,No,462.77
891,5,Single,Yes,426.65
892,5,Single,Yes,459.18
893,5,Suite,No,336.45
894,5,Double,No,110.60
895,5,Suite,Yes,243.99
896,5,Double,Yes,303.68
897,5,Single,Yes,206.64
898,5,Suite,No,316.23
899,5,Single,No,102.18
900,5,Double,Yes,291.77
901,5,Suite,Yes,368.17
902,5,Single,No,203.87
903,5,Single,No,297.16
904,5,Single,Yes,130.81
905,5,Suite,No,246.07
906,5,Suite,Yes,217.11
907,5,Suite,No,401.09
908,5,Double,No,405.64
909,5,Double,No,223.19
910,5,Double,No,326.35
911,5,Single,Yes,117.96
912,5,Suite,No,157.49
913,5,Single,Yes,315.42
914,5,Suite,Yes,482.94
915,6,Suite,No,371.22
916,6,Double,No,149.60
917,6,Suite,No,359.13
918,6,Double,No,164.59
919,6,Single,No,453.62
920,6,Single,Yes,329.24
921,6,Single,No,52.76
922,6,Double,No,254.29
923,6,Double,No,147.40
924,6,Single,No,488.09
925,6,Double,No,267.20
926,6,Double,No,222.00
927,6,Suite,Yes,442.80
928,6,Suite,No,461.33
929,6,Single,Yes,123.04
930,6,Single,No,339.70
931,6,Double,No,201.04
932,6,Single,No,113.49
933,6,Suite,No,280.47
934,6,Single,Yes,86.48
935,6,Single,Yes,157.37
936,6,Suite,Yes,357.81
937,6,Suite,No,416.87
938,6,Suite,Yes,130.85
939,6,Double,Yes,311.20
940,6,Double,No,72.90
941,6,Suite,No,156.74
942,6,Suite,Yes,420.96
943,6,Suite,Yes,372.74
944,6,Single,No,293.23
945,6,Double,Yes,82.11
946,6,Suite,No,467.72
947,6,Suite,Yes,109.80
948,6,Single,Yes,470.72
949,6,Suite,No,137.45
950,6,Single,No,395.64
951,6,Single,Yes,378.76
952,6,Single,No,418.20
953,6,Double,No,131.30
954,6,Single,No,147.33
955,6,Single,Yes,205.46
956,6,Suite,No,464.39
957,6,Suite,No,243.16
958,6,Single,No,446.55
959,6,Single,Yes,97.59
960,6,Single,Yes,386.03
961,6,Double,Yes,89.94
962,6,Single,No,451.03
963,6,Single,No,321.67
964,6,Suite,No,305.44
965,6,Suite,Yes,206.27
966,6,Double,No,418.71
967,6,Double,No,220.46
968,6,Single,No,310.96
969,6,Single,No,411.65
970,6,Suite,Yes,442.65
971,6,Single,Yes,230.90
972,6,Suite,No,268.01
973,6,Double,Yes,388.13
974,6,Suite,No,172.82
975,6,Suite,Yes,308.12
976,6,Double,Yes,403.23
977,6,Suite,Yes,183.47
978,6,Single,No,428.17
979,6,Single,Yes,234.18
980,6,Suite,Yes,67.80
981,6,Double,No,275.88
982,6,Double,Yes,62.10
983,6,Single,No,332.25
984,6,Suite,Yes,103.14
985,6,Suite,No,178.58
986,6,Single,Yes,397.02
987,6,Suite,No,76.70
988,6,Single,No,116.12
989,6,Single,Yes,494.87
990,6,Suite,No,64.72
991,6,Single,Yes,292.41
992,6,Single,No,104.96
993,6,Double,No,482.26
994,6,Suite,Yes,344.87
995,6,Single,No,252.85
996,6,Single,Yes,82.52
997,6,Suite,No,407.04
998,6,Single,Yes,95.04
999,6,Suite,No,432.19
1000,6,Single,Yes,210.69
1001,6,Double,Yes,480.19
1002,6,Double,No,209.48
1003,6,Suite,Yes,176.42
1004,6,Suite,Yes,187.14
1005,6,Double,No,279.37
1006,6,Single,Yes,145.77
1007,6,Double,No,260.76
1008,6,Single,Yes,57.44
1009,6,Double,No,273.58
1010,6,Double,Yes,301.70
1011,6,Single,No,54.27
1012,6,Single,No,243.53
1013,6,Double,No,186.71
1014,6,Single,Yes,53.22
1015,6,Double,Yes,402.92
1016,6,Double,No,434.11
1017,6,Single,Yes,115.29
1018,6,Double,Yes,275.97
1019,6,Double,No,329.16
1020,6,Suite,No,345.16
1021,6,Single,Yes,154.61
1022,6,Suite,No,469.84
1023,6,Double,No,369.74
1024,6,Double,No,129.72
1025,6,Single,Yes,152.19
1026,6,Single,Yes,73.56
1027,6,Suite,Yes,381.18
1028,6,Suite,No,153.50
1029,6,Suite,No,421.00
1030,6,Double,No,356.72
1031,6,Double,Yes,154.17
1032,6,Single,Yes,70.98
1033,6,Suite,No,325.93
1034,6,Single,Yes,419.68
1035,6,Single,Yes,251.57
1036,6,Double,Yes,300.60
1037,6,Suite,No,413.86
1038,6,Single,Yes,213.35
1039,6,Suite,Yes,219.04
1040,6,Double,Yes,250.87
1041,6,Single,Yes,151.10
1042,6,Double,Yes,184.19
1043,6,Suite,Yes,263.60
1044,7,Suite,No,276.49
1045,7,Double,No,463.50
1046,7,Double,Yes,150.13
1047,7,Double,Yes,168.36
1048,7,Suite,No,336.84
1049,7,Single,No,321.92
1050,7,Double,Yes,167.07
1051,7,Suite,No,330.71
1052,7,Single,Yes,416.98
1053,7,Single,No,232.64
1054,7,Single,No,148.40
1055,7,Double,Yes,396.10
1056,7,Double,Yes,463.81
1057,7,Suite,No,57.66
1058,7,Single,No,301.70
1059,7,Suite,No,106.83
1060,7,Suite,Yes,471.87
1061,7,Suite,Yes,77.09
1062,7,Double,Yes,189.89
1063,7,Suite,Yes,350.71
1064,7,Suite,Yes,120.30
1065,7,Suite,Yes,381.47
1066,7,Suite,No,138.61
1067,7,Double,No,238.92
1068,7,Double,No,394.44
1069,7,Double,No,303.26
1070,7,Suite,Yes,56.85
1071,7,Double,Yes,296.40
1072,7,Double,Yes,326.01
1073,7,Single,Yes,160.65
1074,7,Single,No,193.74
1075,7,Double,No,476.70
1076,7,Suite,Yes,360.97
1077,7,Suite,Yes,479.11
1078,7,Suite,No,360.00
1079,7,Single,Yes,155.66
1080,7,Suite,No,359.70
1081,7,Double,Yes,326.67
1082,7,Single,No,391.27
1083,7,Double,No,421.24
1084,7,Single,Yes,144.00
1085,7,Double,No,467.52
1086,7,Suite,No,410.68
1087,7,Suite,Yes,383.79
1088,7,Suite,No,381.08
1089,7,Single,Yes,106.83
1090,7,Suite,Yes,288.39
1091,7,Suite,No,236.86
1092,7,Double,Yes,195.12
1093,7,Suite,No,198.85
1094,7,Double,Yes,347.95
1095,7,Single,No,79.86
1096,7,Single,Yes,213.17
1097,7,Single,No,242.25
1098,7,Double,No,156.98
1099,7,Single,Yes,284.44
1100,7,Double,Yes,113.57
1101,7,Suite,No,258.27
1102,7,Single,No,286.62
1103,7,Double,Yes,140.04
1104,7,Suite,Yes,461.73
1105,7,Single,No,100.08
1106,7,Single,Yes,216.23
1107,7,Double,Yes,215.77
1108,7,Suite,No,101.93
1109,7,Suite,No,282.63
1110,7,Double,No,353.40
1111,7,Single,Yes,410.20
1112,7,Suite,No,222.22
1113,7,Double,No,230.93
1114,7,Single,Yes,449.06
1115,7,Double,Yes,332.83
1116,7,Single,No,294.95
1117,7,Single,No,416.86
1118,7,Suite,Yes,241.23
1119,7,Single,Yes,427.98
1120,7,Double,No,451.39
1121,7,Single,No,401.06
1122,7,Double,Yes,81.80
1123,7,Single,Yes,136.87
1124,7,Double,No,477.31
1125,7,Single,No,450.80
1126,7,Double,No,380.59
1127,7,Double,No,218.83
1128,7,Double,No,163.15
1129,7,Suite,No,168.09
1130,7,Suite,Yes,388.34
1131,7,Suite,Yes,389.71
1132,7,Double,Yes,218.51
1133,7,Double,No,388.58
1134,7,Double,Yes,280.00
1135,7,Single,Yes,324.01
1136,7,Suite,Yes,462.12
1137,7,Suite,Yes,423.03
1138,7,Double,Yes,372.89
1139,7,Single,No,153.45
1140,7,Single,Yes,80.00
1141,7,Single,Yes,461.99
1142,7,Suite,No,392.24
1143,7,Single,Yes,238.99
1144,7,Suite,Yes,53.42
1145,7,Single,Yes,263.04
1146,7,Double,No,351.48
1147,7,Double,No,444.30
1148,7,Double,Yes,245.51
1149,7,Single,Yes,456.50
1150,7,Double,Yes,454.79
1151,7,Single,No,311.35
1152,7,Double,Yes,373.70
1153,7,Double,No,293.23
1154,7,Double,No,191.27
1155,7,Single,Yes,189.93
1156,7,Double,Yes,141.24
1157,7,Suite,Yes,306.38
1158,7,Suite,No,347.08
1159,7,Double,Yes,320.34
1160,7,Single,No,300.43
1161,7,Suite,No,54.15
1162,7,Double,Yes,140.38
1163,7,Double,No,349.74
1164,7,Double,No,84.42
1165,7,Double,No,432.53
1166,7,Suite,No,174.70
1167,7,Single,Yes,109.20
1168,7,Single,No,137.24
1169,7,Single,Yes,225.44
1170,7,Double,Yes,140.90
1171,7,Suite,No,459.60
1172,7,Single,Yes,470.97
1173,7,Suite,Yes,493.20
1174,7,Single,No,325.95
1175,7,Suite,No,476.21
1176,7,Double,Yes,344.04
1177,7,Suite,Yes,319.65
1178,7,Single,Yes,252.84
1179,7,Double,Yes,267.40
1180,7,Double,No,425.62
1181,7,Suite,Yes,381.33
1182,7,Single,No,127.83
1183,7,Single,Yes,441.76
1184,7,Double,No,287.53
1185,7,Single,No,301.52
1186,7,Suite,Yes,453.59
1187,7,Suite,No,478.63
1188,7,Double,No,176.04
1189,7,Single,Yes,478.54
1190,7,Double,Yes,60.90
1191,7,Single,No,50.81
1192,7,Double,No,86.44
1193,7,Suite,No,223.58
1194,7,Double,Yes,191.73
1195,7,Suite,No,152.52
1196,7,Single,Yes,274.21
1197,7,Single,No,415.00
1198,7,Suite,Yes,400.37
1199,7,Single,Yes,401.73
1200,7,Suite,No,259.95
1201,7,Suite,Yes,312.28
1202,7,Suite,Yes,201.21
1203,7,Double,No,79.77
1204,7,Suite,Yes,433.00
1205,7,Single,Yes,53.99
1206,7,Suite,Yes,364.11
1207,7,Suite,No,116.14
1208,7,Double,No,383.35
1209,7,Double,Yes,185.55
1210,7,Double,No,375.34
1211,7,Double,No,152.25
1212,7,Double,No,150.68
1213,7,Suite,No,305.66
1214,7,Suite,Yes,299.75
1215,7,Suite,No,143.66
1216,7,Double,Yes,152.85
1217,7,Suite,No,395.80
1218,7,Single,Yes,158.66
1219,7,Suite,No,295.18
1220,7,Double,Yes,151.27
1221,7,Double,No,143.44
1222,7,Single,Yes,389.34
1223,7,Suite,No,432.67
1224,7,Double,No,230.58
1225,7,Double,No,225.60
1226,7,Single,Yes,254.20
1227,7,Single,Yes,234.50
1228,7,Double,Yes,461.02
1229,7,Single,Yes,206.65
1230,7,Single,Yes,497.10
1231,7,Single,Yes,434.73
1232,7,Single,Yes,308.03
1233,7,Double,No,363.82
1234,7,Double,No,457.44
1235,7,Suite,Yes,125.82
1236,7,Suite,No,255.52
1237,7,Suite,Yes,439.23
1238,7,Double,Yes,426.50
1239,7,Suite,Yes,261.11
1240,7,Single,No,305.76
1241,7,Double,Yes,53.36
1242,7,Double,No,296.52
1243,7,Single,Yes,194.39
1244,7,Double,No,307.34
1245,7,Single,Yes,335.09
1246,7,Suite,No,313.80
1247,7,Double,Yes,129.28
1248,7,Suite,Yes,350.03
1249,7,Double,No,406.82
1250,7,Double,No,336.02
1251,7,Single,No,331.03
1252,7,Suite,No,78.47
1253,7,Single,No,451.71
1254,7,Double,Yes,160.53
1255,7,Double,No,410.16
1256,7,Double,No,312.62
1257,7,Suite,Yes,280.23
1258,7,Double,No,419.33
1259,7,Double,Yes,240.21
1260,7,Single,Yes,486.92
1261,7,Single,Yes,300.42
1262,7,Double,Yes,420.50
1263,7,Suite,Yes,75.40
1264,7,Suite,No,120.53
1265,7,Single,No,149.08
1266,7,Single,Yes,291.25
1267,7,Single,No,303.31
1268,7,Double,No,134.04
1269,7,Suite,Yes,345.93
1270,7,Suite,No,355.15
1271,7,Double,No,157.37
1272,7,Single,Yes,488.19
1273,7,Double,No,346.89
1274,7,Single,Yes,242.56
1275,7,Single,Yes,411.30
1276,7,Suite,No,479.88
1277,7,Suite,Yes,443.31
1278,7,Single,Yes,443.66
1279,7,Suite,No,185.42
1280,8,Double,No,278.33
1281,8,Single,Yes,75.62
1282,8,Double,No,345.04
1283,8,Suite,Yes,204.58
1284,8,Suite,Yes,245.32
1285,8,Suite,Yes,266.17
1286,8,Single,Yes,305.26
1287,8,Double,Yes,435.17
1288,8,Single,Yes,145.24
1289,8,Double,No,154.33
1290,8,Single,No,347.19
1291,8,Single,No,147.12
1292,8,Double,Yes,153.88
1293,8,Suite,No,120.15
1294,8,Suite,No,218.90
1295,8,Single,Yes,318.73
1296,8,Single,No,110.96
1297,8,Single,Yes,420.58
1298,8,Single,No,241.05
1299,8,Single,Yes,231.61
1300,8,Double,No,336.82
1301,8,Double,Yes,284.10
1302,8,Suite,Yes,381.60
1303,8,Single,No,52.73
1304,8,Single,No,324.19
1305,8,Single,No,300.17
1306,8,Double,No,451.78
1307,8,Single,Yes,188.99
1308,8,Double,No,474.91
1309,8,Suite,No,312.90
1310,8,Suite,No,229.33
1311,8,Suite,No,409.07
1312,8,Single,No,400.53
1313,8,Double,No,166.98
1314,8,Single,Yes,60.39
1315,8,Double,No,419.70
1316,8,Single,Yes,453.42
1317,8,Double,Yes,432.58
1318,8,Suite,No,51.97
1319,8,Single,No,496.67
1320,8,Suite,No,492.42
1321,8,Suite,No,167.66
1322,8,Single,Yes,491.66
1323,8,Double,No,287.98
1324,8,Suite,No,373.30
1325,8,Double,Yes,318.82
1326,8,Double,No,221.01
1327,8,Suite,Yes,351.89
1328,8,Double,Yes,306.25
1329,8,Single,Yes,356.47
1330,8,Double,Yes,88.92
1331,8,Suite,Yes,332.60
1332,8,Single,No,418.98
1333,8,Double,Yes,190.25
1334,8,Suite,No,198.63
1335,8,Suite,Yes,62.64
1336,8,Double,No,475.96
1337,8,Suite,No,195.77
1338,8,Single,No,230.10
1339,8,Suite,Yes,316.25
1340,8,Single,Yes,121.43
1341,8,Double,Yes,482.63
1342,8,Double,Yes,412.11
1343,8,Single,No,313.32
1344,8,Suite,No,53.55
1345,8,Suite,No,484.63
1346,8,Double,Yes,250.50
1347,8,Single,Yes,476.62
1348,9,Double,Yes,255.48
1349,9,Single,Yes,455.86
1350,9,Suite,Yes,361.36
1351,9,Single,No,333.19
1352,9,Double,No,215.83
1353,9,Double,No,275.77
1354,9,Double,No,78.27
1355,9,Single,No,424.66
1356,9,Double,Yes,449.77
1357,9,Single,Yes,241.64
1358,9,Suite,Yes,498.23
1359,9,Suite,No,76.30
1360,9,Suite,Yes,429.44
1361,9,Suite,No,273.73
1362,9,Double,Yes,196.21
1363,9,Single,No,445.25
1364,9,Suite,No,453.75
1365,9,Suite,No,353.62
1366,9,Suite,Yes,97.88
1367,9,Double,No,100.76
1368,9,Suite,No,490.82
1369,9,Single,No,237.71
1370,9,Double,No,204.80
1371,9,Single,Yes,344.80
1372,9,Suite,Yes,209.76
1373,9,Double,Yes,74.47
1374,9,Double,No,286.74
1375,9,Single,Yes,408.34
1376,9,Suite,Yes,246.96
1377,9,Single,No,176.93
1378,9,Suite,No,373.52
1379,9,Suite,No,185.15
1380,9,Single,No,396.38
1381,9,Single,No,67.06
1382,9,Suite,Yes,116.34
1383,9,Single,No,324.45
1384,9,Double,Yes,71.73
1385,9,Double,No,397.61
1386,9,Double,No,422.17
1387,9,Suite,No,354.51
1388,9,Double,No,289.90
1389,9,Single,No,124.46
1390,9,Suite,No,121.23
1391,9,Single,No,395.63
1392,9,Single,No,167.09
1393,9,Suite,Yes,65.99
1394,9,Double,No,305.13
1395,9,Single,No,52.28
1396,9,Suite,No,197.30
1397,9,Single,No,336.66
1398,9,Double,No,481.04
1399,9,Double,Yes,212.02
1400,9,Suite,Yes,385.40
1401,9,Double,Yes,414.36
1402,9,Suite,Yes,88.79
1403,9,Single,No,212.17
1404,9,Single,No,77.94
1405,9,Double,No,260.89
1406,9,Double,Yes,453.01
1407,9,Suite,Yes,373.18
1408,9,Single,Yes,332.69
1409,9,Suite,No,201.66
1410,9,Single,No,284.91
1411,9,Double,Yes,307.79
1412,9,Double,No,185.98
1413,9,Suite,Yes,199.22
1414,9,Suite,Yes,205.70
1415,9,Double,No,63.50
1416,9,Double,No,412.87
1417,9,Suite,Yes,353.13
1418,9,Single,No,438.83
1419,9,Double,No,448.48
1420,9,Double,No,142.22
1421,9,Double,No,96.63
1422,9,Single,Yes,89.27
1423,9,Double,Yes,139.38
1424,10,Double,No,51.69
1425,10,Double,No,73.94
1426,10,Suite,Yes,431.88
1427,10,Single,No,306.14
1428,10,Single,Yes,301.76
1429,10,Single,Yes,334.56
1430,10,Double,Yes,459.87
1431,10,Double,Yes,478.18
1432,10,Double,Yes,286.29
1433,10,Suite,No,330.23
1434,10,Suite,No,81.98
1435,10,Single,No,66.69
1436,10,Double,No,446.79
1437,10,Single,No,496.38
1438,10,Double,No,357.67
1439,10,Double,No,316.95
1440,10,Double,Yes,288.15
1441,10,Suite,No,111.86
1442,10,Double,Yes,58.76
1443,10,Single,No,282.98
1444,10,Suite,Yes,342.31
1445,10,Single,Yes,243.89
1446,10,Single,Yes,160.65
1447,10,Double,No,162.62
1448,10,Suite,Yes,436.55
1449,10,Single,Yes,458.43
1450,10,Single,Yes,100.50
1451,10,Double,Yes,241.99
1452,10,Double,Yes,170.75
1453,10,Single,No,143.25
1454,10,Suite,Yes,404.45
1455,10,Suite,Yes,180.21
1456,10,Double,No,462.35
1457,10,Double,No,485.28
1458,10,Single,No,341.72
1459,10,Suite,No,245.55
1460,10,Suite,No,83.49
1461,10,Single,No,101.48
1462,10,Single,No,444.06
1463,10,Suite,No,376.06
1464,10,Suite,No,123.63
1465,10,Double,Yes,459.35
1466,10,Suite,Yes,330.58
1467,10,Single,No,348.57
1468,10,Suite,No,294.53
1469,10,Suite,Yes,317.37
1470,10,Suite,Yes,179.59
1471,10,Suite,No,165.48
1472,10,Single,Yes,454.72
1473,10,Suite,Yes,196.47
1474,10,Suite,No,233.56
1475,10,Single,No,149.05
1476,10,Double,No,274.58
1477,10,Single,Yes,111.05
1478,10,Suite,No,172.21
1479,10,Double,Yes,377.08
1480,10,Double,Yes,148.45
1481,10,Suite,Yes,288.06
1482,10,Suite,No,186.77
1483,10,Single,No,293.70
1484,10,Single,Yes,368.98
1485,10,Suite,Yes,488.33
1486,10,Single,No,214.30
1487,10,Single,Yes,164.28
1488,10,Suite,No,450.23
1489,10,Double,Yes,489.04
1490,10,Double,No,480.53
1491,10,Double,No,339.94
1492,10,Single,Yes,242.75
1493,10,Suite,No,346.86
1494,10,Double,No,235.28
1495,10,Double,No,349.05
1496,11,Double,No,393.74
1497,11,Suite,No,166.57
1498,11,Double,No,282.04
1499,11,Suite,Yes,423.88
1500,11,Suite,Yes,244.51
1501,11,Single,Yes,349.25
1502,11,Single,No,221.43
1503,11,Suite,No,313.16
1504,11,Double,No,247.07
1505,11,Suite,No,426.15
1506,11,Suite,Yes,139.64
1507,11,Suite,No,363.13
1508,11,Double,Yes,228.37
1509,11,Suite,Yes,92.73
1510,11,Single,Yes,187.50
1511,11,Suite,Yes,216.56
1512,11,Suite,Yes,243.44
1513,11,Double,No,394.30
1514,11,Double,No,243.68
1515,11,Single,No,233.41
1516,11,Double,No,293.06
1517,11,Single,No,70.01
1518,11,Suite,Yes,194.59
1519,11,Suite,No,497.94
1520,11,Single,Yes,72.51
1521,11,Double,No,499.50
1522,11,Single,Yes,214.69
1523,11,Suite,No,114.11
1524,11,Single,Yes,345.29
1525,11,Double,Yes,320.87
1526,11,Single,Yes,101.53
1527,11,Single,Yes,397.24
1528,11,Single,No,133.01
1529,11,Suite,Yes,390.65
1530,11,Double,Yes,115.48
1531,11,Double,No,170.63
1532,11,Suite,Yes,478.12
1533,11,Single,Yes,284.71
1534,11,Suite,Yes,430.66
1535,11,Double,No,301.47
1536,11,Suite,No,77.81
1537,11,Double,Yes,332.67
1538,11,Suite,No,191.75
1539,11,Double,Yes,213.05
1540,11,Single,No,87.36
1541,11,Suite,No,76.50
1542,11,Double,No,430.85
1543,11,Suite,No,430.60
1544,11,Single,Yes,417.30
1545,11,Single,No,416.35
1546,11,Double,No,365.27
1547,11,Single,No,384.56
1548,11,Single,Yes,119.67
1549,11,Double,No,210.72
1550,11,Double,Yes,306.61
1551,11,Suite,Yes,216.07
1552,11,Suite,No,250.85
1553,11,Double,Yes,190.66
1554,11,Single,No,405.35
1555,11,Single,No,102.30
1556,11,Suite,No,245.56
1557,11,Single,No,221.18
1558,11,Double,No,258.90
1559,11,Double,No,394.37
1560,11,Suite,No,170.76
1561,11,Single,Yes,94.93
1562,11,Single,Yes,422.41
1563,11,Double,Yes,166.26
1564,11,Suite,No,272.02
1565,11,Double,Yes,160.35
1566,11,Single,Yes,323.23
1567,11,Suite,No,292.87
1568,11,Suite,Yes,220.48
1569,11,Suite,Yes,170.90
1570,11,Double,Yes,473.95
1571,11,Suite,Yes,102.56
1572,11,Double,No,264.54
1573,11,Single,No,303.95
1574,11,Single,Yes,278.84
1575,11,Single,No,70.01
1576,11,Single,Yes,448.78
1577,11,Suite,No,209.40
1578,11,Double,Yes,279.08
1579,11,Double,Yes,326.61
1580,11,Suite,No,370.49
1581,11,Suite,No,441.30
1582,11,Single,Yes,329.11
1583,11,Single,No,80.10
1584,11,Double,Yes,394.09
1585,11,Suite,No,86.75
1586,11,Single,Yes,309.28
1587,11,Suite,No,407.26
1588,11,Double,No,423.13
1589,11,Single,No,89.04
1590,11,Double,No,96.94
1591,11,Double,No,471.56
1592,11,Suite,No,450.17
1593,11,Single,No,138.90
1594,11,Double,No,484.15
1595,11,Suite,No,444.77
1596,11,Suite,Yes,376.52
1597,11,Single,No,363.66
1598,11,Single,No,337.64
1599,11,Single,No,302.29
1600,11,Single,Yes,313.15
1601,11,Suite,No,102.05
1602,11,Double,No,394.09
1603,11,Double,Yes,402.48
1604,11,Suite,Yes,236.53
1605,11,Suite,No,363.61
1606,11,Suite,Yes,312.29
1607,11,Single,No,425.87
1608,11,Double,No,181.95
1609,11,Suite,Yes,368.31
1610,11,Suite,No,441.65
1611,11,Double,Yes,250.49
1612,11,Single,No,381.44
1613,11,Double,Yes,251.05
1614,11,Single,Yes,387.65
1615,11,Double,No,353.62
1616,11,Suite,No,435.36
1617,11,Suite,No,219.34
1618,11,Double,Yes,381.40
1619,11,Single,No,266.63
1620,11,Double,Yes,313.77
1621,11,Suite,Yes,156.91
1622,11,Single,Yes,358.43
1623,11,Single,No,198.92
1624,11,Suite,No,471.68
1625,11,Double,Yes,429.12
1626,11,Suite,No,315.64
1627,11,Suite,No,465.72
1628,11,Suite,No,315.26
1629,11,Double,Yes,334.58
1630,11,Suite,No,194.63
1631,11,Double,Yes,296.45
1632,11,Double,Yes,240.47
1633,11,Single,No,318.64
1634,11,Single,Yes,371.93
1635,11,Single,Yes,446.19
1636,11,Suite,Yes,94.97
1637,11,Suite,Yes,168.25
1638,11,Single,Yes,243.66
1639,11,Single,Yes,225.90
1640,11,Suite,Yes,371.91
1641,11,Single,Yes,96.50
1642,11,Double,No,454.58
1643,11,Suite,No,307.99
1644,11,Single,Yes,200.71
1645,11,Single,Yes,401.46
1646,11,Suite,No,402.58
1647,11,Double,No,469.46
1648,11,Double,No,305.33
1649,11,Single,No,402.34
1650,11,Suite,No,292.38
1651,11,Suite,No,337.64
1652,11,Suite,Yes,176.41
1653,11,Single,Yes,332.23
1654,11,Double,No,114.29
1655,11,Suite,Yes,400.81
1656,11,Suite,Yes,321.24
1657,11,Double,Yes,274.06
1658,11,Suite,No,375.28
1659,11,Suite,Yes,231.65
1660,11,Single,Yes,425.40
1661,11,Suite,Yes,188.28
1662,11,Suite,Yes,490.99
1663,11,Suite,No,246.44
1664,11,Suite,Yes,93.30
1665,11,Single,Yes,347.34
1666,11,Single,No,336.63
1667,11,Single,Yes,394.52
1668,11,Single,Yes,59.64
1669,11,Suite,No,362.79
1670,11,Suite,Yes,481.41
1671,11,Double,No,495.09
1672,11,Single,Yes,117.28
1673,11,Suite,Yes,388.65
1674,11,Double,No,290.99
1675,11,Single,Yes,430.30
1676,11,Single,Yes,212.09
1677,11,Double,Yes,160.79
1678,11,Single,Yes,369.05
1679,11,Double,Yes,361.69
1680,11,Single,No,365.70
1681,11,Suite,Yes,347.93
1682,11,Double,Yes,481.37
1683,11,Suite,Yes,176.57
1684,11,Suite,No,419.77
1685,11,Suite,Yes,241.04
1686,11,Suite,No,342.09
1687,11,Suite,Yes,146.60
1688,11,Suite,No,438.49
1689,11,Suite,Yes,53.84
1690,11,Single,No,297.85
1691,11,Suite,Yes,406.21
1692,11,Suite,Yes,293.03
1693,11,Suite,No,390.11
1694,11,Double,Yes,380.75
1695,11,Double,No,194.34
1696,11,Double,Yes,407.83
1697,11,Single,No,308.66
1698,11,Suite,No,467.23
1699,11,Double,Yes,287.28
1700,11,Double,No,219.78
1701,11,Single,Yes,366.49
1702,11,Suite,No,180.64
1703,11,Single,Yes,326.37
1704,11,Suite,No,86.04
1705,11,Double,Yes,226.54
1706,11,Suite,No,82.96
1707,11,Suite,Yes,180.27
1708,11,Double,No,215.92
1709,11,Double,Yes,169.52
1710,11,Double,Yes,324.30
1711,11,Suite,Yes,314.87
1712,11,Double,No,234.97
1713,11,Double,Yes,65.33
1714,11,Single,Yes,450.20
1715,11,Double,Yes,260.06
1716,11,Double,No,323.56
1717,11,Single,No,127.88
1718,11,Single,No,315.13
1719,11,Suite,Yes,184.02
1720,11,Double,Yes,296.20
1721,11,Double,Yes,246.64
1722,11,Suite,Yes,217.36
1723,11,Double,Yes,249.46
1724,11,Single,No,205.01
1725,11,Double,No,316.89
1726,11,Suite,Yes,59.91
1727,11,Single,Yes,190.47
1728,11,Double,No,348.35
1729,11,Single,Yes,342.72
1730,11,Suite,No,385.59
1731,11,Double,Yes,298.87
1732,11,Double,No,200.43
1733,11,Single,No,102.25
1734,11,Single,Yes,88.90
1735,11,Double,No,284.46
1736,11,Single,Yes,126.94
1737,11,Suite,Yes,95.70
1738,11,Single,Yes,54.69
1739,11,Double,Yes,387.63
1740,11,Double,Yes,201.87
1741,11,Suite,No,136.89
1742,11,Double,No,296.92
1743,11,Single,Yes,403.16
1744,11,Suite,No,474.56
1745,11,Suite,No,224.99
1746,11,Suite,No,180.18
1747,11,Suite,Yes,188.43
1748,11,Suite,No,303.49
1749,11,Suite,Yes,152.36
1750,11,Double,No,498.84
1751,11,Single,No,423.15
1752,11,Double,No,433.24
1753,11,Double,Yes,251.69
1754,11,Suite,No,368.80
1755,11,Suite,Yes,437.32
1756,11,Single,Yes,476.14
1757,11,Single,No,379.65
1758,11,Single,No,305.68
1759,11,Suite,Yes,300.22
1760,11,Single,No,332.64
1761,11,Suite,No,229.12
1762,11,Single,No,289.69
1763,11,Suite,Yes,171.73
1764,11,Suite,No,121.47
1765,11,Double,Yes,70.79
1766,11,Suite,No,394.87
1767,11,Single,No,414.87
1768,11,Double,No,201.02
1769,11,Suite,Yes,466.64
1770,11,Suite,No,237.22
1771,11,Single,Yes,111.34
1772,11,Suite,No,376.06
1773,11,Suite,No,204.17
1774,11,Suite,Yes,372.86
1775,11,Suite,No,382.19
1776,11,Suite,No,472.68
1777,11,Suite,Yes,209.71
1778,11,Double,No,109.09
1779,11,Double,No,182.82
1780,11,Double,No,351.34
1781,11,Double,Yes,499.24
1782,11,Single,Yes,76.56
1783,11,Single,No,305.91
1784,11,Suite,Yes,125.87
1785,11,Double,Yes,232.38
1786,11,Single,No,353.27
1787,11,Suite,No,292.55
1788,11,Single,Yes,368.15
1789,11,Double,Yes,66.70
1790,11,Suite,Yes,204.56
1791,11,Suite,Yes,465.58
1792,11,Single,No,465.59
1793,11,Double,No,418.77
1794,11,Suite,Yes,355.77
1795,11,Suite,Yes,325.80
1796,11,Double,Yes,98.24
1797,11,Single,Yes,271.31
1798,11,Double,Yes,111.80
1799,11,Suite,Yes,201.51
1800,11,Suite,No,352.92
1801,11,Suite,Yes,113.49
1802,11,Suite,Yes,495.33
1803,11,Single,Yes,464.49
1804,11,Single,No,444.45
1805,11,Single,Yes,474.04
1806,11,Double,No,94.66
1807,11,Double,Yes,312.89
1808,11,Suite,No,314.64
1809,11,Suite,Yes,137.67
1810,11,Double,Yes,285.73
1811,11,Single,Yes,259.16
1812,11,Suite,No,437.05
1813,11,Single,Yes,265.85
1814,11,Single,Yes,225.45
1815,11,Double,Yes,133.32
1816,12,Suite,No,142.67
1817,12,Double,Yes,262.85
1818,12,Suite,No,123.07
1819,12,Suite,Yes,300.28
1820,12,Suite,No,354.76
1821,12,Suite,No,166.29
1822,12,Suite,No,226.48
1823,12,Suite,Yes,496.43
1824,12,Double,No,214.91
1825,12,Suite,No,180.52
1826,12,Double,Yes,376.90
1827,12,Suite,Yes,145.41
1828,12,Double,Yes,459.04
1829,12,Suite,No,411.07
1830,12,Suite,Yes,133.19
1831,12,Double,Yes,151.97
1832,12,Double,Yes,130.42
1833,12,Single,Yes,282.83
1834,12,Single,Yes,269.19
1835,12,Single,No,201.36
1836,12,Suite,Yes,457.33
1837,12,Suite,Yes,392.06
1838,12,Double,No,370.67
1839,12,Suite,No,377.74
1840,12,Double,Yes,221.37
1841,12,Suite,No,202.35
1842,12,Suite,No,477.74
1843,12,Single,No,72.25
1844,12,Single,Yes,488.06
1845,12,Suite,Yes,419.54
1846,12,Single,Yes,222.07
1847,12,Double,No,423.77
1848,12,Suite,Yes,370.45
1849,12,Single,No,387.95
1850,12,Suite,No,424.89
1851,12,Single,No,348.59
1852,12,Double,Yes,415.91
1853,12,Suite,No,316.93
1854,12,Single,No,297.74
1855,12,Double,Yes,319.21
1856,12,Double,Yes,458.41
1857,12,Double,Yes,384.57
1858,12,Suite,Yes,353.79
1859,12,Double,Yes,361.71
1860,12,Double,Yes,168.33
1861,12,Double,Yes,117.85
1862,12,Suite,No,358.56
1863,12,Suite,No,297.55
1864,12,Suite,Yes,214.20
1865,12,Double,No,268.74
1866,12,Suite,No,337.56
1867,12,Single,Yes,185.88
1868,12,Double,Yes,251.74
1869,12,Single,Yes,109.87
1870,12,Double,No,454.32
1871,12,Double,No,294.11
1872,12,Double,Yes,192.09
1873,12,Suite,Yes,247.96
1874,12,Single,No,400.04
1875,12,Suite,Yes,464.33
1876,12,Suite,Yes,273.41
1877,12,Double,No,252.40
1878,12,Suite,Yes,231.23
1879,12,Suite,Yes,318.42
1880,12,Single,No,73.71
1881,12,Single,No,420.52
1882,12,Double,Yes,303.51
1883,12,Double,Yes,267.81
1884,12,Single,Yes,279.46
1885,12,Single,No,129.65
1886,12,Suite,No,74.22
1887,12,Suite,No,436.81
1888,12,Single,No,322.33
1889,12,Single,No,465.68
1890,12,Suite,No,439.35
1891,12,Single,No,122.21
1892,12,Suite,Yes,407.21
1893,12,Double,Yes,162.07
1894,12,Suite,No,393.28
1895,12,Double,Yes,355.82
1896,12,Single,Yes,122.50
1897,12,Suite,Yes,429.74
1898,12,Single,No,61.68
1899,12,Suite,No,242.92
1900,12,Suite,Yes,458.78
1901,12,Double,No,483.40
1902,12,Double,No,494.57
1903,12,Double,Yes,88.41
1904,12,Double,Yes,299.21
1905,12,Suite,No,196.01
1906,12,Suite,No,440.50
1907,12,Single,Yes,179.65
1908,12,Single,Yes,341.49
1909,12,Suite,No,208.01
1910,12,Single,Yes,164.57
1911,12,Suite,Yes,352.45
1912,12,Single,Yes,301.11
1913,12,Single,No,122.02
1914,12,Single,Yes,349.34
1915,12,Suite,No,383.83
1916,12,Single,No,51.35
1917,12,Single,No,397.07
1918,12,Double,Yes,270.01
1919,12,Single,No,329.99
1920,12,Single,Yes,81.93
1921,12,Double,Yes,409.04
1922,12,Single,No,396.41
1923,12,Suite,No,296.48
1924,12,Double,No,479.02
1925,12,Double,Yes,349.39
1926,12,Double,No,310.53
1927,12,Double,Yes,397.16
1928,12,Suite,No,274.08
1929,12,Double,No,121.73
1930,12,Double,No,305.58
1931,12,Single,Yes,469.66
1932,12,Suite,No,187.68
1933,12,Double,No,345.59
1934,12,Single,No,281.30
1935,12,Single,No,407.50
1936,12,Single,No,55.16
1937,12,Single,No,424.03
1938,12,Single,No,487.59
1939,12,Double,Yes,105.89
1940,12,Single,Yes,171.37
1941,12,Double,No,284.39
1942,12,Single,Yes,142.12
1943,12,Single,Yes,382.95
1944,12,Double,Yes,194.61
1945,12,Double,Yes,135.11
1946,12,Suite,No,489.01
1947,12,Double,Yes,325.76
1948,12,Double,No,99.63
1949,12,Double,Yes,362.87
1950,12,Suite,Yes,81.14
1951,12,Single,No,229.28
1952,12,Single,Yes,205.10
1953,12,Double,No,245.75
1954,12,Suite,Yes,366.96
1955,12,Single,No,203.48
1956,12,Suite,Yes,242.32
1957,12,Suite,Yes,161.73
1958,12,Double,No,378.36
1959,12,Single,No,219.83
1960,12,Suite,No,353.87
1961,12,Single,No,325.46
1962,12,Single,Yes,433.88
1963,12,Double,No,95.10
1964,12,Suite,Yes,287.14
1965,12,Suite,Yes,144.27
1966,12,Suite,No,143.05
1967,12,Double,No,385.08
1968,13,Double,No,163.91
1969,13,Suite,Yes,327.91
1970,13,Suite,No,260.44
1971,13,Single,Yes,135.12
1972,13,Single,No,52.61
1973,13,Suite,No,481.37
1974,13,Single,No,194.64
1975,13,Single,Yes,404.28
1976,13,Single,No,128.34
1977,13,Single,No,186.43
1978,13,Double,Yes,430.20
1979,13,Single,Yes,99.12
1980,13,Suite,Yes,353.20
1981,13,Single,Yes,185.04
1982,13,Suite,No,168.51
1983,13,Double,No,169.55
1984,13,Double,No,407.53
1985,13,Single,No,396.24
1986,13,Double,Yes,121.72
1987,13,Suite,Yes,473.26
1988,13,Double,Yes,319.95
1989,13,Single,No,204.27
1990,13,Single,No,236.31
1991,13,Double,Yes,125.23
1992,13,Double,No,352.80
1993,13,Suite,Yes,344.42
1994,13,Suite,Yes,86.36
1995,13,Single,No,225.62
1996,13,Double,No,321.50
1997,13,Double,Yes,197.03
1998,13,Suite,Yes,419.89
1999,13,Double,Yes,419.30
2000,13,Double,No,326.11
2001,13,Single,Yes,433.91
2002,13,Suite,No,362.34
2003,13,Suite,Yes,343.24
2004,13,Single,Yes,377.28
2005,13,Suite,Yes,318.14
2006,13,Suite,Yes,366.59
2007,13,Single,No,467.89
2008,13,Suite,No,81.23
2009,13,Double,Yes,474.30
2010,13,Single,No,286.11
2011,13,Double,Yes,264.30
2012,13,Suite,Yes,214.76
2013,13,Double,Yes,317.15
2014,13,Suite,Yes,222.80
2015,13,Double,Yes,295.55
2016,13,Double,No,263.34
2017,13,Suite,Yes,103.37
2018,13,Double,Yes,437.23
2019,13,Suite,No,211.00
2020,13,Suite,Yes,116.74
2021,13,Double,Yes,219.06
2022,13,Single,Yes,201.56
2023,13,Single,No,398.50
2024,13,Double,Yes,461.07
2025,13,Single,Yes,391.04
2026,13,Single,No,409.57
2027,13,Single,No,141.86
2028,13,Suite,No,469.25
2029,13,Suite,No,205.93
2030,13,Double,Yes,261.56
2031,13,Double,No,351.69
2032,13,Double,Yes,109.25
2033,13,Single,No,308.74
2034,13,Single,No,76.68
2035,13,Double,No,130.10
2036,13,Suite,No,203.59
2037,13,Double,No,74.88
2038,13,Suite,Yes,330.86
2039,13,Single,No,332.12
2040,13,Suite,Yes,121.51
2041,13,Double,No,186.55
2042,13,Single,No,383.22
2043,13,Double,Yes,305.70
2044,13,Single,Yes,370.84
2045,13,Single,Yes,430.48
2046,13,Suite,No,209.23
2047,13,Double,No,418.08
2048,13,Suite,No,76.34
2049,13,Suite,No,206.46
2050,13,Single,No,427.68
2051,13,Single,No,491.07
2052,13,Suite,Yes,411.89
2053,13,Single,Yes,304.48
2054,13,Double,Yes,381.85
2055,13,Double,Yes,69.08
2056,13,Suite,No,146.18
2057,13,Suite,Yes,450.51
2058,13,Double,No,447.27
2059,13,Double,No,180.82
2060,13,Double,No,215.08
2061,13,Single,No,465.35
2062,13,Single,Yes,96.48
2063,13,Suite,No,83.16
2064,13,Suite,No,66.32
2065,13,Single,No,408.85
2066,13,Single,Yes,372.80
2067,13,Suite,No,69.77
2068,13,Double,Yes,169.64
2069,13,Single,Yes,482.47
2070,13,Single,No,476.47
2071,13,Double,No,141.44
2072,13,Single,No,273.65
2073,13,Single,Yes,180.51
2074,13,Suite,Yes,236.05
2075,13,Single,Yes,56.03
2076,13,Double,No,281.89
2077,13,Suite,Yes,262.15
2078,13,Single,No,360.27
2079,13,Suite,No,144.79
2080,13,Suite,Yes,446.48
2081,13,Single,No,389.36
2082,13,Double,Yes,105.68
2083,13,Suite,No,401.11
2084,13,Suite,No,80.76
2085,13,Suite,Yes,342.67
2086,13,Suite,Yes,74.69
2087,13,Suite,Yes,72.87
2088,13,Single,Yes,140.44
2089,13,Single,No,136.77
2090,13,Double,Yes,141.97
2091,13,Single,Yes,205.46
2092,13,Double,No,271.55
2093,13,Double,No,461.82
2094,13,Suite,No,328.24
2095,13,Single,No,285.94
2096,13,Double,No,173.84
2097,13,Suite,No,67.44
2098,13,Double,Yes,51.29
2099,13,Single,No,103.69
2100,13,Double,No,216.53
2101,13,Double,No,406.99
2102,13,Suite,Yes,166.27
2103,13,Suite,Yes,467.46
2104,13,Single,No,293.20
2105,13,Double,No,435.44
2106,13,Single,No,152.70
2107,13,Suite,No,123.75
2108,13,Double,Yes,366.21
2109,13,Suite,Yes,209.84
2110,13,Double,Yes,254.82
2111,13,Double,No,344.64
2112,13,Double,Yes,239.04
2113,13,Single,No,267.95
2114,13,Double,Yes,352.96
2115,13,Suite,No,73.78
2116,13,Double,Yes,415.52
2117,13,Double,No,144.77
2118,13,Suite,Yes,220.06
2119,13,Suite,No,391.77
2120,13,Suite,No,74.77
2121,13,Suite,No,126.22
2122,13,Suite,Yes,417.97
2123,13,Single,No,278.35
2124,13,Suite,No,171.18
2125,13,Suite,Yes,261.96
2126,13,Single,Yes,393.79
2127,13,Single,Yes,232.42
2128,13,Double,Yes,230.11
2129,13,Double,Yes,449.82
2130,13,Suite,No,79.31
2131,13,Single,Yes,268.99
2132,13,Suite,Yes,149.97
2133,13,Double,No,247.31
2134,13,Double,No,474.18
2135,13,Single,Yes,190.31
2136,13,Single,No,473.81
2137,13,Single,Yes,271.82
2138,13,Single,Yes,210.49
2139,13,Suite,No,66.47
2140,13,Single,Yes,385.49
2141,13,Suite,Yes,321.43
2142,13,Single,No,305.46
2143,13,Single,Yes,88.79
2144,13,Suite,Yes,183.13
2145,13,Double,No,80.46
2146,13,Single,Yes,162.47
2147,13,Suite,No,347.26
2148,13,Double,No,286.19
2149,13,Single,No,183.71
2150,13,Double,No,209.37
2151,13,Single,Yes,497.76
2152,13,Suite,No,223.87
2153,13,Double,No,76.53
2154,13,Double,Yes,418.51
2155,13,Suite,Yes,55.24
2156,13,Suite,No,179.23
2157,13,Suite,No,139.23
2158,13,Double,No,53.53
2159,13,Double,Yes,310.46
2160,13,Suite,No,109.57
2161,13,Single,Yes,77.21
2162,13,Double,Yes,70.73
2163,13,Double,No,304.61
2164,13,Suite,No,125.44
2165,13,Single,No,450.63
2166,13,Double,No,460.26
2167,13,Suite,No,384.51
2168,13,Single,Yes,490.85
2169,13,Double,Yes,470.47
2170,13,Single,Yes,460.65
2171,13,Double,Yes,281.61
2172,13,Single,Yes,389.09
2173,13,Single,No,72.56
2174,14,Suite,No,142.88
2175,14,Single,No,118.14
2176,14,Single,No,404.49
2177,14,Single,Yes,75.20
2178,14,Suite,No,156.07
2179,14,Single,Yes,135.33
2180,14,Single,Yes,51.75
2181,14,Double,Yes,316.65
2182,14,Double,Yes,188.35
2183,14,Suite,No,366.16
2184,14,Double,No,75.01
2185,14,Suite,Yes,381.52
2186,14,Single,No,229.74
2187,14,Single,No,459.42
2188,14,Double,No,160.85
2189,14,Suite,Yes,311.63
2190,14,Suite,No,404.46
2191,14,Suite,No,127.63
2192,14,Double,No,339.96
2193,14,Single,No,405.42
2194,14,Double,Yes,64.05
2195,14,Double,No,398.92
2196,14,Single,Yes,394.59
2197,14,Suite,Yes,407.46
2198,14,Single,Yes,109.58
2199,14,Single,Yes,291.83
2200,14,Single,Yes,315.32
2201,14,Single,No,151.56
2202,14,Single,Yes,354.58
2203,14,Double,Yes,161.89
2204,14,Suite,Yes,407.20
2205,14,Suite,No,350.42
2206,14,Double,No,101.06
2207,14,Suite,Yes,98.66
2208,14,Double,Yes,78.00
2209,14,Single,Yes,142.83
2210,14,Double,No,267.64
2211,14,Double,No,61.36
2212,14,Suite,Yes,333.47
2213,14,Suite,No,154.56
2214,14,Double,No,131.38
2215,14,Suite,Yes,295.46
2216,14,Suite,Yes,67.90
2217,14,Single,No,72.90
2218,14,Suite,Yes,439.89
2219,14,Suite,Yes,314.88
2220,14,Single,No,54.27
2221,14,Suite,Yes,203.50
2222,14,Suite,No,294.82
2223,14,Single,No,254.05
2224,14,Suite,No,439.69
2225,14,Suite,Yes,424.80
2226,14,Double,Yes,129.66
2227,14,Single,No,316.03
2228,14,Suite,Yes,351.04
2229,14,Double,No,196.91
2230,14,Double,Yes,167.93
2231,14,Suite,Yes,272.71
2232,14,Double,Yes,141.85
2233,14,Double,Yes,263.49
2234,14,Double,Yes,220.49
2235,14,Double,No,412.76
2236,14,Double,No,89.12
2237,14,Single,Yes,161.23
2238,14,Single,Yes,420.88
2239,14,Suite,No,365.07
2240,14,Single,Yes,189.02
2241,14,Double,Yes,128.89
2242,14,Single,Yes,163.45
2243,14,Suite,Yes,443.17
2244,14,Suite,Yes,124.34
2245,14,Suite,No,269.87
2246,14,Single,Yes,343.36
2247,14,Single,Yes,189.07
2248,14,Double,Yes,82.07
2249,14,Suite,No,463.62
2250,14,Single,Yes,122.77
2251,14,Single,Yes,385.52
2252,14,Single,No,472.99
2253,14,Double,Yes,183.17
2254,14,Double,No,386.97
2255,14,Suite,No,337.23
2256,14,Suite,No,342.24
2257,14,Double,Yes,438.63
2258,14,Double,Yes,495.93
2259,14,Single,No,359.34
2260,14,Single,No,348.27
2261,14,Suite,Yes,176.54
2262,14,Double,Yes,113.43
2263,14,Single,Yes,180.34
2264,14,Single,Yes,199.07
2265,14,Double,No,106.45
2266,14,Single,No,244.92
2267,14,Single,No,349.99
2268,14,Single,Yes,263.01
2269,14,Suite,Yes,334.42
2270,14,Suite,No,334.40
2271,14,Suite,Yes,179.10
2272,14,Single,Yes,151.56
2273,14,Double,Yes,171.53
2274,14,Suite,No,302.07
2275,14,Double,No,279.74
2276,14,Double,Yes,183.02
2277,14,Suite,Yes,118.06
2278,14,Single,No,242.10
2279,14,Single,Yes,77.44
2280,14,Suite,Yes,110.55
2281,14,Single,No,161.33
2282,14,Double,Yes,159.91
2283,14,Double,Yes,345.56
2284,14,Single,No,227.05
2285,14,Single,No,451.00
2286,14,Single,Yes,363.75
2287,14,Suite,No,82.35
2288,14,Double,Yes,96.99
2289,14,Suite,Yes,368.39
2290,14,Single,No,67.77
2291,14,Single,No,317.12
2292,14,Single,Yes,94.37
2293,14,Single,Yes,408.38
2294,14,Double,No,94.17
2295,14,Single,Yes,383.24
2296,14,Suite,Yes,392.09
2297,14,Double,Yes,54.26
2298,14,Single,Yes,492.95
2299,14,Suite,No,113.55
2300,14,Single,Yes,251.44
2301,14,Suite,No,480.94
2302,14,Suite,Yes,139.23
2303,14,Double,Yes,439.60
2304,14,Suite,No,478.44
2305,14,Single,Yes,101.08
2306,14,Single,No,218.50
2307,14,Single,Yes,342.30
2308,14,Suite,No,106.18
2309,14,Double,Yes,470.28
2310,14,Single,Yes,52.51
2311,14,Double,Yes,267.68
2312,14,Suite,No,244.62
2313,14,Suite,No,198.99
2314,14,Suite,Yes,415.43
2315,14,Single,No,61.92
2316,14,Double,No,398.94
2317,14,Double,Yes,320.20
2318,14,Single,No,66.22
2319,14,Suite,Yes,69.25
2320,14,Suite,Yes,459.54
2321,14,Single,No,137.90
2322,14,Suite,No,335.33
2323,14,Single,Yes,125.87
2324,14,Single,Yes,408.58
2325,14,Single,No,85.66
2326,14,Double,No,141.14
2327,14,Double,No,263.21
2328,14,Suite,Yes,152.13
2329,14,Single,Yes,403.29
2330,14,Suite,No,143.51
2331,14,Suite,No,438.67
2332,14,Double,Yes,227.35
2333,14,Double,Yes,383.93
2334,14,Suite,Yes,259.43
2335,14,Double,No,113.35
2336,14,Suite,No,387.93
2337,14,Single,Yes,228.71
2338,14,Single,Yes,396.96
2339,14,Single,No,107.21
2340,14,Double,No,161.92
2341,14,Double,No,208.60
2342,14,Suite,Yes,224.37
2343,14,Suite,No,142.32
2344,14,Double,Yes,470.79
2345,14,Suite,No,340.86
2346,14,Single,Yes,377.91
2347,14,Suite,Yes,153.77
2348,14,Single,Yes,474.34
2349,14,Double,Yes,51.50
2350,14,Single,Yes,282.25
2351,14,Suite,No,156.98
2352,14,Double,No,379.05
2353,14,Suite,No,296.01
2354,14,Double,Yes,392.59
2355,14,Suite,No,342.92
2356,14,Single,Yes,266.30
2357,14,Double,No,328.24
2358,14,Suite,Yes,288.42
2359,14,Suite,No,125.10
2360,14,Double,Yes,91.09
2361,14,Single,No,496.71
2362,14,Single,Yes,102.89
2363,14,Suite,No,329.58
2364,14,Single,Yes,292.88
2365,14,Single,No,244.55
2366,14,Double,No,122.33
2367,14,Double,No,388.49
2368,14,Suite,Yes,335.81
2369,14,Suite,Yes,214.80
2370,14,Double,Yes,446.74
2371,14,Suite,Yes,308.79
2372,14,Double,Yes,219.69
2373,14,Single,No,451.84
2374,14,Single,No,56.14
2375,14,Suite,Yes,424.14
2376,14,Single,Yes,480.67
2377,14,Suite,Yes,313.74
2378,14,Double,No,149.75
2379,14,Suite,No,479.22
2380,14,Suite,Yes,186.36
2381,14,Suite,No,331.04
2382,14,Double,No,483.19
2383,14,Single,Yes,58.10
2384,14,Single,Yes,303.33
2385,14,Suite,Yes,388.35
2386,14,Single,Yes,329.69
2387,14,Double,No,103.24
2388,14,Double,No,208.43
2389,14,Double,No,399.16
2390,14,Single,Yes,267.83
2391,14,Single,No,66.01
2392,14,Suite,Yes,414.74
2393,14,Suite,Yes,204.48
2394,14,Double,Yes,247.61
2395,14,Suite,No,277.83
2396,14,Suite,Yes,102.71
2397,14,Suite,No,348.74
2398,14,Double,No,326.40
2399,14,Single,No,127.69
2400,14,Single,No,254.63
2401,14,Double,Yes,194.51
2402,14,Single,Yes,126.50
2403,14,Suite,Yes,347.47
2404,14,Single,Yes,274.38
2405,14,Suite,No,218.22
2406,14,Double,Yes,136.50
2407,14,Suite,No,202.74
2408,14,Suite,No,57.79
2409,14,Single,Yes,92.16
2410,14,Suite,No,289.83
2411,14,Single,Yes,147.67
2412,15,Double,Yes,410.51
2413,15,Single,No,132.23
2414,15,Single,Yes,360.21
2415,15,Suite,Yes,496.53
2416,15,Single,No,128.63
2417,15,Suite,Yes,198.03
2418,15,Single,No,103.21
2419,15,Double,No,221.21
2420,15,Double,No,449.05
2421,15,Double,Yes,412.33
2422,15,Single,Yes,333.12
2423,15,Double,Yes,131.24
2424,15,Single,No,360.18
2425,15,Double,Yes,125.61
2426,15,Double,No,133.65
2427,15,Single,Yes,423.58
2428,15,Double,Yes,216.70
2429,15,Suite,Yes,387.39
2430,15,Single,Yes,318.27
2431,15,Suite,No,185.63
2432,15,Suite,Yes,448.55
2433,15,Single,Yes,458.78
2434,15,Double,No,423.73
2435,15,Single,No,159.32
2436,15,Suite,No,318.98
2437,15,Single,Yes,460.79
2438,15,Suite,Yes,184.16
2439,15,Double,No,486.98
2440,15,Double,No,375.36
2441,15,Single,No,171.56
2442,15,Single,Yes,314.76
2443,15,Suite,No,176.19
2444,15,Double,No,150.72
2445,15,Double,Yes,206.74
2446,15,Suite,No,131.73
2447,15,Single,Yes,231.50
2448,15,Suite,Yes,132.68
2449,15,Double,Yes,284.41
2450,15,Double,No,206.85
2451,15,Single,No,121.57
2452,15,Double,No,288.13
2453,15,Double,No,264.15
2454,15,Suite,No,398.91
2455,15,Single,No,284.43
2456,15,Suite,Yes,455.96
2457,15,Double,No,147.19
2458,15,Single,Yes,472.65
2459,15,Suite,Yes,452.39
2460,15,Suite,Yes,405.34
2461,15,Double,No,425.64
2462,15,Suite,Yes,299.70
2463,15,Suite,Yes,134.91
2464,15,Double,Yes,405.95
2465,15,Suite,Yes,115.74
2466,15,Double,No,166.63
2467,15,Double,Yes,72.40
2468,15,Single,No,208.05
2469,15,Double,No,176.24
2470,15,Single,Yes,244.79
2471,15,Double,Yes,378.46
2472,15,Single,No,202.23
2473,15,Suite,Yes,105.40
2474,15,Suite,No,103.05
2475,15,Double,No,373.25
2476,15,Double,No,431.06
2477,15,Single,Yes,471.54
2478,15,Single,No,499.28
2479,15,Double,Yes,282.99
2480,15,Double,Yes,83.58
2481,15,Single,Yes,339.58
2482,15,Single,Yes,97.10
2483,15,Suite,Yes,266.85
2484,15,Double,No,428.96
2485,15,Single,Yes,191.59
2486,15,Suite,Yes,312.46
2487,15,Suite,No,421.77
2488,15,Double,Yes,191.10
2489,15,Suite,Yes,84.94
2490,15,Suite,Yes,347.05
2491,15,Suite,No,264.36
2492,15,Single,Yes,286.62
2493,15,Double,Yes,356.30
2494,15,Double,Yes,498.32
2495,15,Suite,No,384.56
2496,15,Double,No,461.93
2497,15,Single,No,448.03
2498,15,Suite,No,118.04
2499,15,Double,Yes,352.91
2500,15,Suite,Yes,447.17
2501,15,Single,No,255.86
2502,15,Single,Yes,162.04
2503,15,Double,No,207.35
2504,15,Single,Yes,297.95
2505,15,Double,No,267.53
2506,15,Suite,Yes,127.52
2507,15,Suite,No,403.64
2508,15,Double,Yes,457.65
2509,15,Double,Yes,81.87
2510,15,Double,Yes,402.80
2511,15,Suite,Yes,370.01
2512,15,Single,Yes,320.40
2513,15,Double,Yes,351.87
2514,15,Double,No,286.79
2515,15,Single,Yes,342.08
2516,15,Double,No,94.34
2517,15,Single,Yes,57.45
2518,15,Double,No,340.80
2519,15,Single,No,397.04
2520,15,Double,No,174.22
2521,15,Suite,Yes,204.24
2522,15,Double,No,50.97
2523,15,Single,Yes,263.14
2524,15,Suite,No,128.75
2525,15,Double,No,343.31
2526,15,Double,No,441.50
2527,15,Double,Yes,436.03
2528,15,Single,Yes,80.84
2529,15,Double,No,273.06
2530,15,Suite,No,376.23
2531,15,Double,No,266.34
2532,15,Suite,Yes,408.41
2533,15,Single,Yes,215.90
2534,15,Single,No,230.54
2535,15,Double,No,51.94
2536,15,Suite,No,145.80
2537,15,Single,No,256.05
2538,15,Double,Yes,124.56
2539,15,Suite,No,232.85
2540,15,Suite,No,243.51
2541,15,Suite,Yes,227.51
2542,15,Double,Yes,449.56
2543,15,Single,Yes,402.93
2544,15,Suite,Yes,180.21
2545,15,Suite,No,394.53
2546,15,Single,No,330.85
2547,15,Double,No,182.57
2548,15,Suite,Yes,87.35
2549,15,Double,No,160.94
2550,15,Suite,No,374.08
2551,15,Suite,No,490.73
2552,15,Suite,Yes,193.40
2553,15,Single,Yes,261.78
2554,15,Single,Yes,473.54
2555,15,Double,No,243.37
2556,15,Single,Yes,143.26
2557,15,Double,Yes,108.59
2558,15,Single,Yes,176.65
2559,15,Suite,Yes,490.64
2560,15,Suite,Yes,421.56
2561,15,Double,Yes,201.64
2562,15,Suite,No,83.68
2563,15,Double,Yes,61.31
2564,15,Double,Yes,311.16
2565,15,Suite,Yes,414.28
2566,15,Double,No,498.74
2567,15,Suite,Yes,170.55
2568,15,Single,No,60.98
2569,15,Single,Yes,372.99
2570,15,Double,Yes,193.83
2571,15,Single,Yes,332.13
2572,15,Single,No,376.75
2573,15,Double,No,377.44
2574,15,Double,Yes,290.37
2575,15,Suite,Yes,400.19
2576,15,Suite,Yes,262.14
2577,15,Single,Yes,388.47
2578,15,Suite,No,313.80
2579,15,Single,Yes,50.42
2580,15,Double,No,234.64
2581,15,Single,No,89.04
2582,15,Suite,No,276.36
2583,15,Double,Yes,431.51
2584,15,Double,No,306.30
2585,15,Suite,No,184.94
2586,15,Double,Yes,375.08
2587,15,Suite,No,88.77
2588,15,Single,Yes,395.91
2589,15,Double,Yes,290.73
2590,15,Single,Yes,431.80
2591,15,Suite,Yes,293.23
2592,15,Single,Yes,102.59
2593,15,Suite,No,246.78
2594,15,Single,Yes,352.35
2595,15,Suite,Yes,261.69
2596,15,Double,Yes,239.26
2597,15,Double,Yes,191.13
2598,15,Suite,No,279.63
2599,15,Suite,Yes,262.86
2600,15,Suite,Yes,359.33
2601,15,Single,No,114.26
2602,15,Suite,No,451.97
2603,15,Suite,Yes,265.38
2604,15,Double,No,399.35
2605,15,Double,No,184.62
2606,15,Double,Yes,451.97
2607,15,Double,No,127.66
2608,15,Single,No,406.18
2609,15,Single,Yes,430.64
2610,15,Single,No,412.63
2611,15,Suite,Yes,209.90
2612,15,Single,Yes,270.28
2613,15,Double,Yes,243.34
2614,15,Double,No,187.24
2615,15,Single,No,178.56
2616,15,Single,No,64.00
2617,15,Suite,No,53.41
2618,15,Double,No,393.56
2619,15,Suite,Yes,471.89
2620,15,Suite,No,360.51
2621,15,Double,Yes,264.65
2622,15,Double,Yes,474.61
2623,15,Suite,No,335.38
2624,15,Suite,No,285.90
2625,15,Single,Yes,251.89
2626,15,Single,Yes,313.59
2627,15,Single,Yes,151.65
2628,15,Suite,Yes,365.97
2629,15,Double,Yes,107.57
2630,15,Double,Yes,386.51
2631,15,Double,No,384.59
2632,15,Double,Yes,270.38
2633,15,Double,No,366.16
2634,15,Double,Yes,76.19
2635,15,Double,Yes,124.90
2636,15,Single,No,180.66
2637,16,Double,No,286.11
2638,16,Double,No,363.24
2639,16,Suite,Yes,339.35
2640,16,Single,No,417.44
2641,16,Suite,Yes,139.40
2642,16,Suite,Yes,317.93
2643,16,Double,Yes,338.10
2644,16,Double,No,241.08
2645,16,Double,Yes,327.16
2646,16,Double,No,364.12
2647,16,Double,No,321.49
2648,16,Double,No,375.71
2649,16,Suite,Yes,433.23
2650,16,Double,Yes,70.97
2651,16,Suite,No,69.53
2652,16,Double,Yes,213.48
2653,16,Double,No,358.18
2654,16,Double,No,168.10
2655,16,Double,Yes,484.28
2656,16,Single,No,302.32
2657,16,Suite,No,423.21
2658,16,Suite,Yes,403.69
2659,16,Double,No,461.68
2660,16,Single,Yes,453.80
2661,16,Suite,No,231.77
2662,16,Double,Yes,367.30
2663,16,Double,Yes,280.39
2664,16,Double,Yes,149.30
2665,16,Double,No,139.13
2666,16,Double,Yes,348.60
2667,16,Suite,Yes,452.53
2668,16,Single,No,254.62
2669,16,Suite,Yes,380.62
2670,16,Double,Yes,328.32
2671,16,Single,Yes,333.20
2672,16,Single,Yes,233.27
2673,16,Single,No,372.82
2674,16,Suite,Yes,387.87
2675,16,Suite,Yes,293.88
2676,16,Single,No,420.17
2677,16,Single,Yes,353.71
2678,16,Suite,No,306.61
2679,16,Double,Yes,75.65
2680,16,Double,Yes,244.68
2681,16,Single,Yes,185.62
2682,16,Single,Yes,294.29
2683,16,Double,Yes,237.91
2684,16,Suite,Yes,81.73
2685,16,Single,No,333.40
2686,16,Single,Yes,180.37
2687,16,Double,No,83.18
2688,16,Double,Yes,438.74
2689,16,Single,No,115.46
2690,16,Suite,No,70.84
2691,16,Suite,Yes,354.81
2692,16,Double,Yes,353.29
2693,16,Suite,Yes,67.42
2694,16,Double,Yes,362.40
2695,16,Double,Yes,257.50
2696,16,Suite,No,334.85
2697,16,Single,No,235.06
2698,16,Single,Yes,319.02
2699,16,Single,Yes,135.26
2700,16,Single,Yes,172.11
2701,16,Single,No,433.38
2702,16,Suite,No,264.27
2703,16,Suite,Yes,411.72
2704,16,Double,No,469.06
2705,16,Single,Yes,148.92
2706,16,Double,Yes,241.99
2707,16,Suite,Yes,401.61
2708,16,Double,No,282.42
2709,16,Double,No,347.05
2710,16,Double,Yes,431.17
2711,16,Single,No,87.61
2712,16,Double,No,58.54
2713,16,Suite,Yes,335.17
2714,16,Double,Yes,318.40
2715,16,Double,Yes,418.55
2716,16,Single,Yes,219.38
2717,16,Double,No,94.77
2718,16,Suite,Yes,69.26
2719,16,Single,No,366.58
2720,16,Single,No,174.83
2721,16,Double,No,464.42
2722,16,Double,Yes,349.76
2723,16,Double,Yes,248.82
2724,16,Single,No,237.21
2725,16,Double,No,146.50
2726,16,Double,Yes,374.65
2727,16,Double,No,62.79
2728,16,Single,Yes,488.55
2729,16,Suite,No,149.46
2730,16,Suite,No,87.54
2731,16,Double,No,427.08
2732,16,Single,Yes,348.40
2733,16,Double,No,481.89
2734,16,Suite,No,277.46
2735,16,Single,Yes,498.12
2736,16,Single,No,492.67
2737,16,Suite,Yes,335.36
2738,16,Double,Yes,99.65
2739,16,Suite,No,260.52
2740,16,Double,Yes,214.82
2741,16,Suite,No,360.17
2742,16,Single,Yes,63.72
2743,16,Single,No,265.96
2744,16,Single,Yes,102.95
2745,16,Single,Yes,124.57
2746,16,Suite,Yes,386.86
2747,16,Suite,No,460.70
2748,16,Single,Yes,183.80
2749,16,Double,No,390.76
2750,16,Single,No,218.88
2751,16,Single,No,138.45
2752,16,Double,No,467.08
2753,16,Suite,Yes,465.97
2754,16,Suite,Yes,468.61
2755,16,Single,No,249.14
2756,16,Suite,No,388.70
2757,16,Double,Yes,169.14
2758,16,Suite,No,226.78
2759,16,Suite,No,147.87
2760,16,Double,Yes,462.33
2761,16,Suite,Yes,57.95
2762,16,Double,No,119.19
2763,16,Suite,No,171.92
2764,16,Single,No,336.86
2765,16,Double,Yes,100.95
2766,16,Double,Yes,251.43
2767,16,Suite,Yes,323.02
2768,16,Single,Yes,481.49
2769,16,Single,Yes,114.95
2770,16,Single,Yes,165.64
2771,16,Single,No,298.94
2772,16,Suite,Yes,418.02
2773,16,Single,Yes,328.39
2774,16,Double,No,452.78
2775,16,Suite,No,496.77
2776,16,Suite,Yes,74.38
2777,16,Suite,No,95.74
2778,16,Suite,Yes,378.54
2779,16,Suite,No,179.34
2780,16,Suite,No,80.75
2781,16,Double,No,157.03
2782,16,Single,No,378.13
2783,16,Double,Yes,446.33
2784,16,Double,No,251.28
2785,16,Single,No,104.18
2786,16,Double,Yes,110.37
2787,16,Single,Yes,248.46
2788,16,Double,Yes,230.29
2789,16,Suite,No,282.76
2790,16,Suite,No,475.53
2791,16,Double,Yes,238.90
2792,16,Double,No,233.02
2793,16,Single,No,349.55
2794,16,Double,Yes,147.90
2795,16,Single,Yes,274.52
2796,16,Single,Yes,368.18
2797,16,Single,Yes,382.09
2798,16,Single,Yes,258.31
2799,16,Single,Yes,183.85
2800,16,Suite,No,434.56
2801,16,Single,No,307.28
2802,16,Single,No,246.86
2803,16,Single,Yes,138.22
2804,16,Suite,No,276.62
2805,16,Suite,Yes,183.11
2806,16,Single,Yes,399.43
2807,16,Suite,Yes,238.53
2808,16,Double,Yes,139.96
2809,16,Suite,No,120.25
2810,16,Single,No,487.61
2811,17,Suite,No,109.92
2812,17,Double,Yes,497.83
2813,17,Suite,Yes,338.40
2814,17,Double,Yes,364.02
2815,17,Single,No,331.95
2816,17,Double,No,398.86
2817,17,Suite,No,436.85
2818,17,Double,No,393.16
2819,17,Double,No,275.15
2820,17,Single,No,135.65
2821,17,Double,No,181.55
2822,17,Suite,No,249.91
2823,17,Single,No,85.09
2824,17,Suite,No,481.38
2825,17,Suite,No,55.96
2826,17,Double,No,108.85
2827,17,Single,Yes,278.05
2828,17,Single,No,275.81
2829,17,Double,No,306.39
2830,17,Single,No,58.21
2831,17,Single,Yes,196.18
2832,17,Single,Yes,398.39
2833,17,Single,No,141.07
2834,17,Single,Yes,345.03
2835,17,Single,No,339.44
2836,17,Double,No,170.81
2837,17,Suite,Yes,279.10
2838,17,Double,No,237.26
2839,17,Suite,No,325.30
2840,17,Suite,Yes,459.30
2841,17,Double,Yes,139.79
2842,17,Single,No,277.60
2843,17,Single,No,191.44
2844,17,Single,Yes,320.35
2845,17,Double,No,80.13
2846,17,Suite,Yes,213.71
2847,17,Double,No,441.41
2848,17,Suite,No,237.74
2849,17,Double,Yes,137.79
2850,17,Double,No,146.05
2851,17,Double,No,189.47
2852,17,Suite,No,247.41
2853,17,Single,No,215.59
2854,17,Suite,No,441.98
2855,17,Suite,No,109.48
2856,17,Suite,Yes,73.24
2857,17,Suite,Yes,497.34
2858,17,Suite,No,61.60
2859,17,Suite,Yes,395.60
2860,17,Single,Yes,486.79
2861,17,Single,No,265.47
2862,17,Double,Yes,271.87
2863,17,Double,No,134.15
2864,17,Double,Yes,245.05
2865,17,Suite,No,224.94
2866,17,Suite,Yes,126.08
2867,17,Double,No,305.17
2868,17,Suite,No,194.73
2869,17,Double,Yes,124.55
2870,17,Single,No,384.29
2871,17,Suite,Yes,377.62
2872,17,Suite,No,211.08
2873,17,Double,Yes,111.41
2874,17,Double,No,499.58
2875,17,Single,Yes,100.94
2876,17,Single,Yes,164.85
2877,17,Suite,Yes,152.21
2878,17,Single,No,335.55
2879,17,Single,No,433.58
2880,17,Single,Yes,229.21
2881,17,Single,Yes,409.19
2882,17,Single,No,183.17
2883,17,Double,Yes,398.00
2884,17,Single,No,187.90
2885,17,Single,Yes,298.06
2886,17,Double,Yes,152.46
2887,17,Double,Yes,376.04
2888,17,Suite,No,84.63
2889,17,Double,Yes,80.06
2890,17,Double,No,183.64
2891,17,Suite,No,442.29
2892,17,Single,No,78.59
2893,17,Suite,Yes,112.84
2894,17,Double,No,482.04
2895,17,Double,Yes,311.26
2896,17,Double,Yes,138.49
2897,17,Double,No,151.93
2898,17,Double,No,418.41
2899,17,Single,Yes,395.59
2900,17,Double,Yes,490.77
2901,17,Double,Yes,93.48
2902,17,Single,No,448.61
2903,17,Double,Yes,111.14
2904,17,Single,No,158.45
2905,17,Suite,No,404.34
2906,18,Suite,No,100.64
2907,18,Suite,Yes,367.82
2908,18,Suite,No,337.42
2909,18,Double,Yes,220.28
2910,18,Double,Yes,128.81
2911,18,Double,No,59.25
2912,18,Double,No,182.67
2913,18,Suite,Yes,494.72
2914,18,Single,No,162.19
2915,18,Suite,Yes,496.30
2916,18,Suite,No,59.08
2917,18,Double,No,193.96
2918,18,Single,No,449.08
2919,18,Double,Yes,307.91
2920,18,Suite,Yes,191.65
2921,18,Double,Yes,62.23
2922,18,Single,No,185.13
2923,18,Single,Yes,134.74
2924,18,Suite,No,237.00
2925,18,Suite,No,322.38
2926,18,Suite,No,402.97
2927,18,Double,Yes,497.65
2928,18,Single,No,114.63
2929,18,Double,Yes,251.01
2930,18,Suite,Yes,349.24
2931,18,Suite,Yes,440.44
2932,18,Single,Yes,227.25
2933,18,Double,Yes,471.49
2934,18,Double,Yes,270.79
2935,18,Suite,Yes,205.41
2936,18,Suite,Yes,355.41
2937,18,Suite,No,252.98
2938,18,Single,No,240.15
2939,18,Single,Yes,196.72
2940,18,Double,Yes,391.22
2941,18,Single,Yes,361.44
2942,18,Suite,Yes,480.78
2943,18,Double,No,220.62
2944,18,Double,Yes,332.99
2945,18,Suite,No,289.03
2946,18,Single,Yes,258.68
2947,18,Single,Yes,65.38
2948,18,Single,No,208.81
2949,18,Double,No,376.38
2950,18,Single,Yes,293.92
2951,18,Suite,Yes,222.52
2952,18,Single,Yes,338.22
2953,18,Single,Yes,69.78
2954,18,Single,No,455.71
2955,18,Suite,Yes,276.55
2956,18,Suite,Yes,228.08
2957,18,Single,Yes,152.81
2958,18,Double,No,207.52
2959,18,Double,Yes,54.78
2960,18,Single,Yes,478.03
2961,18,Single,No,209.08
2962,18,Single,Yes,137.15
2963,18,Single,No,373.82
2964,18,Single,Yes,348.52
2965,18,Double,Yes,423.93
2966,18,Single,Yes,163.44
2967,18,Double,Yes,137.00
2968,18,Single,Yes,113.54
2969,18,Suite,No,305.96
2970,19,Single,No,322.98
2971,19,Double,No,333.75
2972,19,Double,No,258.40
2973,19,Single,Yes,227.55
2974,19,Single,Yes,143.43
2975,19,Single,Yes,211.32
2976,19,Single,Yes,104.50
2977,19,Single,No,210.84
2978,19,Double,No,421.92
2979,19,Double,Yes,333.82
2980,19,Double,No,67.17
2981,19,Double,Yes,239.95
2982,19,Single,No,58.00
2983,19,Double,Yes,294.47
2984,19,Suite,No,151.94
2985,19,Single,Yes,138.64
2986,19,Single,No,490.25
2987,19,Double,Yes,450.78
2988,19,Double,Yes,287.16
2989,19,Suite,Yes,117.66
2990,19,Double,No,132.92
2991,19,Suite,No,148.71
2992,19,Single,No,160.87
2993,19,Suite,Yes,211.69
2994,19,Single,No,342.79
2995,19,Suite,Yes,290.53
2996,19,Single,Yes,336.35
2997,19,Suite,No,149.22
2998,19,Single,Yes,402.15
2999,19,Double,Yes,405.89
3000,19,Double,Yes,466.69
3001,19,Double,No,102.94
3002,19,Single,No,194.47
3003,19,Double,Yes,434.59
3004,19,Single,No,113.35
3005,19,Suite,Yes,242.32
3006,19,Single,No,451.54
3007,19,Double,No,131.01
3008,19,Single,No,325.68
3009,19,Suite,No,423.93
3010,19,Suite,Yes,436.15
3011,19,Double,No,480.78
3012,19,Single,Yes,138.78
3013,19,Double,Yes,221.89
3014,19,Suite,Yes,202.67
3015,19,Double,No,148.47
3016,19,Suite,No,454.07
3017,19,Double,No,201.19
3018,19,Double,No,273.34
3019,19,Single,No,158.29
3020,19,Suite,Yes,216.05
3021,19,Single,No,377.37
3022,19,Double,Yes,249.92
3023,19,Suite,No,287.66
3024,19,Suite,Yes,298.75
3025,19,Double,Yes,284.32
3026,19,Double,Yes,170.73
3027,19,Double,No,387.92
3028,19,Suite,No,454.30
3029,19,Double,Yes,271.00
3030,20,Single,Yes,378.41
3031,20,Single,No,91.69
3032,20,Double,Yes,255.94
3033,20,Single,No,162.00
3034,20,Double,Yes,431.07
3035,20,Single,No,459.62
3036,20,Single,Yes,395.02
3037,20,Single,No,344.90
3038,20,Double,Yes,164.85
3039,20,Single,Yes,176.99
3040,20,Suite,No,231.57
3041,20,Single,Yes,336.74
3042,20,Double,No,277.36
3043,20,Double,No,366.69
3044,20,Single,Yes,167.46
3045,20,Single,Yes,306.19
3046,20,Single,No,429.73
3047,20,Single,Yes,255.62
3048,20,Single,Yes,176.23
3049,20,Double,No,456.11
3050,20,Double,Yes,62.78
3051,20,Double,Yes,211.77
3052,20,Single,Yes,230.01
3053,20,Double,No,472.59
3054,20,Double,No,188.79
3055,20,Double,No,449.34
3056,20,Suite,Yes,76.28
3057,20,Suite,No,314.69
3058,20,Suite,No,320.94
3059,20,Single,Yes,263.83
3060,20,Double,Yes,116.35
3061,20,Double,Yes,373.10
3062,20,Single,No,408.14
3063,20,Suite,Yes,205.03
3064,20,Suite,Yes,60.44
3065,20,Single,No,371.63
3066,20,Double,Yes,83.76
3067,20,Suite,Yes,454.47
3068,20,Double,Yes,334.18
3069,20,Suite,Yes,467.09
3070,20,Suite,No,104.10
3071,20,Double,Yes,299.22
3072,20,Single,Yes,56.37
3073,20,Single,No,241.25
3074,20,Single,No,393.92
3075,20,Double,Yes,265.79
3076,20,Single,Yes,61.94
3077,20,Suite,No,383.47
3078,20,Double,No,439.47
3079,20,Double,No,317.25
3080,20,Suite,Yes,343.07
3081,20,Single,No,321.70
3082,20,Single,Yes,102.53
3083,20,Double,No,188.47
3084,20,Double,No,440.14
3085,20,Single,No,289.19
3086,20,Single,No,359.64
3087,20,Single,Yes,170.83
3088,20,Suite,Yes,391.64
3089,20,Single,Yes,427.60
3090,20,Double,Yes,498.17
3091,20,Single,Yes,237.42
3092,20,Suite,Yes,264.37
3093,20,Suite,Yes,143.54
3094,20,Double,Yes,230.71
3095,20,Double,Yes,469.72
3096,20,Double,Yes,429.33
3097,20,Single,No,230.38
3098,20,Single,Yes,365.44
3099,20,Single,Yes,326.58
3100,20,Double,No,130.77
3101,20,Single,Yes,426.89
3102,20,Suite,Yes,389.12
3103,20,Single,Yes,68.36
3104,20,Single,Yes,451.48
3105,20,Double,Yes,210.41
3106,20,Double,Yes,307.46
3107,20,Single,No,118.24
3108,20,Suite,Yes,371.20
3109,20,Double,No,389.91
3110,20,Single,No,368.09
3111,20,Double,No,416.88
3112,20,Suite,Yes,105.64
3113,20,Suite,Yes,95.31
3114,20,Single,Yes,492.64
3115,20,Suite,No,69.30
3116,20,Double,No,395.40
3117,20,Double,Yes,52.79
3118,20,Double,Yes,139.49
3119,20,Suite,Yes,218.02
3120,20,Double,Yes,57.09
3121,20,Single,No,465.53
3122,20,Double,No,106.01
3123,20,Double,Yes,220.18
3124,20,Single,Yes,417.40
3125,20,Suite,Yes,460.06
3126,20,Double,Yes,382.48
3127,20,Suite,Yes,361.56
3128,20,Suite,Yes,398.90
3129,20,Suite,No,141.46
3130,20,Suite,Yes,313.91
3131,20,Suite,Yes,354.81
3132,20,Single,No,395.38
3133,20,Suite,No,82.13
3134,20,Suite,No,314.79
3135,20,Double,Yes,211.70
3136,20,Suite,No,148.92
3137,20,Double,Yes,203.41
3138,20,Double,Yes,387.97
3139,20,Double,No,386.61
3140,20,Suite,No,473.95
3141,20,Double,No,399.58
3142,20,Single,Yes,170.85
3143,20,Single,Yes,365.81
3144,20,Double,Yes,340.03
3145,20,Double,No,450.73
3146,20,Single,No,384.80
3147,20,Suite,Yes,190.46
3148,20,Suite,Yes,141.21
3149,20,Suite,No,80.05
3150,20,Single,No,118.27
3151,20,Double,No,392.50
3152,20,Suite,No,178.45
3153,20,Double,No,433.03
3154,20,Suite,No,156.45
3155,20,Single,No,194.55
3156,20,Single,No,342.68
3157,20,Suite,Yes,156.01
3158,20,Single,No,115.15
3159,20,Suite,No,363.25
3160,20,Suite,Yes,152.47
3161,20,Suite,No,157.65
3162,20,Double,Yes,317.71
3163,20,Double,Yes,227.39
3164,20,Suite,Yes,63.95
3165,20,Suite,No,320.74
3166,20,Double,Yes,140.92
3167,20,Suite,No,125.10
3168,20,Double,No,305.92
3169,20,Double,No,423.51
3170,20,Single,Yes,267.10
3171,20,Single,Yes,443.97
3172,20,Double,Yes,121.05
3173,20,Double,Yes,388.45
3174,20,Suite,Yes,63.72
3175,20,Single,Yes,259.16
3176,20,Single,No,371.00
3177,20,Double,Yes,117.95
3178,20,Double,No,234.93
3179,20,Double,No,468.83
3180,20,Single,No,319.85
3181,20,Double,No,486.92
3182,20,Double,Yes,490.29
3183,20,Double,No,211.20
3184,20,Suite,Yes,336.24
3185,20,Suite,No,95.22
3186,20,Single,No,260.14
3187,20,Suite,Yes,248.98
3188,20,Single,Yes,230.98
3189,20,Suite,Yes,166.74
3190,20,Double,Yes,344.66
3191,20,Single,No,293.83
3192,20,Double,Yes,238.26
3193,20,Suite,Yes,444.80
3194,20,Single,No,131.80
3195,20,Suite,Yes,453.94
3196,20,Single,No,393.50
3197,20,Single,No,256.10
3198,20,Single,Yes,143.71
3199,20,Double,Yes,228.77
3200,20,Double,No,294.76
3201,20,Suite,Yes,146.68
3202,20,Single,No,385.91
3203,20,Single,No,412.51
3204,20,Double,Yes,448.41
3205,20,Single,Yes,193.01
3206,20,Double,No,182.01
3207,20,Suite,No,89.42
3208,20,Suite,Yes,246.93
3209,20,Single,No,249.05
3210,20,Single,Yes,462.63
3211,20,Suite,Yes,123.21
3212,20,Suite,Yes,396.54
3213,20,Double,No,255.13
3214,20,Double,No,431.89
3215,20,Suite,No,483.09
3216,20,Double,Yes,433.85
3217,20,Suite,No,155.18
3218,20,Single,No,321.42
3219,20,Suite,Yes,270.54
3220,20,Suite,Yes,72.55
3221,20,Single,No,235.93
3222,20,Single,No,281.77
3223,20,Single,No,189.51
3224,20,Double,Yes,358.93
3225,20,Double,No,133.90
3226,20,Single,Yes,423.40
3227,20,Double,Yes,233.78
3228,20,Double,Yes,172.19
3229,20,Single,No,146.79
3230,20,Double,No,427.84
3231,20,Single,Yes,152.72
3232,20,Single,Yes,489.21
3233,20,Single,Yes,126.21
3234,20,Single,Yes,349.35
3235,20,Double,No,364.11
3236,20,Single,Yes,348.41
3237,20,Single,No,387.32
3238,20,Double,Yes,202.31
3239,20,Single,No,304.40
3240,20,Suite,No,181.74
3241,20,Single,No,457.84
3242,20,Double,Yes,95.65
3243,20,Single,No,253.47
3244,21,Suite,No,492.43
3245,21,Single,Yes,471.70
3246,21,Suite,No,404.81
3247,21,Single,Yes,270.19
3248,21,Single,No,496.02
3249,21,Single,No,377.44
3250,21,Single,No,414.41
3251,21,Single,No,210.34
3252,21,Single,No,330.56
3253,21,Suite,Yes,266.24
3254,21,Single,Yes,366.68
3255,21,Double,No,399.43
3256,21,Single,Yes,219.44
3257,21,Double,No,433.85
3258,21,Double,Yes,419.16
3259,21,Single,No,384.23
3260,21,Suite,Yes,174.10
3261,21,Double,No,215.50
3262,21,Single,No,388.83
3263,21,Single,No,249.31
3264,21,Suite,No,101.25
3265,21,Double,Yes,431.03
3266,21,Double,No,348.00
3267,21,Double,No,414.65
3268,21,Single,No,444.87
3269,21,Double,No,448.57
3270,21,Double,Yes,76.54
3271,21,Double,Yes,308.98
3272,21,Double,Yes,339.40
3273,21,Suite,No,256.46
3274,21,Double,Yes,184.79
3275,21,Double,No,236.63
3276,21,Double,No,195.14
3277,21,Single,Yes,229.68
3278,21,Single,No,107.18
3279,21,Suite,No,227.19
3280,21,Single,Yes,145.22
3281,21,Suite,Yes,317.20
3282,21,Double,No,487.99
3283,21,Single,Yes,347.35
3284,21,Suite,Yes,253.32
3285,21,Double,No,465.92
3286,21,Double,No,412.78
3287,21,Single,No,318.92
3288,21,Single,Yes,393.16
3289,21,Double,No,419.88
3290,21,Single,No,273.55
3291,21,Single,Yes,70.31
3292,21,Suite,No,199.69
3293,21,Double,Yes,248.63
3294,21,Single,Yes,409.38
3295,21,Double,Yes,128.21
3296,22,Double,No,293.07
3297,22,Single,Yes,445.76
3298,22,Double,Yes,460.01
3299,22,Suite,No,454.34
3300,22,Double,No,392.53
3301,22,Suite,Yes,385.92
3302,22,Single,No,464.28
3303,22,Double,Yes,156.22
3304,22,Double,No,326.61
3305,22,Double,Yes,486.00
3306,22,Single,No,78.87
3307,22,Single,No,233.86
3308,22,Double,Yes,377.77
3309,22,Double,No,354.38
3310,22,Double,No,436.79
3311,22,Double,No,91.22
3312,22,Single,Yes,475.99
3313,22,Double,Yes,224.01
3314,22,Single,Yes,354.77
3315,22,Double,No,291.37
3316,22,Suite,Yes,339.37
3317,22,Double,No,266.37
3318,22,Suite,No,409.37
3319,22,Double,Yes,272.82
3320,22,Single,No,279.32
3321,22,Double,No,137.32
3322,22,Suite,No,151.20
3323,22,Suite,No,250.80
3324,22,Double,Yes,358.75
3325,22,Double,No,417.49
3326,22,Double,Yes,389.89
3327,22,Double,No,69.39
3328,22,Suite,No,343.93
3329,22,Suite,No,244.31
3330,22,Suite,Yes,337.68
3331,22,Double,Yes,148.66
3332,22,Double,No,427.30
3333,22,Double,Yes,418.88
3334,22,Double,Yes,138.51
3335,22,Suite,No,475.63
3336,22,Single,No,216.60
3337,22,Single,No,250.61
3338,22,Double,Yes,194.90
3339,22,Single,Yes,295.29
3340,22,Single,Yes,89.55
3341,22,Single,Yes,129.35
3342,22,Suite,Yes,284.31
3343,22,Double,No,195.43
3344,22,Suite,Yes,359.76
3345,22,Single,No,240.80
3346,22,Suite,Yes,310.56
3347,23,Single,Yes,67.34
3348,23,Double,No,263.43
3349,23,Suite,Yes,334.11
3350,23,Single,No,246.68
3351,23,Single,Yes,375.90
3352,23,Double,No,395.22
3353,23,Double,No,249.05
3354,23,Single,Yes,293.71
3355,23,Single,No,325.88
3356,23,Double,No,373.70
3357,23,Double,No,113.05
3358,23,Single,No,141.43
3359,23,Single,Yes,385.12
3360,23,Double,No,399.12
3361,23,Suite,No,334.22
3362,23,Suite,Yes,409.40
3363,23,Single,Yes,171.02
3364,23,Double,Yes,181.63
3365,23,Suite,Yes,302.79
3366,23,Double,Yes,473.40
3367,23,Single,Yes,97.62
3368,23,Double,Yes,242.92
3369,23,Suite,Yes,133.92
3370,23,Double,Yes,434.68
3371,23,Double,No,385.30
3372,23,Single,Yes,356.92
3373,23,Suite,No,322.67
3374,23,Double,Yes,469.16
3375,23,Double,Yes,331.82
3376,23,Double,No,266.27
3377,23,Double,Yes,327.81
3378,23,Double,Yes,324.44
3379,23,Suite,No,99.78
3380,23,Suite,No,228.46
3381,23,Double,No,183.81
3382,23,Suite,No,84.85
3383,23,Single,Yes,167.20
3384,23,Double,No,309.79
3385,23,Single,No,155.78
3386,23,Single,Yes,351.20
3387,23,Single,Yes,333.12
3388,23,Suite,Yes,335.06
3389,23,Double,No,197.97
3390,23,Double,No,377.26
3391,23,Suite,No,133.19
3392,23,Single,No,421.51
3393,23,Single,Yes,408.93
3394,23,Single,No,376.42
3395,23,Single,No,323.89
3396,23,Suite,Yes,170.69
3397,23,Suite,No,90.78
3398,23,Single,Yes,276.96
3399,23,Double,No,211.21
3400,23,Suite,Yes,428.11
3401,23,Double,No,277.31
3402,23,Single,No,427.48
3403,23,Suite,No,132.57
3404,23,Double,Yes,107.74
3405,23,Single,Yes,303.36
3406,23,Suite,No,161.30
3407,23,Single,Yes,332.33
3408,23,Single,Yes,145.42
3409,23,Single,Yes,172.98
3410,23,Single,Yes,186.64
3411,23,Suite,No,369.51
3412,23,Suite,No,356.67
3413,23,Single,Yes,463.41
3414,23,Suite,No,333.60
3415,23,Double,No,163.54
3416,23,Single,Yes,181.03
3417,23,Suite,Yes,211.99
3418,23,Suite,No,219.76
3419,23,Single,No,171.96
3420,23,Double,No,251.43
3421,23,Single,No,411.28
3422,23,Double,No,202.16
3423,23,Double,No,273.28
3424,23,Single,No,357.31
3425,23,Double,No,206.12
3426,23,Suite,Yes,61.20
3427,23,Double,Yes,385.81
3428,23,Double,No,122.54
3429,23,Single,No,310.60
3430,23,Double,No,83.54
3431,23,Single,Yes,207.47
3432,23,Suite,Yes,445.00
3433,23,Single,Yes,137.15
3434,23,Single,No,70.64
3435,23,Single,Yes,259.65
3436,23,Single,Yes,408.77
3437,23,Double,No,103.41
3438,23,Double,No,209.36
3439,23,Double,Yes,446.14
3440,23,Double,Yes,331.16
3441,23,Single,Yes,310.60
3442,23,Suite,No,218.28
3443,23,Single,No,96.18
3444,23,Double,Yes,123.64
3445,23,Double,No,474.70
3446,23,Double,Yes,257.91
3447,23,Single,No,244.40
3448,23,Single,No,248.34
3449,23,Double,Yes,332.89
3450,23,Double,Yes,62.29
3451,23,Single,Yes,325.20
3452,23,Single,No,140.11
3453,23,Double,No,179.69
3454,23,Double,No,473.57
3455,23,Single,No,129.94
3456,23,Single,No,158.91
3457,23,Suite,No,160.48
3458,23,Suite,Yes,112.06
3459,23,Suite,No,257.34
3460,23,Suite,No,306.91
3461,23,Double,No,468.50
3462,23,Double,Yes,221.55
3463,23,Single,No,210.24
3464,23,Single,No,299.84
3465,23,Suite,No,245.43
3466,23,Single,No,460.67
3467,23,Double,No,112.46
3468,23,Suite,No,238.14
3469,23,Double,Yes,124.05
3470,23,Suite,No,488.28
3471,23,Suite,Yes,76.25
3472,23,Double,No,309.60
3473,23,Single,Yes,353.94
3474,23,Double,Yes,188.63
3475,23,Double,No,167.64
3476,23,Double,Yes,421.19
3477,23,Double,No,346.58
3478,23,Single,Yes,457.78
3479,23,Suite,No,328.08
3480,23,Single,Yes,270.66
3481,23,Suite,No,431.92
3482,23,Suite,No,220.98
3483,23,Suite,No,219.74
3484,23,Double,No,328.70
3485,23,Single,Yes,413.86
3486,23,Single,Yes,354.01
3487,23,Single,Yes,203.95
3488,23,Single,No,401.97
3489,23,Single,No,116.42
3490,23,Suite,No,152.85
3491,23,Single,Yes,186.63
3492,23,Single,Yes,149.56
3493,23,Double,Yes,404.88
3494,23,Suite,No,246.71
3495,23,Double,No,291.46
3496,23,Double,No,460.12
3497,23,Single,Yes,336.64
3498,23,Suite,No,361.84
3499,23,Single,No,51.93
3500,23,Suite,Yes,213.59
3501,23,Double,No,397.01
3502,23,Suite,Yes,428.77
3503,23,Double,Yes,138.34
3504,23,Single,No,453.79
3505,23,Double,Yes,324.68
3506,23,Suite,No,236.64
3507,23,Single,No,464.57
3508,23,Double,No,396.85
3509,23,Single,Yes,333.93
3510,23,Suite,Yes,181.79
3511,23,Double,No,361.89
3512,23,Suite,No,357.19
3513,23,Suite,Yes,52.88
3514,23,Double,Yes,496.44
3515,23,Single,No,102.30
3516,23,Suite,No,461.78
3517,23,Single,Yes,316.97
3518,23,Suite,Yes,342.31
3519,23,Single,No,431.10
3520,23,Suite,Yes,163.50
3521,23,Single,No,391.31
3522,23,Suite,No,145.82
3523,23,Single,Yes,477.41
3524,23,Single,No,143.18
3525,23,Double,No,288.01
3526,23,Single,No,352.85
3527,23,Double,Yes,246.74
3528,23,Double,Yes,291.41
3529,23,Suite,No,366.57
3530,23,Double,No,281.15
3531,23,Double,Yes,319.07
3532,23,Suite,Yes,408.45
3533,23,Double,Yes,99.31
3534,23,Single,No,458.73
3535,23,Suite,No,275.30
3536,23,Single,No,376.93
3537,23,Double,Yes,459.35
3538,23,Suite,Yes,181.16
3539,23,Double,Yes,383.94
3540,23,Double,No,246.89
3541,23,Double,No,354.00
3542,23,Single,Yes,313.56
3543,23,Suite,No,110.92
3544,23,Suite,Yes,233.36
3545,23,Double,No,311.63
3546,23,Suite,No,332.49
3547,23,Single,Yes,254.48
3548,23,Suite,No,243.18
3549,23,Suite,No,147.55
3550,23,Double,No,165.85
3551,23,Suite,Yes,307.49
3552,23,Double,No,62.64
3553,23,Single,Yes,165.83
3554,23,Single,No,370.95
3555,23,Single,No,401.46
3556,23,Single,No,340.11
3557,23,Single,No,360.89
3558,23,Double,Yes,129.35
3559,23,Double,Yes,371.77
3560,23,Double,Yes,494.79
3561,24,Suite,Yes,416.70
3562,24,Single,Yes,352.21
3563,24,Single,No,458.74
3564,24,Double,No,398.60
3565,24,Suite,No,151.96
3566,24,Double,No,348.72
3567,24,Single,No,463.27
3568,24,Single,Yes,412.43
3569,24,Suite,Yes,323.62
3570,24,Single,No,455.27
3571,24,Suite,Yes,168.33
3572,24,Double,Yes,347.90
3573,24,Suite,Yes,90.23
3574,24,Double,Yes,284.58
3575,24,Double,Yes,495.81
3576,24,Double,Yes,86.01
3577,24,Double,Yes,94.03
3578,24,Double,No,79.20
3579,24,Single,No,165.06
3580,24,Single,Yes,306.01
3581,24,Single,No,422.64
3582,24,Single,No,74.82
3583,24,Double,Yes,446.35
3584,24,Double,No,108.39
3585,24,Single,Yes,439.24
3586,24,Single,No,150.32
3587,24,Double,Yes,157.73
3588,24,Double,Yes,396.70
3589,24,Double,Yes,339.92
3590,24,Double,Yes,241.43
3591,24,Single,Yes,139.14
3592,24,Suite,No,63.58
3593,24,Suite,No,454.27
3594,24,Suite,No,435.55
3595,24,Double,Yes,85.89
3596,24,Suite,Yes,214.21
3597,24,Double,Yes,485.77
3598,24,Suite,Yes,448.31
3599,24,Double,Yes,103.04
3600,24,Double,No,199.58
3601,24,Single,Yes,163.21
3602,24,Suite,No,277.39
3603,24,Single,No,459.71
3604,24,Suite,Yes,125.41
3605,24,Suite,Yes,100.90
3606,24,Single,No,358.91
3607,24,Suite,No,360.06
3608,24,Suite,No,348.55
3609,24,Double,Yes,283.97
3610,24,Double,No,103.16
3611,24,Suite,Yes,461.04
3612,24,Suite,No,134.08
3613,24,Single,Yes,87.54
3614,24,Double,No,372.21
3615,24,Single,Yes,109.12
3616,24,Single,No,426.49
3617,24,Single,No,233.24
3618,24,Double,No,238.74
3619,24,Suite,No,311.04
3620,24,Suite,No,349.05
3621,24,Double,No,260.45
3622,24,Suite,No,374.90
3623,24,Suite,Yes,71.05
3624,24,Double,Yes,325.03
3625,24,Double,Yes,399.72
3626,24,Single,No,405.99
3627,24,Suite,Yes,452.86
3628,24,Suite,No,360.25
3629,24,Double,No,386.82
3630,24,Single,Yes,154.98
3631,24,Double,No,111.81
3632,24,Suite,No,342.24
3633,24,Single,No,357.47
3634,24,Suite,No,328.43
3635,24,Double,No,167.14
3636,24,Suite,Yes,278.99
3637,24,Suite,Yes,60.91
3638,24,Double,No,78.33
3639,24,Single,No,340.79
3640,24,Double,No,425.39
3641,24,Double,Yes,138.87
3642,24,Suite,No,182.62
3643,24,Double,Yes,499.97
3644,24,Single,No,74.44
3645,24,Double,Yes,438.02
3646,24,Double,Yes,271.11
3647,24,Double,Yes,160.17
3648,24,Suite,Yes,420.88
3649,24,Double,Yes,57.76
3650,24,Double,Yes,170.78
3651,24,Suite,Yes,241.40
3652,24,Suite,Yes,222.02
3653,24,Single,No,251.73
3654,24,Suite,No,295.35
3655,24,Suite,No,178.45
3656,24,Double,No,146.68
3657,24,Single,Yes,377.24
3658,24,Double,Yes,308.41
3659,24,Single,No,400.74
3660,24,Double,No,486.25
3661,24,Double,Yes,340.31
3662,24,Single,No,362.01
3663,24,Single,Yes,135.79
3664,24,Single,No,430.43
3665,24,Single,No,476.08
3666,24,Single,Yes,114.12
3667,24,Double,Yes,60.57
3668,24,Suite,No,87.17
3669,24,Single,Yes,327.78
3670,24,Suite,No,230.09
3671,24,Suite,Yes,148.28
3672,24,Double,Yes,180.56
3673,24,Suite,Yes,378.67
3674,24,Suite,No,115.42
3675,24,Double,No,199.81
3676,24,Suite,Yes,131.88
3677,24,Double,Yes,309.31
3678,24,Double,No,88.61
3679,24,Single,Yes,188.78
3680,24,Single,Yes,314.62
3681,24,Double,Yes,298.58
3682,24,Double,No,100.84
3683,24,Suite,No,266.91
3684,24,Double,No,494.40
3685,24,Suite,Yes,182.68
3686,24,Single,No,437.58
3687,24,Single,No,363.54
3688,24,Suite,Yes,408.30
3689,24,Single,Yes,410.06
3690,24,Suite,No,115.44
3691,24,Single,No,111.09
3692,24,Suite,No,227.14
3693,24,Suite,Yes,467.29
3694,24,Suite,No,199.47
3695,24,Single,Yes,302.49
3696,24,Suite,Yes,64.53
3697,24,Single,Yes,418.82
3698,24,Double,Yes,97.64
3699,24,Double,No,103.80
3700,24,Suite,No,456.86
3701,24,Suite,Yes,423.13
3702,24,Suite,Yes,320.59
3703,24,Double,No,285.01
3704,24,Single,Yes,474.33
3705,24,Suite,Yes,245.58
3706,24,Double,No,110.32
3707,24,Double,No,306.87
3708,24,Single,Yes,119.54
3709,24,Double,Yes,488.93
3710,24,Suite,Yes,108.34
3711,24,Single,Yes,55.45
3712,24,Single,Yes,356.66
3713,24,Single,Yes,374.98
3714,24,Suite,Yes,53.95
3715,24,Single,Yes,128.47
3716,24,Single,No,450.40
3717,24,Single,No,402.56
3718,24,Suite,Yes,136.00
3719,24,Double,No,76.88
3720,25,Single,No,241.03
3721,25,Suite,No,402.48
3722,25,Double,No,287.79
3723,25,Suite,Yes,280.41
3724,25,Single,Yes,401.33
3725,25,Double,Yes,156.59
3726,25,Double,No,495.79
3727,25,Single,No,148.44
3728,25,Double,No,392.38
3729,25,Suite,Yes,326.64
3730,25,Suite,Yes,77.85
3731,25,Double,Yes,464.45
3732,25,Single,No,166.47
3733,25,Suite,No,392.12
3734,25,Suite,Yes,87.78
3735,25,Single,No,318.59
3736,25,Suite,Yes,264.49
3737,25,Double,No,491.05
3738,25,Suite,Yes,431.15
3739,25,Suite,No,159.95
3740,25,Suite,No,394.50
3741,25,Double,No,369.76
3742,25,Single,Yes,466.64
3743,25,Single,Yes,260.14
3744,25,Double,No,52.86
3745,25,Suite,No,85.38
3746,25,Suite,Yes,170.70
3747,25,Single,Yes,271.87
3748,25,Single,No,410.30
3749,25,Single,No,130.11
3750,25,Suite,Yes,255.46
3751,25,Double,No,142.49
3752,25,Single,No,253.03
3753,25,Suite,Yes,271.31
3754,25,Suite,No,87.01
3755,25,Single,Yes,397.41
3756,25,Single,Yes,70.56
3757,25,Suite,Yes,366.71
3758,25,Double,Yes,218.48
3759,25,Suite,Yes,149.67
3760,25,Single,No,232.80
3761,25,Double,Yes,263.34
3762,25,Suite,No,414.97
3763,25,Single,No,129.83
3764,25,Suite,Yes,349.53
3765,25,Suite,No,372.15
3766,25,Single,No,362.58
3767,25,Double,No,137.96
3768,25,Single,No,366.17
3769,25,Suite,Yes,459.00
3770,25,Double,Yes,216.29
3771,25,Double,Yes,267.69
3772,25,Suite,No,128.68
3773,25,Single,Yes,107.49
3774,25,Single,No,404.00
3775,25,Suite,Yes,457.60
3776,25,Suite,Yes,429.90
3777,25,Suite,No,167.11
3778,25,Suite,Yes,363.05
3779,25,Suite,Yes,422.36
3780,25,Double,No,247.54
3781,25,Single,No,62.07
3782,25,Double,No,408.95
3783,25,Double,Yes,286.40
3784,25,Double,Yes,125.88
3785,25,Double,No,97.38
3786,25,Single,No,178.13
3787,25,Suite,Yes,244.02
3788,25,Single,No,489.57
3789,25,Suite,No,199.54
3790,25,Double,No,257.24
3791,26,Double,Yes,389.82
3792,26,Double,No,248.46
3793,26,Suite,No,282.69
3794,26,Single,No,271.43
3795,26,Suite,No,498.98
3796,26,Suite,Yes,271.27
3797,26,Double,Yes,266.79
3798,26,Double,No,199.93
3799,26,Suite,No,66.61
3800,26,Double,No,231.63
3801,26,Single,No,261.17
3802,26,Single,No,309.86
3803,26,Suite,Yes,297.77
3804,26,Double,Yes,304.02
3805,26,Single,Yes,459.21
3806,26,Double,No,82.18
3807,26,Single,Yes,284.92
3808,26,Suite,Yes,318.87
3809,26,Suite,Yes,268.77
3810,26,Double,No,146.47
3811,26,Single,Yes,98.76
3812,26,Suite,Yes,369.54
3813,26,Single,Yes,102.79
3814,26,Double,Yes,382.84
3815,26,Double,No,90.75
3816,26,Double,No,474.02
3817,26,Suite,Yes,479.64
3818,26,Double,No,416.70
3819,26,Double,No,489.49
3820,26,Suite,Yes,288.46
3821,26,Double,No,191.50
3822,26,Suite,No,59.55
3823,26,Single,No,451.66
3824,26,Single,No,361.68
3825,26,Single,No,371.16
3826,26,Double,Yes,441.97
3827,26,Single,Yes,469.05
3828,26,Double,No,234.90
3829,26,Single,No,322.92
3830,26,Double,Yes,58.49
3831,26,Double,No,54.10
3832,26,Suite,Yes,178.02
3833,26,Single,Yes,110.09
3834,26,Suite,No,311.09
3835,26,Suite,No,301.38
3836,26,Double,No,352.39
3837,26,Single,No,150.25
3838,26,Suite,No,89.90
3839,26,Single,No,465.80
3840,26,Suite,Yes,394.71
3841,26,Suite,Yes,182.82
3842,26,Double,Yes,348.20
3843,26,Double,Yes,312.68
3844,26,Single,Yes,198.74
3845,26,Single,No,483.80
3846,26,Suite,Yes,166.02
3847,26,Suite,Yes,463.08
3848,26,Double,No,294.17
3849,26,Suite,No,342.27
3850,26,Double,Yes,116.02
3851,26,Suite,No,355.04
3852,26,Double,No,206.49
3853,26,Single,Yes,87.72
3854,26,Single,No,354.28
3855,26,Double,No,379.38
3856,26,Double,Yes,368.53
3857,26,Single,Yes,290.45
3858,26,Double,No,454.18
3859,26,Double,Yes,327.74
3860,26,Suite,Yes,123.73
3861,26,Single,Yes,129.31
3862,26,Double,No,133.42
3863,26,Suite,No,57.88
3864,26,Single,Yes,207.94
3865,26,Single,No,250.84
3866,26,Single,Yes,461.79
3867,26,Single,No,226.85
3868,26,Double,No,482.37
3869,26,Suite,No,218.22
3870,26,Single,No,164.78
3871,26,Double,Yes,278.75
3872,26,Suite,Yes,484.30
3873,26,Suite,Yes,147.60
3874,26,Suite,Yes,405.79
3875,26,Single,No,296.68
3876,26,Single,Yes,274.17
3877,26,Single,No,372.43
3878,26,Single,No,478.58
3879,26,Single,Yes,188.56
3880,26,Suite,Yes,441.60
3881,26,Single,Yes,51.18
3882,26,Suite,No,287.11
3883,26,Single,Yes,68.21
3884,26,Double,No,201.49
3885,26,Suite,No,198.29
3886,26,Single,Yes,249.25
3887,26,Double,Yes,449.97
3888,26,Suite,Yes,406.98
3889,26,Double,Yes,53.39
3890,26,Suite,No,155.67
3891,26,Single,Yes,264.39
3892,26,Double,No,164.44
3893,26,Double,No,337.54
3894,26,Suite,No,323.51
3895,26,Suite,Yes,344.00
3896,26,Single,No,72.78
3897,26,Suite,Yes,477.39
3898,26,Double,No,188.93
3899,26,Suite,Yes,320.15
3900,26,Single,Yes,396.05
3901,26,Double,Yes,416.36
3902,26,Suite,Yes,398.44
3903,26,Single,Yes,388.10
3904,26,Suite,No,146.23
3905,26,Suite,No,56.69
3906,26,Suite,Yes,309.56
3907,26,Suite,No,127.51
3908,26,Suite,No,65.22
3909,26,Single,Yes,352.79
3910,26,Suite,Yes,217.07
3911,26,Single,No,204.20
3912,26,Suite,No,400.98
3913,26,Single,Yes,106.27
3914,26,Suite,Yes,91.42
3915,26,Single,No,285.15
3916,26,Single,Yes,427.86
3917,26,Single,Yes,137.13
3918,26,Suite,Yes,252.36
3919,26,Single,No,277.33
3920,26,Single,No,408.69
3921,26,Suite,Yes,447.77
3922,26,Suite,No,490.74
3923,26,Single,Yes,448.39
3924,26,Double,No,109.97
3925,26,Double,Yes,251.29
3926,26,Single,No,485.03
3927,26,Single,Yes,352.24
3928,26,Double,No,480.97
3929,26,Double,No,302.08
3930,26,Single,Yes,196.93
3931,26,Suite,No,176.75
3932,26,Suite,No,205.86
3933,26,Double,Yes,353.00
3934,26,Suite,Yes,219.64
3935,26,Suite,No,197.78
3936,26,Double,Yes,115.75
3937,26,Double,No,296.18
3938,26,Single,Yes,364.86
3939,26,Suite,No,452.18
3940,26,Suite,No,384.98
3941,26,Single,No,120.85
3942,26,Suite,No,174.92
3943,26,Single,No,454.51
3944,26,Single,No,54.25
3945,26,Double,Yes,294.63
3946,26,Suite,Yes,377.95
3947,26,Suite,Yes,125.50
3948,26,Double,Yes,310.49
3949,26,Double,No,125.06
3950,26,Single,Yes,85.82
3951,26,Single,No,257.34
3952,26,Suite,No,102.17
3953,26,Suite,No,104.22
3954,26,Double,No,53.51
3955,26,Suite,No,482.09
3956,26,Double,Yes,445.25
3957,26,Single,Yes,235.05
3958,26,Single,Yes,344.51
3959,26,Double,Yes,65.27
3960,26,Double,Yes,354.93
3961,26,Double,No,468.20
3962,26,Single,Yes,133.62
3963,26,Single,Yes,499.45
3964,26,Single,Yes,304.90
3965,26,Double,Yes,144.45
3966,26,Suite,Yes,474.88
3967,26,Double,No,341.07
3968,27,Suite,Yes,145.35
3969,27,Double,Yes,275.33
3970,27,Suite,Yes,472.96
3971,27,Single,No,249.99
3972,27,Single,Yes,380.47
3973,27,Suite,No,160.01
3974,27,Suite,Yes,189.65
3975,27,Single,No,323.78
3976,27,Suite,No,223.90
3977,27,Double,No,259.25
3978,27,Single,Yes,148.48
3979,27,Single,No,412.21
3980,27,Double,No,184.84
3981,27,Double,No,467.25
3982,27,Single,Yes,322.26
3983,27,Double,Yes,253.18
3984,27,Double,No,98.81
3985,27,Single,No,445.37
3986,27,Single,Yes,437.65
3987,27,Suite,No,307.58
3988,27,Double,Yes,186.45
3989,27,Double,No,252.98
3990,27,Double,No,461.12
3991,27,Double,No,361.93
3992,27,Single,Yes,449.95
3993,27,Double,No,326.97
3994,27,Suite,No,364.75
3995,27,Double,No,272.76
3996,27,Suite,No,75.31
3997,27,Double,No,433.69
3998,27,Suite,Yes,409.76
3999,27,Single,No,155.81
4000,27,Single,No,308.01
4001,27,Single,No,497.04
4002,27,Single,Yes,472.88
4003,27,Suite,No,168.21
4004,27,Double,Yes,400.62
4005,27,Single,Yes,376.41
4006,27,Single,Yes,393.21
4007,27,Suite,No,387.93
4008,27,Suite,Yes,205.30
4009,27,Double,Yes,221.10
4010,27,Double,Yes,330.29
4011,27,Double,No,386.83
4012,27,Double,No,452.78
4013,27,Double,No,436.96
4014,27,Suite,No,457.12
4015,27,Single,No,243.35
4016,27,Suite,Yes,92.30
4017,27,Double,Yes,286.32
4018,27,Suite,Yes,225.65
4019,27,Suite,Yes,102.47
4020,27,Single,No,57.83
4021,27,Single,No,89.34
4022,27,Double,Yes,239.08
4023,27,Suite,Yes,330.77
4024,27,Suite,No,482.70
4025,27,Single,No,174.99
4026,27,Double,Yes,100.80
4027,27,Single,No,123.24
4028,27,Single,Yes,247.35
4029,27,Double,No,91.91
4030,27,Single,No,305.50
4031,27,Double,Yes,297.79
4032,27,Double,No,309.68
4033,27,Suite,Yes,460.15
4034,27,Single,Yes,479.18
4035,27,Double,Yes,222.09
4036,27,Single,No,63.09
4037,27,Single,Yes,302.92
4038,27,Suite,No,260.63
4039,27,Single,Yes,184.16
4040,27,Single,Yes,340.90
4041,27,Single,No,350.06
4042,27,Double,Yes,153.61
4043,27,Suite,Yes,440.44
4044,27,Double,Yes,56.31
4045,27,Single,No,334.53
4046,27,Single,Yes,446.44
4047,27,Suite,Yes,297.69
4048,27,Suite,No,141.94
4049,27,Double,No,308.39
4050,27,Suite,No,481.52
4051,27,Single,Yes,378.42
4052,27,Double,No,212.05
4053,27,Suite,Yes,241.86
4054,27,Double,No,110.09
4055,27,Double,No,404.37
4056,27,Single,No,447.49
4057,27,Double,Yes,99.64
4058,27,Single,No,90.62
4059,27,Single,Yes,63.94
4060,27,Suite,No,211.50
4061,27,Suite,No,438.11
4062,27,Suite,No,476.42
4063,27,Single,No,374.88
4064,27,Suite,No,378.81
4065,27,Double,No,320.33
4066,27,Suite,No,108.96
4067,27,Suite,No,274.81
4068,27,Single,No,259.75
4069,27,Single,No,88.55
4070,27,Double,No,75.86
4071,27,Suite,No,149.38
4072,27,Double,No,260.44
4073,27,Single,Yes,109.15
4074,27,Double,Yes,329.75
4075,27,Single,Yes,197.99
4076,27,Single,No,479.96
4077,27,Suite,No,241.01
4078,27,Suite,No,230.24
4079,27,Suite,Yes,121.02
4080,27,Double,No,368.63
4081,27,Suite,Yes,349.51
4082,27,Suite,Yes,300.90
4083,27,Suite,Yes,386.45
4084,27,Suite,Yes,470.67
4085,27,Single,No,178.38
4086,27,Single,No,117.37
4087,27,Single,Yes,64.62
4088,27,Single,No,474.68
4089,27,Suite,Yes,369.30
4090,27,Double,Yes,460.05
4091,27,Suite,No,137.35
4092,27,Suite,No,294.62
4093,27,Suite,No,241.98
4094,27,Suite,Yes,440.67
4095,27,Single,No,435.39
4096,27,Suite,No,348.25
4097,27,Suite,No,100.40
4098,27,Double,No,417.57
4099,27,Single,No,471.25
4100,27,Single,Yes,145.01
4101,28,Double,No,154.93
4102,28,Suite,No,59.83
4103,28,Single,Yes,317.09
4104,28,Suite,Yes,307.77
4105,28,Suite,Yes,417.80
4106,28,Single,Yes,103.34
4107,28,Suite,Yes,240.96
4108,28,Single,No,325.65
4109,28,Single,No,394.14
4110,28,Suite,No,474.81
4111,28,Suite,No,395.87
4112,28,Single,Yes,331.34
4113,28,Suite,Yes,434.82
4114,28,Single,Yes,165.52
4115,28,Suite,No,226.76
4116,28,Single,Yes,118.88
4117,28,Suite,Yes,456.49
4118,28,Single,Yes,179.15
4119,28,Double,Yes,85.62
4120,28,Double,No,491.94
4121,28,Double,Yes,403.97
4122,28,Single,Yes,245.95
4123,28,Double,Yes,489.68
4124,28,Double,Yes,120.09
4125,28,Double,Yes,286.68
4126,28,Double,Yes,214.96
4127,28,Suite,No,471.64
4128,28,Suite,No,196.36
4129,28,Single,No,383.82
4130,28,Suite,No,446.84
4131,28,Single,Yes,445.72
4132,28,Double,No,197.30
4133,28,Double,Yes,270.52
4134,28,Suite,Yes,429.93
4135,28,Single,Yes,346.06
4136,28,Suite,No,223.13
4137,28,Suite,Yes,196.43
4138,28,Suite,No,173.92
4139,28,Double,Yes,294.38
4140,28,Double,Yes,386.24
4141,28,Double,Yes,96.46
4142,28,Single,No,256.06
4143,28,Single,Yes,190.25
4144,28,Double,No,343.31
4145,28,Suite,Yes,389.34
4146,28,Single,No,315.56
4147,28,Suite,No,106.37
4148,28,Suite,No,242.86
4149,28,Double,Yes,482.60
4150,28,Suite,Yes,391.43
4151,28,Single,No,350.86
4152,28,Single,Yes,270.04
4153,28,Single,Yes,286.50
4154,28,Double,Yes,177.20
4155,28,Double,No,86.62
4156,28,Double,Yes,152.25
4157,28,Suite,Yes,123.33
4158,28,Suite,No,479.30
4159,28,Double,Yes,396.45
4160,28,Single,No,450.22
4161,28,Single,Yes,256.07
4162,28,Suite,Yes,81.33
4163,28,Single,No,486.99
4164,28,Suite,No,171.98
4165,28,Double,Yes,52.46
4166,28,Double,Yes,267.56
4167,28,Single,No,460.42
4168,28,Single,Yes,82.11
4169,28,Double,No,63.94
4170,28,Suite,Yes,192.48
4171,28,Double,Yes,61.51
4172,28,Single,Yes,236.15
4173,28,Double,No,223.94
4174,28,Double,Yes,167.96
4175,28,Suite,No,108.13
4176,28,Single,Yes,150.37
4177,28,Double,No,61.89
4178,28,Suite,Yes,369.38
4179,28,Double,No,402.16
4180,28,Single,Yes,107.88
4181,28,Single,No,478.66
4182,28,Suite,Yes,113.95
4183,28,Single,Yes,122.41
4184,28,Suite,No,169.62
4185,28,Suite,Yes,171.71
4186,28,Suite,Yes,110.50
4187,28,Single,Yes,127.33
4188,28,Double,Yes,449.11
4189,28,Suite,Yes,444.68
4190,28,Single,No,293.59
4191,28,Single,Yes,147.56
4192,28,Single,No,381.95
4193,28,Single,Yes,216.35
4194,28,Double,No,242.84
4195,28,Single,Yes,129.46
4196,28,Suite,No,421.11
4197,28,Single,No,142.53
4198,28,Suite,Yes,117.47
4199,28,Suite,No,487.84
4200,28,Suite,No,183.90
4201,28,Single,Yes,185.37
4202,28,Suite,No,376.49
4203,28,Double,No,158.85
4204,28,Single,Yes,402.75
4205,28,Suite,Yes,412.04
4206,28,Suite,No,433.37
4207,28,Suite,Yes,358.30
4208,28,Double,Yes,484.45
4209,28,Suite,Yes,249.12
4210,28,Single,No,200.41
4211,28,Double,Yes,452.11
4212,28,Double,Yes,130.56
4213,28,Single,No,296.47
4214,28,Suite,No,428.94
4215,28,Single,No,165.55
4216,28,Single,Yes,197.55
4217,28,Double,Yes,323.83
4218,28,Double,Yes,188.16
4219,28,Suite,Yes,203.56
4220,28,Suite,Yes,334.37
4221,28,Double,No,155.12
4222,28,Single,No,378.21
4223,28,Single,No,478.15
4224,28,Single,Yes,314.26
4225,28,Double,Yes,51.13
4226,28,Suite,No,231.71
4227,28,Single,No,374.89
4228,28,Single,No,105.36
4229,28,Suite,Yes,449.72
4230,28,Double,No,100.34
4231,28,Suite,Yes,240.62
4232,28,Double,Yes,452.63
4233,28,Double,No,267.57
4234,28,Single,No,256.22
4235,28,Suite,Yes,417.51
4236,28,Single,No,462.26
4237,28,Double,No,419.12
4238,28,Single,No,487.71
4239,28,Double,Yes,369.75
4240,28,Suite,Yes,220.54
4241,28,Single,No,218.55
4242,28,Single,Yes,198.04
4243,28,Suite,No,418.64
4244,28,Double,Yes,54.32
4245,28,Single,No,262.80
4246,28,Single,No,402.62
4247,28,Double,Yes,364.90
4248,28,Suite,Yes,474.18
4249,28,Single,No,72.04
4250,28,Suite,Yes,248.64
4251,28,Double,No,328.76
4252,28,Suite,No,67.11
4253,28,Single,Yes,346.77
4254,28,Double,Yes,447.14
4255,28,Suite,Yes,255.74
4256,28,Suite,No,195.77
4257,28,Single,Yes,100.03
4258,28,Double,Yes,326.88
4259,28,Double,Yes,356.33
4260,28,Single,Yes,422.26
4261,28,Suite,No,347.18
4262,28,Single,No,382.52
4263,28,Double,No,111.03
4264,28,Single,No,486.37
4265,28,Suite,Yes,59.16
4266,28,Single,Yes,321.71
4267,28,Suite,Yes,305.84
4268,28,Suite,Yes,378.96
4269,28,Suite,Yes,256.47
4270,28,Single,No,189.41
4271,28,Double,Yes,442.98
4272,28,Double,No,334.12
4273,28,Double,No,89.58
4274,28,Suite,Yes,71.59
4275,28,Double,No,449.98
4276,28,Double,Yes,452.29
4277,28,Double,No,280.01
4278,28,Suite,No,495.80
4279,28,Double,No,398.48
4280,28,Single,Yes,437.31
4281,28,Double,Yes,84.68
4282,28,Double,Yes,369.74
4283,28,Double,No,180.86
4284,28,Single,No,87.73
4285,28,Single,Yes,395.26
4286,28,Double,Yes,335.93
4287,28,Single,Yes,492.70
4288,28,Suite,Yes,452.74
4289,28,Double,No,73.50
4290,28,Single,Yes,456.34
4291,28,Single,Yes,185.50
4292,28,Double,Yes,363.55
4293,28,Double,No,104.15
4294,28,Single,Yes,215.30
4295,28,Suite,Yes,153.95
4296,28,Suite,No,415.13
4297,28,Double,No,162.56
4298,28,Single,No,292.23
4299,29,Suite,No,285.63
4300,29,Single,Yes,91.60
4301,29,Single,Yes,344.32
4302,29,Double,No,489.79
4303,29,Suite,No,214.07
4304,29,Double,Yes,302.96
4305,29,Suite,No,298.30
4306,29,Single,No,352.83
4307,29,Single,Yes,372.19
4308,29,Double,Yes,281.50
4309,29,Double,Yes,94.68
4310,29,Double,Yes,161.76
4311,29,Double,No,86.37
4312,29,Suite,Yes,376.07
4313,29,Single,Yes,215.83
4314,29,Single,Yes,260.45
4315,29,Suite,Yes,151.51
4316,29,Single,No,234.02
4317,29,Suite,No,213.71
4318,29,Single,Yes,207.56
4319,29,Single,No,213.52
4320,29,Double,No,486.00
4321,29,Suite,No,94.03
4322,29,Single,No,161.77
4323,29,Double,Yes,132.76
4324,29,Single,Yes,274.50
4325,29,Suite,Yes,88.42
4326,29,Suite,No,417.32
4327,29,Suite,No,448.80
4328,29,Single,Yes,135.54
4329,29,Single,No,372.06
4330,29,Suite,No,377.50
4331,29,Single,Yes,334.46
4332,29,Double,No,305.97
4333,29,Single,Yes,489.13
4334,29,Single,No,443.89
4335,29,Suite,Yes,242.25
4336,29,Suite,No,286.23
4337,29,Double,Yes,325.80
4338,29,Suite,Yes,202.12
4339,29,Suite,No,229.64
4340,29,Suite,No,196.54
4341,29,Suite,Yes,196.96
4342,29,Single,No,69.20
4343,29,Suite,No,434.33
4344,29,Suite,Yes,107.84
4345,29,Single,Yes,426.98
4346,29,Double,Yes,196.77
4347,29,Suite,No,431.80
4348,29,Suite,No,208.31
4349,29,Single,No,193.68
4350,29,Single,No,335.11
4351,29,Single,Yes,362.86
4352,29,Suite,No,459.65
4353,29,Double,Yes,374.20
4354,29,Single,Yes,211.28
4355,29,Single,No,356.36
4356,29,Suite,Yes,397.45
4357,29,Double,Yes,280.88
4358,29,Suite,Yes,138.95
4359,30,Suite,Yes,57.04
4360,30,Single,No,220.38
4361,30,Double,No,90.80
4362,30,Single,No,173.21
4363,30,Double,No,123.70
4364,30,Single,Yes,417.16
4365,30,Single,No,85.21
4366,30,Suite,Yes,312.67
4367,30,Suite,Yes,130.09
4368,30,Double,Yes,142.43
4369,30,Double,No,334.40
4370,30,Suite,No,136.01
4371,30,Suite,Yes,96.27
4372,30,Suite,Yes,428.20
4373,30,Double,No,209.67
4374,30,Single,No,448.36
4375,30,Single,Yes,497.07
4376,30,Double,No,404.72
4377,30,Single,No,149.34
4378,30,Suite,Yes,387.92
4379,30,Double,No,443.96
4380,30,Double,Yes,111.10
4381,30,Suite,No,315.56
4382,30,Single,No,278.19
4383,30,Suite,Yes,443.30
4384,30,Single,Yes,232.24
4385,30,Double,Yes,128.07
4386,30,Suite,Yes,300.61
4387,30,Suite,Yes,435.18
4388,30,Double,Yes,240.53
4389,30,Double,Yes,205.04
4390,30,Double,Yes,65.43
4391,30,Double,Yes,422.46
4392,30,Suite,No,227.69
4393,30,Double,No,291.32
4394,30,Single,No,344.55
4395,30,Suite,No,144.85
4396,30,Double,Yes,497.23
4397,30,Single,Yes,287.01
4398,30,Suite,Yes,108.86
4399,30,Suite,Yes,308.41
4400,30,Suite,No,387.46
4401,30,Single,No,424.49
4402,30,Double,Yes,153.23
4403,30,Suite,No,236.40
4404,30,Single,Yes,389.83
4405,30,Double,No,306.93
4406,30,Suite,No,354.90
4407,30,Single,No,483.50
4408,30,Single,Yes,233.97
4409,30,Suite,No,263.36
4410,30,Single,Yes,71.62
4411,30,Single,Yes,361.89
4412,30,Single,No,212.41
4413,30,Suite,Yes,247.66
4414,30,Double,Yes,435.75
4415,30,Double,Yes,453.34
4416,30,Suite,Yes,496.49
4417,30,Suite,No,308.08
4418,30,Suite,No,274.68
4419,30,Double,Yes,450.00
4420,30,Single,Yes,435.83
4421,30,Double,No,74.42
4422,30,Suite,No,396.11
4423,30,Double,Yes,349.68
4424,30,Double,No,250.92
4425,30,Double,Yes,497.02
4426,30,Double,Yes,67.83
4427,30,Single,No,204.06
4428,30,Suite,No,200.44
4429,30,Single,No,327.84
4430,30,Single,No,375.45
4431,30,Double,Yes,340.90
4432,30,Single,No,90.43
4433,30,Single,No,189.61
4434,30,Double,No,229.47
4435,30,Suite,Yes,240.48
4436,30,Single,Yes,305.68
4437,30,Suite,Yes,274.89
4438,30,Single,Yes,472.60
4439,30,Single,Yes,418.86
4440,30,Suite,Yes,302.58
4441,30,Single,No,88.36
4442,30,Single,No,173.78
4443,30,Suite,Yes,138.51
4444,30,Single,No,94.23
4445,30,Suite,Yes,234.06
4446,30,Double,Yes,243.52
4447,30,Suite,No,416.46
4448,30,Suite,No,431.32
4449,30,Suite,Yes,456.19
4450,30,Single,No,236.67
4451,30,Single,Yes,478.98
4452,30,Single,Yes,315.57
4453,30,Single,No,285.62
4454,30,Single,Yes,139.01
4455,30,Single,Yes,105.06
4456,30,Suite,Yes,356.80
4457,30,Suite,No,99.69
4458,30,Double,No,469.54
4459,30,Single,No,374.09
4460,30,Suite,No,106.15
4461,30,Suite,Yes,478.01
4462,30,Double,No,166.52
4463,30,Double,Yes,305.66
4464,30,Single,Yes,64.82
4465,30,Double,Yes,117.81
4466,30,Double,Yes,257.89
4467,30,Double,No,91.83
4468,30,Suite,Yes,215.67
4469,30,Suite,Yes,148.42
4470,30,Double,No,210.30
4471,30,Double,Yes,187.61
4472,30,Single,No,360.84
4473,30,Suite,No,61.57
4474,30,Double,Yes,81.98
4475,30,Suite,Yes,218.04
4476,30,Suite,No,93.12
4477,30,Single,No,380.42
4478,30,Single,No,172.69
4479,30,Double,No,366.28
4480,30,Single,Yes,237.74
4481,30,Single,No,400.48
4482,30,Suite,Yes,395.72
4483,30,Suite,No,387.34
4484,30,Double,Yes,287.88
4485,30,Suite,No,331.70
4486,30,Double,Yes,301.95
4487,30,Suite,Yes,251.18
4488,30,Double,No,412.37
4489,30,Single,Yes,112.90
4490,30,Double,No,352.03
4491,30,Suite,Yes,115.50
4492,30,Double,No,64.27
4493,30,Suite,Yes,203.84
4494,30,Single,Yes,243.48
4495,30,Single,Yes,457.94
4496,30,Single,Yes,478.81
4497,30,Single,No,460.65
4498,30,Single,No,248.25
4499,30,Suite,Yes,134.74
4500,30,Single,Yes,461.39
4501,30,Double,No,58.29
4502,30,Single,Yes,103.64
4503,30,Single,Yes,415.14
4504,30,Double,Yes,109.63
4505,30,Suite,Yes,90.85
4506,30,Double,Yes,444.31
4507,30,Suite,Yes,203.84
4508,30,Suite,Yes,371.26
4509,30,Single,Yes,253.52
4510,30,Double,Yes,131.00
4511,30,Suite,No,180.95
4512,30,Suite,No,461.45
4513,30,Double,No,352.67
4514,30,Double,Yes,76.96
4515,30,Single,No,208.87
4516,30,Suite,No,156.02
4517,30,Suite,No,280.59
4518,30,Suite,No,412.50
4519,30,Suite,Yes,391.00
4520,30,Double,No,167.69
4521,30,Double,Yes,431.45
4522,30,Suite,Yes,294.74
4523,30,Suite,Yes,96.70
4524,30,Double,Yes,53.78
4525,30,Double,Yes,299.41
4526,30,Suite,No,285.73
4527,30,Single,Yes,188.37
4528,30,Double,Yes,313.35
4529,30,Single,No,51.91
4530,30,Double,Yes,188.21
4531,30,Suite,No,351.35
4532,30,Double,No,273.98
4533,30,Suite,Yes,222.36
4534,30,Double,No,476.48
4535,30,Suite,No,77.60
4536,30,Suite,Yes,427.12
4537,30,Suite,Yes,72.90
4538,30,Double,No,479.73
4539,30,Single,No,407.54
4540,30,Suite,Yes,259.42
4541,30,Single,Yes,319.54
4542,30,Double,Yes,146.62
4543,30,Double,Yes,306.12
4544,30,Single,Yes,156.30
4545,30,Double,No,185.81
4546,30,Single,Yes,230.16
4547,30,Single,Yes,282.26
4548,30,Suite,No,318.89
4549,30,Suite,No,66.39
4550,30,Single,Yes,53.28
4551,30,Single,Yes,441.30
4552,30,Suite,No,455.96
4553,30,Single,No,448.47
4554,30,Suite,Yes,480.68
4555,30,Single,Yes,265.77
4556,30,Double,Yes,433.20
4557,30,Suite,No,247.37
4558,30,Suite,Yes,296.58
4559,30,Double,No,363.50
4560,30,Suite,No,298.95
4561,30,Single,Yes,83.31
4562,30,Single,No,238.03
4563,30,Suite,Yes,475.90
4564,30,Single,Yes,329.35
4565,30,Suite,Yes,238.02
4566,30,Double,Yes,412.63
4567,30,Suite,Yes,362.23
4568,30,Double,Yes,326.13
4569,30,Suite,No,421.37
4570,30,Single,No,325.59
4571,30,Double,Yes,395.46
4572,30,Double,No,273.45
4573,30,Suite,No,437.01
4574,30,Single,No,326.41
4575,30,Suite,Yes,361.55
4576,30,Double,No,389.15
4577,30,Single,Yes,466.01
4578,30,Double,No,249.07
4579,30,Suite,No,476.77
4580,30,Single,No,450.73
4581,30,Suite,Yes,164.56
4582,30,Suite,No,304.80
4583,30,Suite,No,254.02
4584,30,Single,No,466.39
4585,30,Double,Yes,302.21
4586,30,Double,Yes,287.67
4587,30,Single,Yes,223.55
4588,30,Single,Yes,462.85
4589,30,Double,Yes,74.55
4590,30,Single,No,294.57
4591,30,Suite,Yes,218.39
4592,30,Double,No,238.43
4593,30,Suite,No,291.34
4594,30,Double,No,489.60
4595,30,Double,Yes,333.02
4596,30,Single,Yes,485.64
4597,30,Single,No,245.31
4598,30,Double,Yes,208.72
4599,30,Double,No,193.40
4600,30,Single,No,55.15
4601,30,Suite,Yes,260.20
4602,30,Suite,Yes,310.52
4603,30,Suite,Yes,347.34
4604,30,Single,No,198.27
4605,30,Double,No,153.97
4606,30,Suite,No,297.15
4607,30,Double,No,216.93
4608,30,Suite,Yes,90.90
4609,30,Double,Yes,340.69
4610,30,Double,No,432.98
4611,30,Single,Yes,218.72
4612,30,Suite,Yes,298.91
4613,30,Suite,No,127.44
4614,30,Single,No,165.86
4615,30,Suite,No,184.31
4616,30,Single,No,312.89
4617,30,Double,No,478.85
4618,30,Double,No,198.21
4619,30,Single,No,302.11
4620,30,Single,No,108.82
4621,30,Single,Yes,285.18
4622,30,Suite,Yes,484.90
4623,30,Suite,Yes,54.53
4624,30,Double,No,87.80
4625,30,Suite,No,470.67
4626,30,Single,No,474.93
4627,30,Single,No,386.10
4628,30,Suite,No,182.43
4629,30,Single,No,90.79
4630,30,Double,No,144.08
4631,30,Double,Yes,217.88
4632,30,Suite,Yes,239.94
4633,30,Suite,No,498.37
4634,30,Double,No,283.03
4635,30,Double,Yes,215.42
4636,30,Single,No,444.77
4637,30,Suite,No,458.72
4638,30,Double,Yes,57.05
4639,30,Single,Yes,347.32
4640,30,Single,No,316.54
4641,30,Double,No,146.13
4642,30,Single,No,91.60
4643,30,Single,No,154.41
4644,30,Suite,Yes,445.22
4645,30,Single,No,204.19
4646,30,Suite,No,497.41
4647,30,Suite,No,348.10
4648,30,Single,No,393.26
4649,30,Single,Yes,485.34
4650,30,Double,No,456.18
4651,30,Suite,Yes,181.70
4652,30,Suite,Yes,387.77
4653,30,Single,No,110.73
4654,30,Single,Yes,350.37
4655,30,Suite,Yes,253.82
4656,30,Suite,No,161.99
4657,30,Double,Yes,442.81
4658,30,Suite,No,302.16
4659,30,Double,Yes,434.45
4660,30,Suite,Yes,190.17
4661,30,Double,Yes,72.09
4662,30,Suite,Yes,249.86
4663,30,Suite,No,306.18
4664,30,Suite,Yes,109.99
4665,30,Suite,No,245.34
4666,30,Double,No,304.93
4667,30,Single,No,183.93
4668,30,Single,No,92.75
4669,30,Double,Yes,239.50
4670,30,Double,Yes,242.44
4671,30,Single,No,60.91
4672,30,Suite,No,486.14
4673,30,Suite,Yes,55.73
4674,30,Double,No,377.45
4675,30,Double,Yes,195.79
4676,30,Single,No,165.82
4677,30,Single,No,106.14
4678,30,Suite,Yes,490.01
4679,30,Single,No,488.70
4680,30,Suite,Yes,198.77
4681,30,Single,Yes,454.15
4682,30,Double,No,444.17
4683,30,Suite,No,227.29
4684,30,Single,Yes,251.26
4685,30,Suite,Yes,480.83
4686,30,Single,Yes,415.02
4687,30,Suite,Yes,181.61
4688,30,Suite,No,163.36
4689,30,Suite,No,58.77
4690,30,Single,No,226.04
4691,30,Single,Yes,162.27
4692,30,Double,No,349.45
4693,30,Suite,Yes,337.20
4694,30,Suite,Yes,121.30
4695,30,Suite,Yes,178.54
4696,30,Suite,No,436.58
4697,30,Single,No,130.54
4698,30,Double,No,470.97
4699,30,Suite,No,338.42
4700,30,Double,Yes,452.54
4701,30,Suite,No,126.81
4702,30,Single,No,118.00
4703,30,Suite,Yes,194.44
4704,30,Double,Yes,71.33
4705,30,Double,No,493.47
4706,30,Suite,Yes,188.03
4707,30,Suite,Yes,64.64
4708,30,Single,Yes,308.76
4709,30,Double,No,363.62
4710,30,Suite,Yes,393.05
4711,30,Single,Yes,451.88
4712,30,Suite,Yes,491.23
4713,30,Double,Yes,456.17
4714,30,Double,No,162.70
4715,30,Double,No,463.99
4716,30,Single,No,158.37
4717,30,Single,Yes,204.48
4718,30,Single,No,252.48
4719,30,Single,Yes,226.42
4720,30,Double,No,310.20
4721,30,Double,Yes,192.25
4722,30,Double,Yes,418.92
4723,30,Double,Yes,231.95
4724,30,Double,No,94.82
4725,30,Suite,Yes,170.57
4726,30,Single,No,322.21
4727,30,Double,No,377.80
4728,30,Single,Yes,74.12
4729,31,Single,Yes,355.01
4730,31,Suite,No,333.51
4731,31,Double,No,67.19
4732,31,Double,Yes,268.19
4733,31,Suite,No,413.46
4734,31,Double,Yes,160.42
4735,31,Single,Yes,465.85
4736,31,Single,No,240.69
4737,31,Single,Yes,446.40
4738,31,Double,Yes,287.46
4739,31,Suite,Yes,245.61
4740,31,Suite,No,396.51
4741,31,Single,Yes,498.97
4742,31,Suite,No,435.36
4743,31,Double,No,117.69
4744,31,Double,No,396.13
4745,31,Suite,Yes,225.28
4746,31,Double,No,173.98
4747,31,Double,No,212.22
4748,31,Suite,No,102.93
4749,31,Single,Yes,455.90
4750,31,Double,Yes,414.38
4751,31,Single,Yes,212.37
4752,31,Suite,No,103.05
4753,31,Single,Yes,275.17
4754,31,Double,Yes,498.67
4755,31,Double,No,259.87
4756,31,Suite,Yes,391.50
4757,31,Suite,No,323.36
4758,31,Double,Yes,332.77
4759,31,Single,Yes,394.81
4760,31,Suite,No,485.03
4761,31,Single,No,473.46
4762,31,Single,Yes,291.83
4763,31,Double,No,159.37
4764,31,Suite,Yes,256.58
4765,31,Single,No,84.59
4766,31,Single,Yes,476.42
4767,31,Double,Yes,207.03
4768,31,Suite,No,73.69
4769,31,Single,No,254.65
4770,31,Suite,Yes,181.43
4771,31,Double,Yes,472.35
4772,31,Single,Yes,420.23
4773,31,Double,Yes,332.74
4774,31,Single,No,293.71
4775,31,Double,No,335.34
4776,31,Single,No,492.22
4777,31,Double,No,434.46
4778,31,Suite,No,436.04
4779,31,Single,Yes,268.67
4780,31,Suite,Yes,285.41
4781,31,Suite,Yes,150.14
4782,31,Suite,No,181.54
4783,31,Double,Yes,182.63
4784,31,Suite,Yes,299.22
4785,31,Double,Yes,239.55
4786,31,Double,No,492.77
4787,31,Double,No,325.10
4788,31,Single,Yes,59.56
4789,31,Suite,No,289.95
4790,31,Single,Yes,78.75
4791,31,Double,No,352.75
4792,31,Suite,No,322.64
4793,31,Double,No,491.82
4794,31,Single,No,293.23
4795,31,Suite,No,420.86
4796,31,Double,No,251.36
4797,31,Single,No,139.22
4798,31,Single,No,199.17
4799,31,Single,No,66.48
4800,31,Double,Yes,63.85
4801,31,Single,No,90.15
4802,31,Single,No,252.88
4803,31,Suite,No,310.84
4804,31,Single,Yes,401.07
4805,31,Suite,No,199.05
4806,31,Suite,No,118.33
4807,31,Double,Yes,172.44
4808,31,Double,Yes,480.41
4809,31,Double,No,241.34
4810,31,Suite,No,297.77
4811,31,Double,Yes,356.02
4812,31,Suite,Yes,394.18
4813,31,Suite,No,380.24
4814,31,Suite,Yes,164.61
4815,31,Suite,Yes,186.71
4816,31,Double,Yes,346.43
4817,31,Double,Yes,468.26
4818,31,Single,Yes,103.82
4819,31,Suite,No,83.45
4820,31,Suite,Yes,99.68
4821,31,Double,Yes,266.78
4822,31,Single,Yes,466.70
4823,31,Double,Yes,221.24
4824,31,Double,No,300.90
4825,31,Double,No,328.51
4826,31,Single,No,150.92
4827,31,Single,Yes,137.33
4828,31,Suite,Yes,296.85
4829,31,Suite,No,465.25
4830,31,Suite,No,448.74
4831,31,Suite,No,157.30
4832,31,Suite,Yes,413.49
4833,31,Single,Yes,404.42
4834,31,Suite,No,481.33
4835,31,Suite,Yes,240.64
4836,31,Double,No,495.18
4837,31,Double,No,173.98
4838,31,Single,No,93.31
4839,31,Single,No,159.21
4840,31,Double,Yes,129.44
4841,31,Single,Yes,348.74
4842,31,Single,Yes,320.46
4843,31,Suite,No,467.56
4844,31,Suite,No,63.29
4845,31,Suite,Yes,304.05
4846,31,Suite,Yes,71.92
4847,31,Double,Yes,81.62
4848,31,Suite,No,306.45
4849,31,Suite,No,336.45
4850,31,Single,No,392.90
4851,31,Double,No,414.80
4852,31,Single,Yes,495.04
4853,31,Double,No,53.21
4854,31,Suite,No,309.16
4855,31,Single,No,461.38
4856,31,Double,No,253.49
4857,31,Double,No,50.30
4858,31,Double,Yes,257.54
4859,31,Suite,No,343.64
4860,31,Double,No,470.88
4861,31,Single,No,282.68
4862,31,Single,No,401.69
4863,31,Single,No,475.88
4864,31,Single,No,476.33
4865,31,Double,Yes,372.40
4866,31,Double,No,383.33
4867,31,Single,Yes,174.57
4868,31,Single,No,395.55
4869,31,Double,Yes,342.26
4870,31,Double,Yes,80.33
4871,31,Suite,No,342.98
4872,31,Suite,Yes,77.03
4873,31,Suite,Yes,364.83
4874,31,Single,Yes,400.57
4875,31,Single,No,51.34
4876,31,Suite,No,307.43
4877,31,Double,Yes,181.30
4878,31,Double,Yes,132.00
4879,31,Single,Yes,467.12
4880,31,Single,No,410.06
4881,31,Double,Yes,302.46
4882,31,Single,Yes,149.35
4883,31,Double,No,419.34
4884,31,Double,Yes,455.82
4885,31,Suite,Yes,57.60
4886,31,Double,No,489.43
4887,31,Suite,No,180.44
4888,31,Single,No,406.89
4889,31,Suite,Yes,466.89
4890,31,Single,Yes,111.65
4891,31,Double,Yes,436.26
4892,31,Suite,No,347.14
4893,31,Single,No,192.99
4894,31,Suite,Yes,271.38
4895,31,Single,No,324.91
4896,31,Double,Yes,316.53
4897,31,Single,Yes,77.65
4898,31,Single,Yes,293.62
4899,31,Suite,Yes,298.71
4900,31,Double,No,119.50
4901,31,Single,No,121.46
4902,31,Single,Yes,336.95
4903,31,Suite,Yes,174.83
4904,31,Suite,No,303.02
4905,31,Single,Yes,97.21
4906,31,Single,Yes,100.16
4907,31,Suite,No,440.47
4908,31,Suite,No,434.00
4909,31,Double,Yes,285.38
4910,31,Suite,No,239.23
4911,31,Single,No,461.90
4912,31,Single,Yes,167.21
4913,31,Single,Yes,291.85
4914,31,Suite,No,66.82
4915,31,Suite,Yes,155.12
4916,31,Single,No,330.39
4917,31,Suite,No,443.56
4918,31,Suite,Yes,61.17
4919,31,Single,No,447.01
4920,31,Single,Yes,100.56
4921,31,Single,No,92.08
4922,31,Single,No,480.16
4923,31,Suite,No,316.38
4924,31,Single,No,107.77
4925,31,Double,Yes,90.89
4926,31,Double,No,448.14
4927,31,Double,No,320.14
4928,31,Double,Yes,236.97
4929,31,Suite,No,160.00
4930,31,Single,Yes,169.25
4931,31,Suite,No,456.41
4932,31,Single,No,333.55
4933,31,Double,Yes,440.86
4934,31,Suite,No,372.96
4935,31,Suite,Yes,368.91
4936,31,Double,Yes,320.03
4937,31,Single,Yes,215.80
4938,31,Suite,Yes,405.54
4939,31,Suite,Yes,440.29
4940,31,Double,No,299.20
4941,31,Single,No,237.29
4942,31,Suite,No,161.08
4943,31,Suite,Yes,452.99
4944,31,Single,Yes,238.60
4945,31,Suite,Yes,443.57
4946,31,Single,Yes,405.70
4947,31,Single,Yes,247.28
4948,31,Double,Yes,187.33
4949,31,Double,Yes,309.95
4950,31,Single,Yes,362.78
4951,31,Double,No,416.76
4952,31,Single,No,72.05
4953,31,Single,No,324.54
4954,31,Single,No,474.34
4955,31,Double,No,287.99
4956,31,Double,No,294.08
4957,31,Suite,No,210.34
4958,32,Single,Yes,385.86
4959,32,Single,Yes,228.04
4960,32,Double,Yes,163.84
4961,32,Double,No,228.02
4962,32,Single,Yes,160.74
4963,32,Suite,Yes,470.29
4964,32,Suite,No,104.39
4965,32,Single,No,233.86
4966,32,Suite,No,418.05
4967,32,Double,Yes,387.57
4968,32,Double,Yes,199.37
4969,32,Suite,Yes,298.77
4970,32,Suite,Yes,341.39
4971,32,Double,Yes,182.77
4972,32,Double,No,334.33
4973,32,Double,No,79.57
4974,32,Single,Yes,63.72
4975,32,Double,Yes,307.84
4976,32,Double,No,399.26
4977,32,Suite,Yes,273.08
4978,32,Double,No,129.44
4979,32,Single,No,258.13
4980,32,Single,No,156.31
4981,32,Single,No,304.02
4982,32,Single,Yes,320.92
4983,32,Single,No,477.66
4984,32,Single,No,306.65
4985,32,Double,Yes,158.55
4986,32,Suite,No,218.47
4987,32,Suite,No,145.87
4988,32,Single,Yes,78.91
4989,32,Suite,No,407.13
4990,32,Double,Yes,493.03
4991,32,Suite,Yes,498.28
4992,32,Single,No,289.67
4993,32,Single,No,318.50
4994,32,Single,No,380.79
4995,32,Double,Yes,63.20
4996,32,Suite,No,265.14
4997,32,Double,Yes,127.05
4998,32,Double,Yes,396.90
4999,32,Double,No,384.74
5000,32,Single,No,470.77
5001,32,Single,Yes,187.01
5002,32,Double,No,292.58
5003,32,Double,No,474.68
5004,32,Suite,No,141.05
5005,32,Suite,No,260.12
5006,32,Single,No,138.42
5007,32,Suite,No,188.75
5008,32,Suite,No,144.15
5009,32,Double,No,328.91
5010,32,Suite,No,151.57
5011,32,Single,Yes,66.84
5012,32,Double,No,300.86
5013,32,Single,Yes,70.32
5014,32,Double,No,220.76
5015,33,Single,Yes,95.44
5016,33,Single,Yes,382.22
5017,33,Suite,Yes,354.80
5018,33,Suite,No,455.44
5019,33,Double,Yes,372.16
5020,33,Suite,Yes,251.72
5021,33,Single,Yes,386.55
5022,33,Suite,No,434.13
5023,33,Suite,Yes,354.13
5024,33,Suite,No,225.78
5025,33,Suite,Yes,233.08
5026,33,Double,No,133.13
5027,33,Double,Yes,258.06
5028,33,Suite,Yes,56.68
5029,33,Double,No,81.70
5030,33,Double,No,385.93
5031,33,Suite,Yes,396.17
5032,33,Single,Yes,387.11
5033,33,Single,Yes,263.66
5034,33,Double,No,81.51
5035,33,Single,Yes,149.51
5036,33,Suite,Yes,434.48
5037,33,Suite,Yes,381.78
5038,33,Double,Yes,348.27
5039,33,Single,Yes,101.17
5040,33,Double,No,334.39
5041,33,Double,No,58.77
5042,33,Double,No,273.72
5043,33,Double,No,468.83
5044,33,Double,No,247.54
5045,33,Suite,Yes,218.88
5046,33,Single,Yes,190.28
5047,33,Suite,No,162.71
5048,33,Single,Yes,260.15
5049,33,Double,Yes,76.78
5050,33,Single,No,413.07
5051,33,Single,No,296.95
5052,33,Single,No,450.42
5053,33,Single,Yes,173.05
5054,33,Double,No,129.07
5055,33,Suite,No,177.63
5056,33,Double,Yes,216.51
5057,33,Double,No,340.44
5058,33,Double,No,314.62
5059,33,Suite,Yes,273.02
5060,33,Double,No,453.92
5061,33,Double,No,404.60
5062,33,Single,Yes,457.94
5063,33,Suite,No,414.28
5064,33,Suite,Yes,127.91
5065,33,Single,No,252.99
5066,33,Double,Yes,328.30
5067,33,Single,Yes,87.63
5068,33,Single,No,281.85
5069,33,Single,No,355.91
5070,33,Suite,Yes,442.32
5071,33,Double,Yes,139.39
5072,33,Double,No,140.27
5073,33,Suite,No,122.52
5074,33,Suite,No,487.21
5075,33,Suite,Yes,237.17
5076,33,Single,Yes,168.26
5077,33,Suite,No,495.08
5078,33,Double,Yes,246.90
5079,33,Suite,No,377.31
5080,33,Suite,No,463.03
5081,33,Suite,Yes,89.74
5082,33,Single,No,403.26
5083,33,Single,Yes,98.25
5084,33,Double,No,255.31
5085,33,Single,No,360.83
5086,33,Single,Yes,476.60
5087,33,Double,No,57.43
5088,33,Double,Yes,127.43
5089,33,Suite,Yes,413.35
5090,33,Double,Yes,302.91
5091,33,Double,No,98.50
5092,33,Double,No,443.47
5093,33,Suite,No,465.05
5094,33,Single,Yes,294.92
5095,33,Suite,No,229.86
5096,33,Suite,Yes,288.93
5097,33,Suite,Yes,448.23
5098,33,Single,Yes,303.26
5099,33,Double,No,66.96
5100,33,Single,No,65.42
5101,33,Suite,No,112.57
5102,33,Suite,Yes,488.98
5103,33,Single,Yes,194.19
5104,33,Double,Yes,439.53
5105,33,Single,No,306.58
5106,33,Double,No,142.97
5107,33,Suite,Yes,142.31
5108,33,Double,Yes,384.92
5109,33,Suite,No,447.24
5110,33,Double,No,303.56
5111,33,Double,Yes,311.00
5112,33,Single,No,76.79
5113,33,Suite,Yes,102.52
5114,33,Double,Yes,235.58
5115,33,Suite,No,140.12
5116,33,Double,No,427.27
5117,33,Single,Yes,356.01
5118,33,Double,Yes,394.97
5119,33,Double,Yes,188.16
5120,33,Suite,Yes,55.09
5121,33,Suite,No,287.28
5122,33,Suite,Yes,443.99
5123,33,Double,Yes,355.70
5124,33,Suite,Yes,293.05
5125,33,Double,Yes,485.31
5126,33,Suite,No,79.20
5127,33,Double,Yes,346.17
5128,33,Double,Yes,431.86
5129,33,Single,Yes,254.19
5130,33,Suite,Yes,272.69
5131,33,Suite,No,365.87
5132,33,Suite,No,206.11
5133,33,Single,Yes,253.86
5134,33,Suite,Yes,61.38
5135,33,Double,No,169.66
5136,33,Suite,No,158.37
5137,33,Suite,Yes,486.95
5138,33,Double,No,105.18
5139,33,Single,Yes,333.95
5140,33,Double,No,455.81
5141,33,Suite,Yes,124.60
5142,33,Double,Yes,420.68
5143,33,Single,Yes,236.87
5144,33,Single,Yes,148.63
5145,33,Single,No,262.43
5146,33,Suite,No,199.27
5147,33,Double,Yes,204.52
5148,33,Double,Yes,205.88
5149,33,Double,Yes,176.69
5150,33,Suite,No,320.17
5151,33,Single,Yes,71.97
5152,33,Suite,No,477.31
5153,33,Suite,No,70.35
5154,33,Single,No,121.08
5155,33,Suite,Yes,309.24
5156,33,Suite,No,169.20
5157,33,Single,No,479.69
5158,33,Double,No,398.74
5159,33,Double,Yes,149.07
5160,33,Single,Yes,354.34
5161,33,Suite,Yes,222.57
5162,33,Single,No,141.98
5163,33,Suite,No,200.04
5164,33,Single,Yes,289.59
5165,33,Single,No,137.63
5166,33,Double,No,419.69
5167,33,Double,Yes,135.72
5168,33,Double,Yes,141.55
5169,33,Suite,No,274.05
5170,33,Suite,Yes,482.04
5171,33,Single,No,284.43
5172,33,Suite,Yes,498.76
5173,33,Double,Yes,85.89
5174,33,Single,Yes,265.13
5175,33,Double,Yes,145.08
5176,33,Suite,Yes,403.91
5177,33,Single,Yes,450.78
5178,33,Double,No,475.46
5179,33,Double,Yes,221.93
5180,33,Suite,No,275.35
5181,33,Double,Yes,158.71
5182,33,Double,Yes,131.55
5183,33,Single,No,111.43
5184,33,Suite,Yes,365.25
5185,33,Single,Yes,99.98
5186,33,Single,Yes,206.24
5187,33,Single,No,215.30
5188,33,Suite,No,337.28
5189,33,Single,Yes,242.54
5190,33,Double,No,398.47
5191,33,Suite,Yes,119.86
5192,33,Suite,No,50.87
5193,33,Single,No,103.77
5194,33,Double,Yes,107.76
5195,33,Suite,Yes,129.07
5196,33,Double,Yes,83.81
5197,33,Double,No,409.13
5198,34,Double,No,95.23
5199,34,Suite,Yes,162.96
5200,34,Suite,No,484.37
5201,34,Suite,No,117.84
5202,34,Single,Yes,338.73
5203,34,Single,Yes,94.42
5204,34,Suite,Yes,460.86
5205,34,Suite,Yes,297.99
5206,34,Double,No,486.27
5207,34,Double,No,100.80
5208,34,Double,Yes,115.85
5209,34,Double,No,389.63
5210,34,Suite,No,224.79
5211,34,Single,Yes,244.55
5212,34,Suite,Yes,494.66
5213,34,Suite,Yes,121.48
5214,34,Suite,Yes,96.87
5215,34,Double,No,442.65
5216,34,Double,No,175.78
5217,34,Double,Yes,74.57
5218,34,Double,No,226.78
5219,34,Suite,No,461.02
5220,34,Suite,No,195.07
5221,34,Double,No,158.33
5222,34,Single,No,217.80
5223,34,Suite,Yes,264.77
5224,34,Suite,No,466.62
5225,34,Double,Yes,446.06
5226,34,Double,Yes,251.11
5227,34,Single,Yes,435.39
5228,34,Single,No,194.75
5229,34,Double,No,356.87
5230,34,Suite,Yes,193.98
5231,34,Suite,Yes,345.24
5232,34,Suite,No,327.72
5233,34,Double,Yes,339.60
5234,34,Double,Yes,117.63
5235,34,Double,Yes,276.37
5236,34,Single,No,194.13
5237,34,Single,No,297.64
5238,34,Double,Yes,237.57
5239,34,Suite,No,344.23
5240,34,Single,No,366.52
5241,34,Single,No,366.06
5242,34,Double,No,215.15
5243,34,Suite,No,320.18
5244,34,Suite,Yes,473.71
5245,34,Single,No,362.58
5246,34,Double,No,208.27
5247,34,Single,Yes,276.89
5248,34,Single,No,321.02
5249,34,Suite,No,281.65
5250,34,Suite,No,268.35
5251,34,Double,Yes,116.47
5252,34,Single,Yes,466.07
5253,34,Double,Yes,235.24
5254,34,Double,No,309.85
5255,34,Single,No,68.52
5256,35,Suite,No,51.99
5257,35,Double,No,477.84
5258,35,Single,No,373.09
5259,35,Single,No,320.48
5260,35,Double,Yes,263.79
5261,35,Suite,Yes,291.99
5262,35,Double,Yes,304.40
5263,35,Single,Yes,380.98
5264,35,Single,No,310.18
5265,35,Double,No,477.12
5266,35,Suite,Yes,310.97
5267,35,Single,Yes,74.09
5268,35,Single,Yes,486.86
5269,35,Double,Yes,184.36
5270,35,Single,Yes,102.35
5271,35,Suite,Yes,400.01
5272,35,Suite,No,120.18
5273,35,Double,No,422.15
5274,35,Double,Yes,446.94
5275,35,Double,No,214.58
5276,35,Double,No,234.86
5277,35,Single,No,437.89
5278,35,Single,Yes,186.17
5279,35,Double,No,85.58
5280,35,Suite,No,494.68
5281,35,Suite,Yes,470.30
5282,35,Suite,No,341.18
5283,35,Double,Yes,97.55
5284,35,Suite,No,413.67
5285,35,Double,No,346.32
5286,35,Double,Yes,342.79
5287,35,Single,No,82.35
5288,35,Suite,Yes,231.84
5289,35,Suite,No,133.25
5290,35,Suite,Yes,50.29
5291,35,Double,No,270.05
5292,35,Double,No,308.72
5293,35,Single,No,103.71
5294,35,Suite,Yes,324.84
5295,35,Single,No,219.56
5296,35,Suite,No,159.17
5297,35,Double,Yes,319.76
5298,35,Double,No,121.11
5299,35,Double,Yes,342.19
5300,35,Suite,Yes,429.28
5301,35,Single,No,321.73
5302,35,Suite,Yes,446.09
5303,35,Double,No,403.41
5304,35,Single,No,164.93
5305,35,Single,No,425.54
5306,35,Double,No,360.82
5307,35,Double,Yes,235.59
5308,35,Single,Yes,413.97
5309,35,Suite,No,370.26
5310,35,Double,Yes,202.97
5311,35,Double,No,56.80
5312,35,Double,Yes,479.89
5313,35,Suite,Yes,91.26
5314,35,Double,No,239.36
5315,35,Double,No,317.42
5316,35,Suite,No,203.69
5317,35,Single,Yes,150.55
5318,35,Suite,No,59.92
5319,35,Single,No,213.51
5320,35,Suite,Yes,358.68
5321,35,Double,No,411.31
5322,35,Double,Yes,471.06
5323,35,Suite,No,436.18
5324,35,Single,Yes,68.09
5325,35,Suite,No,496.41
5326,35,Single,Yes,346.01
5327,35,Single,Yes,351.67
5328,35,Suite,No,153.93
5329,35,Double,Yes,237.42
5330,35,Suite,No,460.65
5331,35,Suite,No,473.76
5332,35,Double,Yes,76.84
5333,35,Suite,Yes,184.02
5334,35,Double,Yes,403.94
5335,35,Suite,Yes,425.29
5336,35,Suite,No,243.34
5337,35,Double,Yes,164.92
5338,35,Single,Yes,105.97
5339,35,Suite,No,170.98
5340,35,Double,No,404.93
5341,35,Single,No,76.81
5342,35,Suite,Yes,345.33
5343,35,Single,No,67.36
5344,35,Double,No,207.34
5345,35,Suite,No,145.82
5346,35,Double,No,210.54
5347,35,Single,Yes,64.42
5348,35,Double,No,129.94
5349,35,Suite,No,182.46
5350,35,Suite,No,422.71
5351,35,Single,Yes,491.16
5352,35,Double,No,494.75
5353,35,Single,Yes,335.46
5354,35,Double,Yes,488.77
5355,35,Suite,No,337.43
5356,35,Suite,No,317.80
5357,35,Single,Yes,459.20
5358,35,Suite,No,177.94
5359,35,Single,Yes,193.66
5360,35,Double,No,477.68
5361,35,Double,Yes,211.70
5362,35,Double,Yes,209.63
5363,35,Double,Yes,326.51
5364,35,Double,No,404.84
5365,35,Single,Yes,289.68
5366,35,Suite,No,285.10
5367,35,Suite,No,147.43
5368,35,Double,Yes,314.51
5369,35,Suite,Yes,367.09
5370,35,Double,No,254.01
5371,35,Single,No,355.31
5372,35,Suite,No,323.92
5373,35,Single,No,490.43
5374,35,Double,No,214.34
5375,35,Single,No,275.59
5376,35,Double,Yes,218.09
5377,35,Suite,No,161.17
5378,35,Double,No,64.46
5379,35,Double,Yes,236.62
5380,35,Single,No,315.12
5381,35,Suite,Yes,316.12
5382,35,Double,Yes,205.38
5383,35,Single,Yes,104.16
5384,35,Suite,No,446.71
5385,35,Suite,No,478.62
5386,35,Single,Yes,257.60
5387,35,Suite,Yes,370.62
5388,35,Single,No,151.35
5389,35,Suite,Yes,404.38
5390,35,Double,Yes,118.23
5391,35,Suite,No,246.66
5392,35,Single,No,124.88
5393,35,Single,No,399.40
5394,35,Double,Yes,211.06
5395,35,Suite,Yes,362.05
5396,35,Single,No,362.85
5397,35,Double,No,64.87
5398,35,Single,Yes,153.41
5399,35,Double,Yes,253.00
5400,35,Double,Yes,379.27
5401,35,Single,No,99.29
5402,35,Single,Yes,183.21
5403,35,Double,Yes,77.19
5404,35,Suite,No,430.74
5405,35,Double,No,337.82
5406,35,Single,Yes,420.66
5407,35,Suite,No,470.55
5408,35,Single,Yes,319.33
5409,35,Suite,Yes,246.50
5410,35,Suite,Yes,204.70
5411,35,Suite,No,56.06
5412,35,Single,Yes,419.46
5413,35,Double,Yes,100.09
5414,35,Double,No,423.25
5415,35,Double,Yes,147.71
5416,35,Double,No,53.76
5417,35,Double,Yes,201.83
5418,35,Suite,No,187.49
5419,35,Suite,No,324.19
5420,35,Single,No,140.92
5421,35,Single,Yes,258.04
5422,35,Single,Yes,475.48
5423,35,Double,No,255.50
5424,35,Double,Yes,197.51
5425,35,Suite,Yes,443.95
5426,35,Suite,No,230.06
5427,35,Single,Yes,362.34
5428,35,Single,No,214.70
5429,35,Double,No,277.61
5430,35,Suite,No,462.48
5431,35,Suite,Yes,333.58
5432,35,Suite,Yes,290.43
5433,35,Single,No,467.58
5434,35,Single,No,80.54
5435,35,Double,Yes,177.72
5436,35,Suite,No,484.02
5437,35,Suite,No,142.35
5438,35,Suite,Yes,435.37
5439,35,Double,Yes,125.15
5440,35,Single,No,399.76
5441,35,Single,Yes,244.92
5442,35,Single,Yes,120.45
5443,35,Suite,Yes,453.65
5444,35,Suite,No,331.62
5445,35,Suite,No,377.05
5446,35,Single,No,441.42
5447,35,Double,No,71.62
5448,35,Single,No,290.36
5449,35,Double,Yes,415.91
5450,35,Single,Yes,372.78
5451,35,Double,No,308.50
5452,35,Single,No,397.23
5453,35,Single,No,270.32
5454,35,Double,Yes,407.53
5455,35,Double,Yes,486.65
5456,35,Suite,Yes,171.26
5457,35,Double,Yes,141.02
5458,35,Single,Yes,450.68
5459,35,Double,Yes,462.33
5460,35,Double,Yes,481.62
5461,35,Single,Yes,475.25
5462,35,Double,No,136.94
5463,35,Single,No,110.42
5464,35,Suite,Yes,313.55
5465,35,Single,No,295.80
5466,35,Suite,Yes,408.14
5467,35,Double,Yes,166.73
5468,35,Suite,No,170.81
5469,35,Suite,No,330.27
5470,35,Single,No,246.17
5471,35,Single,No,144.15
5472,35,Suite,Yes,311.00
5473,35,Suite,Yes,393.67
5474,35,Suite,No,497.83
5475,35,Double,Yes,189.16
5476,35,Single,No,72.20
5477,35,Suite,No,211.96
5478,35,Suite,Yes,126.54
5479,35,Double,No,315.91
5480,35,Suite,No,425.18
5481,35,Double,No,445.71
5482,35,Single,Yes,326.80
5483,35,Suite,No,278.98
5484,35,Double,Yes,469.70
5485,35,Double,No,383.11
5486,35,Double,No,375.63
5487,35,Double,No,112.41
5488,35,Suite,No,397.72
5489,35,Double,No,164.13
5490,35,Suite,Yes,453.10
5491,35,Double,No,135.85
5492,35,Double,Yes,205.46
5493,35,Suite,Yes,114.58
5494,35,Suite,No,55.25
5495,35,Suite,No,171.12
5496,35,Single,Yes,113.21
5497,35,Single,Yes,169.46
5498,35,Double,Yes,423.37
5499,35,Double,No,362.12
5500,35,Single,No,186.66
5501,35,Double,No,209.20
5502,35,Double,No,323.89
5503,35,Suite,No,422.76
5504,35,Suite,No,70.39
5505,35,Single,No,311.64
5506,35,Double,Yes,377.65
5507,35,Suite,Yes,285.29
5508,35,Suite,No,279.15
5509,35,Suite,No,228.99
5510,35,Single,Yes,374.06
5511,35,Double,Yes,180.68
5512,35,Single,No,405.78
5513,35,Single,No,189.53
5514,35,Double,Yes,167.04
5515,35,Double,Yes,393.97
5516,35,Suite,No,484.04
5517,35,Single,Yes,465.34
5518,35,Double,No,224.85
5519,35,Double,No,455.18
5520,35,Double,No,62.77
5521,35,Double,No,166.28
5522,35,Single,No,235.77
5523,35,Suite,No,281.40
5524,35,Double,Yes,226.61
5525,35,Double,Yes,83.34
5526,35,Single,Yes,289.71
5527,35,Suite,Yes,356.77
5528,35,Double,No,77.89
5529,35,Double,No,423.09
5530,35,Double,Yes,141.98
5531,35,Suite,No,136.92
5532,35,Single,No,102.75
5533,35,Double,No,364.22
5534,35,Single,Yes,375.66
5535,35,Double,Yes,183.11
5536,35,Single,No,481.44
5537,35,Suite,Yes,323.37
5538,35,Single,No,190.05
5539,35,Single,No,279.87
5540,35,Double,No,310.42
5541,35,Suite,No,307.76
5542,35,Double,Yes,83.44
5543,35,Single,Yes,357.56
5544,35,Single,No,69.60
5545,35,Double,No,137.59
5546,35,Suite,No,231.62
5547,35,Double,Yes,373.61
5548,35,Double,No,260.91
5549,35,Single,Yes,450.99
5550,35,Single,No,276.02
5551,35,Suite,No,305.00
5552,35,Single,No,347.98
5553,36,Suite,No,369.81
5554,36,Single,Yes,134.33
5555,36,Suite,No,462.38
5556,36,Double,No,463.05
5557,36,Double,No,477.23
5558,36,Double,Yes,68.57
5559,36,Double,Yes,211.18
5560,36,Single,Yes,135.35
5561,36,Single,Yes,76.12
5562,36,Double,Yes,218.00
5563,36,Double,No,159.92
5564,36,Double,No,156.83
5565,36,Double,No,405.57
5566,36,Single,No,243.22
5567,36,Double,No,379.67
5568,36,Single,No,399.16
5569,36,Double,No,329.43
5570,36,Single,No,138.34
5571,36,Suite,Yes,69.73
5572,36,Suite,No,189.09
5573,36,Single,No,195.66
5574,36,Double,Yes,235.73
5575,36,Suite,No,296.85
5576,36,Suite,Yes,322.92
5577,36,Single,Yes,354.30
5578,36,Single,No,148.54
5579,36,Single,No,92.60
5580,36,Suite,Yes,401.18
5581,36,Suite,Yes,487.70
5582,36,Suite,No,440.39
5583,36,Suite,No,457.45
5584,36,Double,Yes,378.51
5585,36,Suite,No,79.42
5586,36,Suite,No,243.15
5587,36,Single,Yes,345.65
5588,36,Single,No,145.53
5589,36,Suite,No,128.23
5590,36,Single,Yes,384.40
5591,36,Double,Yes,317.25
5592,36,Double,Yes,201.23
5593,36,Double,Yes,145.07
5594,36,Single,No,228.25
5595,36,Double,Yes,94.80
5596,36,Single,No,76.83
5597,36,Double,Yes,162.25
5598,36,Single,Yes,253.84
5599,36,Suite,Yes,222.33
5600,36,Single,No,144.12
5601,36,Single,No,132.18
5602,36,Double,Yes,446.07
5603,36,Double,Yes,123.70
5604,36,Double,Yes,63.89
5605,36,Single,No,414.52
5606,36,Double,Yes,331.96
5607,36,Suite,No,343.55
5608,36,Suite,Yes,131.48
5609,36,Single,Yes,101.23
5610,36,Double,No,243.64
5611,36,Suite,No,407.31
5612,36,Single,Yes,267.38
5613,36,Suite,Yes,163.76
5614,36,Double,No,352.49
5615,36,Single,No,400.78
5616,36,Single,Yes,189.18
5617,36,Suite,Yes,158.02
5618,36,Double,No,177.14
5619,36,Double,No,467.73
5620,36,Single,No,283.55
5621,36,Suite,Yes,76.05
5622,36,Single,No,399.17
5623,36,Suite,No,55.60
5624,36,Double,Yes,94.44
5625,36,Double,No,137.93
5626,36,Single,No,457.21
5627,36,Suite,No,162.47
5628,36,Double,Yes,119.05
5629,36,Single,Yes,224.68
5630,36,Double,No,135.46
5631,36,Suite,No,62.40
5632,36,Single,No,192.83
5633,36,Single,No,173.93
5634,36,Suite,Yes,245.62
5635,36,Single,No,63.34
5636,36,Double,No,295.12
5637,36,Single,Yes,168.51
5638,36,Suite,Yes,490.26
5639,36,Double,No,390.17
5640,36,Suite,No,447.40
5641,36,Single,Yes,151.40
5642,36,Single,Yes,302.43
5643,36,Suite,Yes,160.82
5644,36,Suite,Yes,415.09
5645,36,Double,No,309.00
5646,36,Double,No,473.78
5647,36,Double,No,226.07
5648,36,Suite,No,320.91
5649,36,Single,Yes,415.85
5650,36,Single,No,413.47
5651,36,Double,No,430.26
5652,36,Double,No,386.07
5653,36,Suite,Yes,366.58
5654,36,Suite,Yes,343.18
5655,36,Single,Yes,259.48
5656,36,Single,No,259.87
5657,36,Double,Yes,219.91
5658,36,Suite,Yes,151.73
5659,36,Double,No,114.40
5660,36,Suite,No,76.93
5661,36,Single,Yes,493.01
5662,36,Single,No,378.80
5663,36,Double,Yes,473.91
5664,36,Double,No,416.57
5665,36,Suite,No,352.56
5666,36,Double,Yes,192.36
5667,36,Single,No,253.56
5668,36,Double,No,103.68
5669,36,Single,No,280.42
5670,36,Suite,Yes,168.13
5671,36,Double,No,158.11
5672,36,Single,No,174.80
5673,36,Double,No,240.93
5674,36,Single,Yes,230.96
5675,36,Single,No,56.49
5676,36,Suite,No,157.54
5677,36,Double,Yes,228.25
5678,36,Suite,No,249.29
5679,36,Suite,Yes,378.83
5680,36,Single,Yes,494.15
5681,36,Suite,No,174.51
5682,36,Single,No,68.11
5683,37,Single,Yes,272.39
5684,37,Double,Yes,164.83
5685,37,Double,Yes,279.06
5686,37,Suite,No,170.97
5687,37,Suite,No,405.04
5688,37,Suite,Yes,353.48
5689,37,Suite,No,462.72
5690,37,Suite,No,143.55
5691,37,Single,No,128.49
5692,37,Double,Yes,96.74
5693,37,Double,Yes,376.60
5694,37,Single,Yes,352.01
5695,37,Suite,Yes,75.81
5696,37,Single,Yes,238.24
5697,37,Double,No,126.03
5698,37,Single,Yes,200.94
5699,37,Double,Yes,256.07
5700,37,Double,Yes,100.20
5701,37,Suite,Yes,492.34
5702,37,Suite,No,277.54
5703,37,Single,No,282.59
5704,37,Double,Yes,231.69
5705,37,Single,Yes,491.07
5706,37,Double,Yes,167.38
5707,37,Single,No,221.72
5708,37,Single,No,264.96
5709,37,Suite,No,125.76
5710,37,Suite,No,169.16
5711,37,Double,Yes,138.28
5712,37,Double,Yes,436.64
5713,37,Suite,Yes,405.95
5714,37,Double,No,228.10
5715,37,Single,Yes,156.17
5716,37,Single,Yes,171.53
5717,37,Double,Yes,57.51
5718,37,Single,Yes,172.86
5719,37,Double,No,222.57
5720,37,Double,Yes,147.76
5721,37,Suite,No,370.25
5722,37,Suite,Yes,452.36
5723,37,Single,No,58.81
5724,37,Double,No,347.46
5725,37,Single,No,148.71
5726,37,Suite,No,359.24
5727,37,Suite,Yes,87.31
5728,37,Double,Yes,201.77
5729,37,Single,No,477.44
5730,37,Suite,No,209.38
5731,37,Double,Yes,185.39
5732,37,Suite,No,485.59
5733,37,Single,Yes,301.39
5734,37,Suite,No,358.02
5735,37,Double,No,480.25
5736,37,Single,Yes,216.05
5737,37,Single,No,285.09
5738,37,Suite,Yes,380.23
5739,37,Double,Yes,439.74
5740,37,Single,Yes,153.25
5741,37,Single,No,175.14
5742,37,Suite,No,233.90
5743,37,Suite,Yes,447.72
5744,37,Single,Yes,466.65
5745,37,Double,No,330.68
5746,37,Single,No,203.23
5747,37,Single,Yes,491.49
5748,37,Suite,Yes,290.98
5749,37,Suite,Yes,108.29
5750,37,Double,Yes,230.85
5751,37,Single,No,66.35
5752,37,Suite,No,320.38
5753,37,Double,No,193.73
5754,37,Suite,Yes,155.13
5755,37,Single,Yes,381.24
5756,37,Double,Yes,450.88
5757,37,Suite,Yes,312.13
5758,37,Suite,No,172.44
5759,37,Suite,Yes,131.13
5760,37,Single,Yes,235.68
5761,37,Suite,Yes,200.22
5762,37,Single,Yes,328.40
5763,37,Suite,No,475.18
5764,37,Single,No,57.63
5765,37,Suite,Yes,425.93
5766,37,Suite,No,228.44
5767,37,Suite,Yes,401.36
5768,37,Double,Yes,270.78
5769,37,Suite,No,84.80
5770,37,Suite,Yes,256.11
5771,37,Single,Yes,275.61
5772,37,Suite,Yes,357.13
5773,37,Double,No,303.74
5774,37,Double,No,175.14
5775,37,Double,No,172.44
5776,37,Suite,No,101.19
5777,37,Single,Yes,196.14
5778,37,Single,Yes,96.88
5779,37,Single,Yes,96.21
5780,37,Single,Yes,395.54
5781,37,Single,No,346.01
5782,37,Double,Yes,187.86
5783,37,Suite,Yes,258.20
5784,37,Single,No,136.85
5785,38,Single,Yes,112.69
5786,38,Suite,Yes,438.56
5787,38,Double,Yes,326.37
5788,38,Single,Yes,256.86
5789,38,Double,No,144.71
5790,38,Single,Yes,428.60
5791,38,Suite,No,133.26
5792,38,Single,No,185.13
5793,38,Single,Yes,50.70
5794,38,Single,Yes,161.14
5795,38,Suite,No,119.65
5796,38,Single,No,170.46
5797,38,Double,Yes,337.99
5798,38,Suite,No,434.46
5799,38,Single,No,312.73
5800,38,Suite,Yes,419.69
5801,38,Single,No,226.62
5802,38,Suite,No,490.91
5803,38,Single,Yes,355.79
5804,38,Single,Yes,196.71
5805,38,Single,Yes,464.27
5806,38,Double,No,293.27
5807,38,Double,No,203.99
5808,38,Double,No,89.12
5809,38,Suite,Yes,344.17
5810,38,Suite,No,297.08
5811,38,Single,Yes,92.16
5812,38,Single,No,489.13
5813,38,Suite,Yes,123.88
5814,38,Single,Yes,167.07
5815,38,Double,No,358.96
5816,38,Single,No,273.51
5817,38,Suite,Yes,240.94
5818,38,Double,No,60.89
5819,38,Single,No,296.85
5820,38,Double,Yes,489.69
5821,38,Suite,No,125.68
5822,38,Double,Yes,107.44
5823,38,Suite,Yes,278.74
5824,38,Single,Yes,149.86
5825,38,Single,Yes,463.63
5826,38,Double,Yes,81.64
5827,38,Double,Yes,429.47
5828,38,Suite,No,286.20
5829,38,Suite,No,464.35
5830,38,Suite,Yes,218.61
5831,38,Double,No,467.86
5832,38,Suite,Yes,374.13
5833,38,Double,No,64.77
5834,38,Single,No,359.95
5835,38,Single,No,146.66
5836,38,Double,No,101.99
5837,38,Double,Yes,174.55
5838,38,Double,Yes,266.92
5839,38,Suite,No,229.08
5840,38,Suite,Yes,426.61
5841,38,Single,Yes,392.65
5842,38,Double,No,147.78
5843,38,Single,No,322.99
5844,38,Double,Yes,161.19
5845,38,Suite,Yes,405.86
5846,38,Single,No,176.99
5847,38,Single,Yes,404.70
5848,38,Suite,No,228.37
5849,38,Double,Yes,369.76
5850,38,Single,No,132.28
5851,38,Double,No,171.74
5852,38,Suite,Yes,341.93
5853,38,Double,Yes,401.03
5854,38,Double,Yes,221.10
5855,38,Double,Yes,396.56
5856,38,Suite,Yes,381.28
5857,38,Suite,No,427.55
5858,38,Double,No,103.53
5859,38,Double,Yes,422.23
5860,38,Suite,No,471.74
5861,38,Suite,Yes,428.43
5862,38,Suite,Yes,158.09
5863,38,Double,No,339.76
5864,38,Suite,Yes,93.10
5865,38,Double,No,146.98
5866,38,Single,Yes,126.28
5867,38,Single,Yes,258.15
5868,38,Double,Yes,209.00
5869,38,Double,No,449.30
5870,38,Single,No,163.87
5871,38,Suite,No,410.72
5872,38,Double,Yes,191.11
5873,38,Suite,No,307.06
5874,38,Single,Yes,319.64
5875,38,Suite,No,185.27
5876,38,Double,Yes,257.44
5877,38,Suite,No,477.81
5878,38,Double,No,242.90
5879,38,Single,Yes,332.34
5880,38,Suite,Yes,232.17
5881,38,Double,No,317.53
5882,38,Double,Yes,345.03
5883,38,Suite,No,95.34
5884,38,Suite,Yes,83.31
5885,38,Single,Yes,467.24
5886,38,Single,Yes,428.85
5887,38,Single,Yes,366.64
5888,38,Suite,No,61.33
5889,38,Suite,No,382.83
5890,38,Single,Yes,425.29
5891,38,Single,No,354.41
5892,38,Single,No,392.38
5893,38,Double,No,308.72
5894,38,Single,No,448.00
5895,38,Suite,No,474.25
5896,38,Single,No,229.50
5897,38,Suite,Yes,143.21
5898,38,Single,No,92.80
5899,38,Single,Yes,190.97
5900,38,Suite,Yes,127.94
5901,38,Single,No,242.65
5902,38,Double,No,338.81
5903,38,Double,Yes,138.26
5904,38,Double,Yes,387.92
5905,38,Single,Yes,416.97
5906,38,Double,Yes,236.31
5907,38,Suite,No,377.05
5908,38,Suite,No,149.10
5909,38,Double,Yes,100.03
5910,38,Single,No,497.70
5911,38,Suite,Yes,293.23
5912,38,Single,No,491.19
5913,38,Suite,No,97.29
5914,38,Single,Yes,288.99
5915,38,Single,No,188.15
5916,38,Suite,Yes,90.52
5917,38,Single,No,369.67
5918,38,Double,Yes,288.64
5919,38,Suite,Yes,108.25
5920,38,Suite,Yes,342.01
5921,38,Suite,Yes,323.18
5922,38,Suite,No,87.12
5923,38,Double,No,481.63
5924,38,Double,Yes,209.40
5925,38,Suite,No,247.79
5926,38,Single,Yes,217.68
5927,38,Suite,No,496.36
5928,38,Suite,No,378.56
5929,38,Double,Yes,89.99
5930,38,Single,Yes,371.24
5931,38,Double,No,437.62
5932,38,Suite,Yes,63.38
5933,38,Single,No,406.78
5934,38,Single,No,291.02
5935,38,Double,No,387.88
5936,38,Double,Yes,293.34
5937,38,Suite,Yes,386.97
5938,38,Double,No,328.11
5939,38,Suite,Yes,61.75
5940,38,Double,No,76.62
5941,38,Suite,No,196.89
5942,38,Single,Yes,86.78
5943,38,Double,No,182.99
5944,38,Single,Yes,188.88
5945,38,Double,Yes,187.49
5946,38,Double,No,369.69
5947,38,Suite,Yes,425.18
5948,38,Single,Yes,133.70
5949,38,Single,Yes,89.64
5950,38,Suite,No,189.81
5951,38,Double,Yes,393.31
5952,38,Double,Yes,341.38
5953,38,Single,No,435.03
5954,38,Single,No,183.64
5955,38,Single,No,292.69
5956,38,Single,No,481.44
5957,38,Single,Yes,399.44
5958,38,Single,Yes,109.23
5959,38,Suite,Yes,290.47
5960,38,Suite,No,136.34
5961,38,Suite,Yes,189.19
5962,38,Single,No,206.16
5963,38,Double,No,187.10
5964,38,Single,No,121.12
5965,38,Suite,No,433.01
5966,38,Double,Yes,462.49
5967,38,Suite,Yes,269.46
5968,38,Single,No,359.55
5969,38,Single,Yes,270.26
5970,38,Suite,Yes,454.45
5971,38,Double,Yes,400.13
5972,38,Double,Yes,73.88
5973,38,Double,No,204.77
5974,38,Suite,Yes,314.64
5975,39,Double,No,366.92
5976,39,Suite,Yes,327.38
5977,39,Single,No,84.33
5978,39,Single,Yes,125.45
5979,39,Double,Yes,288.61
5980,39,Suite,No,123.15
5981,39,Double,No,281.67
5982,39,Suite,No,213.46
5983,39,Suite,No,300.60
5984,39,Suite,No,328.99
5985,39,Double,No,306.33
5986,39,Double,No,105.13
5987,39,Double,Yes,455.69
5988,39,Double,Yes,180.65
5989,39,Double,Yes,379.70
5990,39,Suite,No,83.54
5991,39,Single,No,129.84
5992,39,Single,No,75.76
5993,39,Single,No,89.11
5994,39,Suite,Yes,413.18
5995,39,Single,No,298.48
5996,39,Single,No,243.00
5997,39,Suite,Yes,441.69
5998,39,Suite,No,68.40
5999,39,Single,No,68.77
6000,39,Single,Yes,329.74
6001,39,Double,Yes,173.26
6002,39,Double,No,65.87
6003,39,Suite,Yes,151.60
6004,39,Single,Yes,483.36
6005,39,Double,No,82.94
6006,39,Double,Yes,496.88
6007,39,Suite,Yes,207.42
6008,39,Suite,Yes,238.14
6009,39,Double,Yes,483.94
6010,39,Double,Yes,357.81
6011,39,Single,Yes,379.08
6012,39,Suite,Yes,283.70
6013,39,Single,No,108.92
6014,39,Single,No,467.23
6015,39,Single,Yes,210.00
6016,39,Single,Yes,423.32
6017,39,Single,Yes,153.56
6018,39,Single,Yes,103.23
6019,39,Suite,Yes,461.69
6020,39,Suite,No,185.68
6021,39,Suite,Yes,141.89
6022,39,Double,No,398.69
6023,39,Double,Yes,330.97
6024,39,Suite,Yes,332.50
6025,39,Single,No,127.17
6026,39,Single,Yes,283.29
6027,39,Suite,No,106.34
6028,39,Suite,Yes,340.82
6029,39,Double,No,467.27
6030,39,Single,No,296.77
6031,39,Single,No,164.88
6032,39,Suite,Yes,401.24
6033,39,Double,Yes,460.49
6034,39,Suite,Yes,440.55
6035,39,Suite,No,464.07
6036,39,Suite,Yes,195.98
6037,39,Suite,Yes,76.86
6038,39,Single,No,484.81
6039,39,Suite,Yes,448.60
6040,39,Single,No,334.14
6041,39,Single,Yes,316.56
6042,39,Suite,Yes,85.28
6043,39,Double,No,449.33
6044,39,Double,Yes,423.98
6045,39,Single,Yes,177.25
6046,39,Suite,No,78.60
6047,39,Double,No,275.14
6048,39,Single,Yes,307.69
6049,39,Single,No,357.43
6050,39,Single,Yes,429.98
6051,39,Double,Yes,320.26
6052,39,Suite,No,61.04
6053,39,Single,No,399.27
6054,39,Double,No,233.13
6055,39,Suite,Yes,130.88
6056,39,Suite,No,83.58
6057,39,Double,Yes,447.63
6058,39,Suite,No,267.71
6059,39,Suite,No,429.43
6060,39,Double,Yes,166.79
6061,39,Double,Yes,189.82
6062,39,Single,Yes,404.29
6063,39,Double,Yes,310.69
6064,39,Double,Yes,128.62
6065,39,Single,No,97.94
6066,39,Suite,Yes,211.26
6067,39,Single,No,271.84
6068,39,Suite,Yes,143.17
6069,39,Double,Yes,179.39
6070,39,Double,Yes,465.87
6071,39,Single,No,61.21
6072,39,Double,Yes,81.60
6073,39,Double,No,224.12
6074,39,Suite,Yes,59.82
6075,39,Double,Yes,382.76
6076,39,Double,No,483.64
6077,39,Suite,No,250.65
6078,39,Double,Yes,433.89
6079,39,Single,No,355.70
6080,39,Suite,No,441.44
6081,40,Suite,No,390.17
6082,40,Suite,No,393.79
6083,40,Double,No,160.18
6084,40,Single,No,475.02
6085,40,Single,No,258.44
6086,40,Single,Yes,431.40
6087,40,Suite,No,245.96
6088,40,Double,No,148.75
6089,40,Single,Yes,396.16
6090,40,Single,No,456.33
6091,40,Single,No,472.93
6092,40,Single,No,191.17
6093,40,Double,No,292.32
6094,40,Single,No,358.11
6095,40,Double,No,287.53
6096,40,Suite,Yes,226.10
6097,40,Double,No,220.84
6098,40,Double,Yes,241.52
6099,40,Suite,Yes,169.70
6100,40,Double,Yes,429.23
6101,40,Single,Yes,402.73
6102,40,Single,No,87.36
6103,40,Single,Yes,198.96
6104,40,Double,Yes,250.34
6105,40,Single,Yes,139.17
6106,40,Double,Yes,324.71
6107,40,Double,No,321.75
6108,40,Double,No,277.61
6109,40,Suite,Yes,334.34
6110,40,Double,No,471.13
6111,40,Single,No,261.67
6112,40,Suite,No,191.76
6113,40,Single,No,390.77
6114,40,Suite,No,141.34
6115,40,Double,Yes,122.69
6116,40,Suite,Yes,213.04
6117,40,Suite,No,124.62
6118,40,Suite,No,307.30
6119,40,Suite,No,457.66
6120,40,Double,No,195.10
6121,40,Single,No,305.18
6122,40,Double,Yes,455.30
6123,40,Double,Yes,467.50
6124,40,Single,Yes,115.13
6125,40,Suite,No,381.81
6126,40,Single,Yes,366.17
6127,40,Double,No,98.58
6128,40,Single,Yes,293.11
6129,40,Single,No,311.59
6130,40,Single,Yes,281.90
6131,40,Suite,No,453.60
6132,40,Suite,Yes,184.41
6133,40,Double,No,97.25
6134,40,Double,Yes,286.08
6135,40,Single,Yes,88.95
6136,40,Suite,Yes,217.65
6137,40,Double,Yes,366.39
6138,40,Single,Yes,69.15
6139,40,Suite,Yes,215.71
6140,40,Single,Yes,492.66
6141,40,Suite,Yes,206.45
6142,40,Suite,No,111.85
6143,40,Single,Yes,333.79
6144,40,Single,Yes,56.46
6145,40,Single,No,202.25
6146,40,Suite,Yes,303.23
6147,40,Suite,No,205.00
6148,40,Single,No,197.42
6149,40,Double,Yes,57.01
6150,40,Double,No,260.33
6151,40,Suite,No,66.81
6152,40,Suite,No,305.95
6153,40,Single,Yes,459.11
6154,40,Double,Yes,287.33
6155,40,Double,Yes,404.02
6156,40,Suite,No,381.42
6157,40,Single,No,293.96
6158,40,Double,No,246.83
6159,40,Double,No,497.85
6160,40,Double,No,469.65
6161,40,Suite,No,153.84
6162,40,Suite,Yes,462.36
6163,40,Single,No,273.54
6164,40,Double,No,409.73
6165,40,Single,Yes,485.30
6166,40,Suite,Yes,390.75
6167,40,Single,No,260.37
6168,40,Single,Yes,415.35
6169,40,Suite,Yes,88.34
6170,40,Double,No,334.46
6171,40,Double,Yes,174.85
6172,40,Suite,No,492.79
6173,40,Suite,Yes,424.87
6174,40,Double,Yes,200.88
6175,40,Single,No,54.34
6176,40,Double,Yes,439.30
6177,40,Double,No,442.18
6178,40,Suite,No,480.48
6179,40,Suite,Yes,129.73
6180,40,Double,Yes,358.11
6181,40,Suite,No,157.63
6182,40,Single,No,184.97
6183,40,Double,Yes,453.58
6184,40,Double,No,453.17
6185,40,Suite,Yes,301.21
6186,40,Suite,No,444.88
6187,40,Suite,Yes,325.39
6188,40,Double,Yes,413.95
6189,40,Double,Yes,275.83
6190,40,Suite,No,299.19
6191,40,Suite,No,485.38
6192,40,Suite,No,193.16
6193,40,Double,Yes,171.93
6194,40,Double,No,232.90
6195,40,Suite,No,475.09
6196,40,Suite,Yes,368.93
6197,40,Suite,No,122.56
6198,40,Single,Yes,112.34
6199,40,Double,No,427.17
6200,40,Single,No,446.85
6201,40,Suite,Yes,410.73
6202,40,Single,Yes,97.46
6203,40,Double,Yes,298.03
6204,40,Suite,Yes,296.67
6205,40,Single,No,212.78
6206,40,Single,No,176.66
6207,40,Single,No,132.64
6208,40,Suite,Yes,466.77
6209,40,Single,Yes,133.65
6210,40,Suite,No,259.14
6211,40,Single,Yes,387.46
6212,40,Suite,No,367.97
6213,40,Single,No,187.11
6214,40,Double,No,379.08
6215,40,Suite,Yes,414.90
6216,40,Suite,No,424.18
6217,40,Suite,Yes,270.56
6218,40,Suite,Yes,108.61
6219,40,Single,Yes,242.08
6220,40,Single,No,146.74
6221,40,Single,Yes,386.79
6222,40,Suite,Yes,413.21
6223,40,Single,No,179.94
6224,40,Single,Yes,62.96
6225,40,Double,Yes,237.16
6226,40,Single,No,289.01
6227,40,Single,No,270.74
6228,40,Suite,Yes,169.63
6229,40,Double,Yes,142.42
6230,40,Single,No,324.44
6231,40,Suite,Yes,427.51
6232,40,Suite,Yes,399.35
6233,40,Single,Yes,293.22
6234,40,Single,Yes,243.09
6235,40,Suite,No,377.64
6236,40,Single,Yes,165.01
6237,40,Suite,Yes,180.87
6238,40,Single,No,419.97
6239,40,Single,No,107.92
6240,40,Single,No,371.48
6241,40,Suite,Yes,488.01
6242,40,Double,Yes,193.11
6243,40,Single,No,90.42
6244,40,Suite,Yes,456.56
6245,40,Single,No,64.96
6246,40,Suite,Yes,167.49
6247,40,Double,No,307.96
6248,40,Suite,Yes,330.89
6249,40,Suite,No,55.19
6250,40,Single,Yes,210.24
6251,40,Suite,No,429.35
6252,40,Single,No,465.06
6253,40,Single,No,259.31
6254,40,Double,Yes,402.77
6255,40,Single,Yes,373.75
6256,40,Single,No,497.82
6257,40,Single,Yes,265.48
6258,40,Single,No,225.41
6259,40,Suite,Yes,343.50
6260,40,Single,No,355.80
6261,40,Double,Yes,487.12
6262,40,Suite,Yes,95.70
6263,40,Single,No,440.55
6264,40,Suite,Yes,376.34
6265,40,Double,Yes,405.43
6266,40,Single,No,63.88
6267,40,Suite,Yes,373.55
6268,40,Double,No,284.73
6269,40,Single,Yes,374.14
6270,40,Single,Yes,377.27
6271,40,Double,No,128.03
6272,40,Suite,No,85.60
6273,40,Double,Yes,336.89
6274,40,Suite,Yes,156.08
6275,40,Single,No,147.96
6276,40,Double,No,291.39
6277,40,Double,Yes,200.88
6278,40,Double,Yes,318.86
6279,41,Double,Yes,407.87
6280,41,Double,Yes,360.26
6281,41,Suite,Yes,344.14
6282,41,Double,No,57.40
6283,41,Single,Yes,350.42
6284,41,Double,No,323.37
6285,41,Double,Yes,280.48
6286,41,Double,No,381.76
6287,41,Single,No,421.17
6288,41,Single,No,232.02
6289,41,Single,Yes,279.96
6290,41,Single,Yes,214.46
6291,41,Double,No,216.92
6292,41,Suite,No,434.34
6293,41,Suite,Yes,81.97
6294,41,Single,No,306.76
6295,41,Suite,No,148.57
6296,41,Double,No,374.21
6297,41,Suite,No,117.69
6298,41,Double,No,151.77
6299,41,Single,No,498.49
6300,41,Suite,No,364.90
6301,41,Single,Yes,231.06
6302,41,Suite,No,407.07
6303,41,Suite,No,105.13
6304,41,Single,Yes,424.39
6305,41,Suite,Yes,174.46
6306,41,Suite,No,432.12
6307,41,Double,Yes,144.07
6308,41,Double,No,89.79
6309,41,Suite,Yes,345.11
6310,41,Single,Yes,297.56
6311,41,Double,Yes,254.39
6312,41,Suite,Yes,243.70
6313,41,Double,Yes,498.71
6314,41,Double,No,452.51
6315,41,Suite,No,71.93
6316,41,Single,Yes,63.71
6317,41,Single,No,145.72
6318,41,Single,Yes,57.22
6319,41,Suite,No,147.60
6320,41,Double,No,111.82
6321,41,Single,Yes,133.32
6322,41,Double,No,160.26
6323,41,Single,Yes,239.50
6324,41,Single,No,354.93
6325,41,Single,Yes,126.94
6326,41,Double,Yes,491.14
6327,41,Double,Yes,65.43
6328,41,Single,Yes,77.41
6329,41,Suite,Yes,332.93
6330,41,Double,No,98.07
6331,41,Suite,Yes,307.32
6332,41,Single,No,327.57
6333,41,Double,Yes,252.01
6334,41,Suite,No,197.99
6335,41,Double,No,286.30
6336,41,Single,No,290.17
6337,41,Single,No,384.53
6338,41,Single,Yes,489.50
6339,41,Single,No,179.19
6340,41,Double,Yes,365.81
6341,41,Single,Yes,273.99
6342,41,Suite,No,170.04
6343,41,Single,No,177.42
6344,41,Suite,No,328.18
6345,42,Suite,No,299.38
6346,42,Suite,No,380.74
6347,42,Double,Yes,444.68
6348,42,Suite,No,57.58
6349,42,Double,No,284.72
6350,42,Double,No,138.71
6351,42,Double,No,234.11
6352,42,Double,Yes,255.74
6353,42,Suite,No,224.57
6354,42,Double,No,71.54
6355,42,Suite,Yes,189.16
6356,42,Suite,No,374.88
6357,42,Suite,No,285.12
6358,42,Double,Yes,428.94
6359,42,Suite,Yes,312.83
6360,42,Double,Yes,424.36
6361,42,Double,No,129.33
6362,42,Single,Yes,309.03
6363,42,Single,No,372.34
6364,42,Single,Yes,208.32
6365,42,Single,No,128.05
6366,42,Single,No,238.22
6367,42,Suite,Yes,260.12
6368,42,Single,No,144.26
6369,42,Suite,Yes,392.41
6370,42,Double,No,175.21
6371,42,Single,Yes,71.52
6372,42,Double,No,283.07
6373,42,Double,No,166.68
6374,42,Suite,No,322.04
6375,42,Suite,Yes,156.78
6376,42,Suite,No,334.21
6377,42,Suite,No,98.65
6378,42,Double,Yes,483.84
6379,42,Double,No,318.24
6380,42,Double,Yes,303.95
6381,42,Single,Yes,323.97
6382,42,Suite,No,291.16
6383,42,Single,No,460.87
6384,42,Suite,Yes,305.04
6385,42,Suite,No,453.18
6386,42,Double,Yes,178.05
6387,42,Suite,Yes,95.92
6388,42,Double,No,116.55
6389,42,Suite,Yes,465.67
6390,42,Single,Yes,439.39
6391,42,Double,No,93.30
6392,42,Double,Yes,417.16
6393,42,Double,No,492.91
6394,42,Suite,Yes,379.76
6395,42,Single,No,134.72
6396,42,Single,No,445.31
6397,42,Suite,No,93.84
6398,42,Double,No,398.60
6399,42,Suite,Yes,66.45
6400,42,Single,No,350.48
6401,42,Single,Yes,382.94
6402,42,Double,No,350.90
6403,42,Single,No,456.75
6404,42,Single,Yes,272.90
6405,42,Suite,Yes,360.36
6406,42,Suite,Yes,230.24
6407,42,Single,No,499.99
6408,42,Double,No,142.17
6409,42,Single,Yes,450.68
6410,42,Single,Yes,492.29
6411,42,Double,Yes,366.96
6412,42,Suite,No,496.62
6413,42,Double,No,307.26
6414,42,Single,Yes,304.91
6415,42,Single,Yes,251.75
6416,42,Suite,No,114.58
6417,42,Single,Yes,448.36
6418,42,Double,No,210.55
6419,42,Suite,No,291.14
6420,42,Single,Yes,103.77
6421,42,Double,No,57.47
6422,42,Suite,No,287.22
6423,42,Double,No,228.18
6424,42,Suite,Yes,333.49
6425,42,Single,Yes,345.01
6426,42,Suite,Yes,56.88
6427,42,Suite,Yes,494.18
6428,42,Single,No,53.93
6429,42,Single,Yes,75.76
6430,42,Double,No,193.53
6431,42,Single,Yes,115.26
6432,42,Single,Yes,51.91
6433,42,Suite,Yes,287.14
6434,42,Double,No,189.97
6435,42,Single,Yes,103.26
6436,42,Double,Yes,302.05
6437,42,Double,No,315.12
6438,42,Suite,No,491.64
6439,42,Double,Yes,476.79
6440,42,Suite,No,180.80
6441,42,Suite,No,453.49
6442,42,Suite,Yes,207.00
6443,42,Suite,Yes,424.65
6444,42,Single,Yes,489.58
6445,42,Suite,No,143.47
6446,42,Double,No,262.75
6447,42,Suite,No,362.37
6448,42,Double,No,347.21
6449,42,Single,Yes,133.32
6450,42,Single,No,375.35
6451,42,Double,No,165.83
6452,42,Single,Yes,79.76
6453,42,Suite,Yes,432.41
6454,42,Suite,Yes,331.53
6455,42,Double,Yes,153.22
6456,42,Single,No,456.18
6457,42,Suite,No,187.63
6458,42,Single,Yes,183.30
6459,42,Double,Yes,175.13
6460,42,Single,No,481.91
6461,42,Suite,Yes,184.23
6462,42,Single,No,444.14
6463,42,Suite,No,370.27
6464,42,Double,Yes,71.85
6465,42,Suite,No,223.01
6466,42,Single,No,385.83
6467,42,Suite,Yes,260.44
6468,42,Double,Yes,417.95
6469,42,Single,Yes,401.47
6470,42,Double,No,450.46
6471,42,Suite,Yes,480.68
6472,42,Suite,Yes,136.81
6473,42,Suite,No,92.61
6474,42,Single,Yes,446.47
6475,42,Single,No,492.52
6476,42,Double,No,227.74
6477,42,Suite,No,108.09
6478,42,Suite,Yes,354.43
6479,42,Double,No,232.17
6480,42,Suite,No,208.39
6481,42,Suite,No,370.87
6482,42,Single,Yes,180.23
6483,42,Double,No,382.97
6484,42,Suite,No,161.59
6485,42,Suite,Yes,301.37
6486,42,Single,Yes,291.71
6487,42,Single,Yes,244.42
6488,42,Suite,Yes,392.56
6489,42,Double,Yes,216.40
6490,42,Single,Yes,322.78
6491,42,Suite,No,92.77
6492,42,Suite,Yes,430.57
6493,42,Double,No,469.37
6494,42,Double,No,309.97
6495,42,Suite,Yes,124.21
6496,42,Suite,Yes,266.72
6497,42,Single,Yes,296.81
6498,42,Single,No,308.21
6499,42,Suite,No,152.63
6500,42,Single,Yes,342.93
6501,42,Single,No,452.59
6502,42,Suite,Yes,147.62
6503,42,Double,No,463.61
6504,42,Suite,Yes,269.88
6505,42,Double,No,438.15
6506,42,Single,Yes,80.52
6507,42,Double,Yes,476.66
6508,42,Suite,Yes,277.20
6509,42,Double,No,383.17
6510,42,Single,No,343.58
6511,42,Single,Yes,419.48
6512,42,Double,Yes,196.90
6513,42,Suite,No,215.87
6514,42,Single,Yes,279.35
6515,42,Suite,No,87.16
6516,42,Suite,No,64.85
6517,42,Single,Yes,462.24
6518,42,Suite,No,214.67
6519,42,Suite,No,498.85
6520,42,Single,Yes,285.36
6521,42,Double,No,270.12
6522,42,Single,Yes,257.41
6523,42,Double,No,267.45
6524,42,Double,No,388.69
6525,42,Suite,No,57.76
6526,42,Suite,Yes,412.04
6527,42,Single,Yes,202.88
6528,42,Single,Yes,284.70
6529,42,Double,Yes,410.47
6530,42,Single,No,231.76
6531,42,Double,No,327.34
6532,42,Single,No,415.40
6533,42,Single,No,444.37
6534,42,Single,No,416.73
6535,42,Suite,No,90.54
6536,42,Double,Yes,364.18
6537,42,Suite,Yes,137.24
6538,42,Suite,Yes,234.43
6539,42,Double,Yes,305.28
6540,42,Suite,No,428.91
6541,42,Single,No,385.15
6542,43,Suite,No,469.40
6543,43,Double,No,191.07
6544,43,Suite,No,314.98
6545,43,Single,No,497.07
6546,43,Single,No,148.00
6547,43,Double,No,79.47
6548,43,Suite,Yes,414.83
6549,43,Double,Yes,352.18
6550,43,Suite,No,210.60
6551,43,Suite,No,447.59
6552,43,Single,Yes,372.98
6553,43,Suite,Yes,59.55
6554,43,Double,No,228.06
6555,43,Suite,Yes,346.79
6556,43,Double,Yes,380.66
6557,43,Double,No,186.33
6558,43,Double,No,211.92
6559,43,Double,No,436.50
6560,43,Single,No,388.66
6561,43,Suite,No,173.14
6562,43,Suite,Yes,352.45
6563,43,Single,No,65.05
6564,43,Double,No,436.91
6565,43,Double,Yes,242.86
6566,43,Suite,Yes,101.78
6567,43,Double,Yes,336.22
6568,43,Suite,Yes,398.09
6569,43,Double,No,347.51
6570,43,Single,Yes,376.82
6571,43,Suite,No,338.04
6572,43,Suite,No,95.13
6573,43,Double,Yes,335.47
6574,43,Suite,Yes,424.13
6575,43,Single,Yes,402.69
6576,43,Single,Yes,54.77
6577,43,Double,No,205.23
6578,43,Double,Yes,183.00
6579,43,Double,Yes,142.64
6580,43,Suite,No,446.56
6581,43,Single,No,319.65
6582,43,Double,No,210.36
6583,43,Single,Yes,426.74
6584,43,Single,No,274.82
6585,43,Double,Yes,235.88
6586,43,Suite,No,78.66
6587,43,Single,Yes,155.88
6588,43,Suite,No,116.62
6589,43,Single,No,191.73
6590,43,Suite,Yes,210.85
6591,43,Double,No,425.88
6592,43,Suite,Yes,453.86
6593,43,Double,No,423.67
6594,43,Single,Yes,363.35
6595,43,Single,Yes,220.68
6596,43,Suite,No,237.22
6597,43,Double,No,381.78
6598,43,Single,Yes,86.85
6599,43,Double,No,94.49
6600,43,Double,No,272.44
6601,43,Single,Yes,482.09
6602,43,Double,Yes,138.39
6603,43,Single,Yes,486.33
6604,43,Single,Yes,118.17
6605,43,Suite,No,380.06
6606,43,Double,Yes,414.77
6607,43,Suite,Yes,165.81
6608,43,Double,No,95.87
6609,43,Suite,Yes,138.69
6610,43,Suite,No,328.43
6611,43,Double,No,355.88
6612,43,Suite,No,114.42
6613,43,Suite,Yes,173.03
6614,43,Double,Yes,473.26
6615,43,Double,Yes,423.94
6616,43,Single,Yes,257.50
6617,43,Double,Yes,424.52
6618,43,Suite,No,357.31
6619,43,Double,Yes,224.84
6620,43,Suite,No,432.27
6621,43,Suite,Yes,392.40
6622,43,Single,No,479.96
6623,43,Single,Yes,449.04
6624,43,Single,No,167.20
6625,43,Single,Yes,292.37
6626,43,Suite,No,343.19
6627,43,Double,No,378.78
6628,43,Suite,No,306.66
6629,43,Double,Yes,54.88
6630,43,Suite,No,54.33
6631,43,Double,No,282.17
6632,43,Suite,No,66.95
6633,43,Single,Yes,456.34
6634,43,Single,No,135.05
6635,43,Single,Yes,139.37
6636,43,Suite,No,322.37
6637,43,Single,No,272.55
6638,43,Suite,Yes,471.16
6639,43,Double,Yes,473.10
6640,43,Single,No,223.51
6641,43,Single,Yes,71.89
6642,43,Single,No,332.97
6643,43,Double,No,336.88
6644,43,Single,No,96.01
6645,43,Double,No,417.11
6646,43,Single,No,444.25
6647,43,Suite,Yes,50.89
6648,43,Double,No,327.88
6649,43,Suite,Yes,188.38
6650,43,Suite,Yes,358.53
6651,43,Single,Yes,457.00
6652,43,Suite,No,232.13
6653,43,Double,No,354.11
6654,43,Double,No,425.51
6655,43,Double,No,432.12
6656,43,Suite,Yes,399.08
6657,43,Single,Yes,350.44
6658,43,Double,Yes,407.52
6659,43,Double,Yes,383.52
6660,43,Double,No,220.84
6661,43,Single,Yes,223.72
6662,43,Suite,Yes,63.68
6663,43,Suite,No,60.88
6664,43,Suite,No,328.66
6665,43,Single,No,295.79
6666,43,Suite,Yes,290.50
6667,43,Suite,Yes,128.55
6668,43,Double,Yes,433.76
6669,43,Single,Yes,70.45
6670,43,Suite,Yes,332.03
6671,43,Single,No,87.89
6672,43,Double,Yes,267.99
6673,43,Single,Yes,342.70
6674,43,Double,No,306.95
6675,43,Double,No,497.40
6676,43,Suite,Yes,284.57
6677,43,Double,Yes,498.62
6678,43,Suite,Yes,342.89
6679,43,Double,Yes,207.63
6680,43,Single,Yes,454.63
6681,43,Single,Yes,239.27
6682,43,Suite,Yes,384.80
6683,43,Suite,Yes,427.37
6684,43,Suite,No,464.97
6685,43,Suite,No,353.48
6686,43,Suite,No,285.05
6687,43,Suite,No,343.40
6688,43,Suite,Yes,184.30
6689,43,Suite,No,462.37
6690,43,Single,No,190.73
6691,43,Single,Yes,437.17
6692,43,Double,Yes,187.50
6693,43,Suite,No,248.57
6694,43,Single,No,188.21
6695,43,Suite,Yes,415.36
6696,43,Suite,No,427.17
6697,43,Double,No,408.77
6698,43,Double,No,184.77
6699,43,Single,No,457.80
6700,43,Double,Yes,83.72
6701,43,Suite,No,283.92
6702,43,Single,No,441.31
6703,43,Suite,Yes,425.84
6704,43,Single,Yes,223.12
6705,43,Suite,Yes,306.20
6706,44,Single,Yes,410.35
6707,44,Double,No,352.63
6708,44,Single,No,179.50
6709,44,Double,No,337.81
6710,44,Single,No,337.40
6711,44,Suite,Yes,310.17
6712,44,Suite,Yes,143.54
6713,44,Suite,No,205.13
6714,44,Suite,No,198.46
6715,44,Single,Yes,493.00
6716,44,Single,No,387.09
6717,44,Suite,Yes,323.57
6718,44,Single,No,235.75
6719,44,Double,No,229.85
6720,44,Double,No,216.61
6721,44,Suite,Yes,432.15
6722,44,Double,Yes,167.07
6723,44,Double,Yes,125.94
6724,44,Single,No,256.79
6725,44,Single,Yes,489.91
6726,44,Suite,No,306.92
6727,44,Double,Yes,53.37
6728,44,Single,Yes,482.63
6729,44,Double,Yes,453.60
6730,44,Suite,No,443.97
6731,44,Suite,No,91.34
6732,44,Double,Yes,185.28
6733,44,Single,Yes,480.61
6734,44,Suite,No,129.81
6735,44,Suite,Yes,51.89
6736,44,Single,No,201.03
6737,44,Suite,No,229.66
6738,44,Suite,No,297.69
6739,44,Single,No,266.44
6740,44,Suite,No,66.00
6741,44,Double,No,266.87
6742,44,Single,No,240.50
6743,44,Suite,No,190.84
6744,44,Single,Yes,313.34
6745,44,Double,No,410.52
6746,44,Double,No,220.84
6747,44,Single,No,240.70
6748,44,Single,No,220.63
6749,44,Suite,No,64.86
6750,44,Suite,Yes,180.33
6751,44,Double,Yes,335.72
6752,44,Suite,No,372.29
6753,44,Double,No,205.86
6754,44,Suite,No,226.76
6755,44,Suite,Yes,406.28
6756,44,Single,No,478.58
6757,44,Double,No,379.58
6758,44,Suite,No,487.81
6759,44,Double,No,439.36
6760,44,Double,No,353.41
6761,44,Single,No,135.45
6762,44,Suite,No,212.57
6763,44,Double,No,228.13
6764,44,Suite,Yes,183.65
6765,44,Single,No,163.29
6766,44,Suite,No,249.61
6767,44,Double,No,427.54
6768,44,Suite,Yes,280.64
6769,44,Single,No,260.36
6770,44,Single,Yes,409.36
6771,44,Suite,No,448.57
6772,44,Single,Yes,461.22
6773,44,Single,No,299.18
6774,44,Suite,No,398.79
6775,44,Single,No,67.39
6776,44,Suite,Yes,354.76
6777,44,Suite,No,175.14
6778,44,Single,Yes,465.63
6779,44,Double,Yes,380.64
6780,44,Single,No,99.41
6781,44,Suite,No,82.97
6782,44,Single,Yes,142.39
6783,44,Suite,No,223.03
6784,44,Single,No,410.16
6785,44,Suite,No,254.01
6786,44,Double,Yes,383.54
6787,44,Double,Yes,256.73
6788,44,Suite,No,498.69
6789,44,Double,No,270.34
6790,44,Single,Yes,77.56
6791,44,Double,Yes,490.94
6792,44,Single,Yes,86.11
6793,44,Single,Yes,473.30
6794,44,Double,Yes,62.97
6795,44,Single,Yes,171.03
6796,44,Double,Yes,172.14
6797,44,Single,No,62.04
6798,45,Single,Yes,375.48
6799,45,Suite,Yes,175.48
6800,45,Suite,No,268.63
6801,45,Suite,Yes,110.03
6802,45,Suite,Yes,84.18
6803,45,Single,Yes,292.70
6804,45,Single,No,322.75
6805,45,Single,No,340.23
6806,45,Single,Yes,63.17
6807,45,Double,No,358.23
6808,45,Suite,No,352.14
6809,45,Double,No,125.56
6810,45,Single,No,482.69
6811,45,Suite,Yes,373.66
6812,45,Single,No,405.30
6813,45,Single,Yes,369.02
6814,45,Suite,Yes,152.80
6815,45,Double,Yes,211.66
6816,45,Suite,Yes,400.48
6817,45,Single,Yes,128.62
6818,45,Single,No,368.22
6819,45,Single,No,234.86
6820,45,Double,Yes,113.52
6821,45,Suite,No,140.81
6822,45,Double,No,157.69
6823,45,Single,No,139.73
6824,45,Suite,Yes,406.16
6825,45,Single,Yes,347.29
6826,45,Single,No,438.68
6827,45,Double,Yes,330.70
6828,45,Suite,No,388.45
6829,45,Suite,No,487.38
6830,45,Suite,Yes,93.24
6831,45,Double,Yes,405.42
6832,45,Double,No,309.38
6833,45,Suite,Yes,410.52
6834,45,Suite,No,376.87
6835,45,Suite,Yes,380.12
6836,45,Double,Yes,246.95
6837,45,Suite,No,376.81
6838,45,Suite,Yes,440.60
6839,45,Suite,Yes,75.13
6840,45,Single,No,156.34
6841,45,Double,No,443.64
6842,45,Double,Yes,296.68
6843,45,Suite,Yes,206.10
6844,45,Double,No,137.80
6845,45,Single,Yes,185.26
6846,45,Suite,Yes,371.01
6847,45,Single,No,362.51
6848,45,Double,Yes,102.51
6849,45,Double,No,355.31
6850,45,Double,Yes,262.63
6851,45,Suite,No,321.87
6852,45,Double,No,449.69
6853,45,Double,No,452.49
6854,45,Suite,Yes,227.67
6855,45,Double,No,249.16
6856,45,Double,Yes,359.02
6857,45,Single,No,79.46
6858,45,Single,Yes,395.49
6859,45,Single,No,399.27
6860,45,Double,Yes,199.14
6861,45,Single,No,77.65
6862,45,Single,Yes,297.06
6863,45,Double,Yes,392.61
6864,45,Suite,Yes,492.39
6865,45,Suite,No,289.53
6866,45,Single,No,424.45
6867,45,Single,No,83.84
6868,45,Single,Yes,178.98
6869,45,Suite,Yes,185.99
6870,45,Suite,No,202.77
6871,45,Single,No,166.06
6872,45,Double,No,209.94
6873,45,Suite,No,385.43
6874,45,Suite,No,125.57
6875,45,Single,Yes,486.28
6876,45,Suite,No,448.18
6877,45,Single,No,468.41
6878,45,Double,Yes,218.69
6879,45,Double,Yes,461.65
6880,45,Double,Yes,261.85
6881,45,Double,No,257.47
6882,45,Double,Yes,391.07
6883,45,Suite,Yes,400.09
6884,45,Double,Yes,352.00
6885,45,Double,No,85.45
6886,45,Suite,No,142.06
6887,45,Double,Yes,87.02
6888,45,Suite,Yes,184.88
6889,45,Single,Yes,257.27
6890,45,Double,No,156.30
6891,45,Single,No,226.97
6892,45,Suite,No,110.91
6893,45,Suite,Yes,284.18
6894,45,Double,Yes,373.24
6895,45,Double,Yes,334.77
6896,45,Suite,No,367.78
6897,45,Double,No,484.34
6898,45,Double,No,285.11
6899,45,Double,Yes,334.54
6900,45,Suite,No,498.53
6901,45,Suite,Yes,83.69
6902,45,Single,No,364.37
6903,45,Suite,No,69.62
6904,45,Suite,No,459.72
6905,45,Double,Yes,340.08
6906,45,Double,No,284.79
6907,45,Suite,Yes,443.46
6908,45,Double,No,229.68
6909,45,Double,No,246.35
6910,45,Double,Yes,430.30
6911,45,Single,Yes,354.94
6912,45,Double,Yes,478.98
6913,45,Suite,Yes,440.71
6914,45,Single,No,456.39
6915,45,Suite,Yes,297.02
6916,45,Suite,Yes,181.26
6917,45,Single,No,355.43
6918,45,Double,No,222.41
6919,45,Single,Yes,84.97
6920,45,Double,Yes,245.61
6921,45,Suite,Yes,109.66
6922,45,Double,Yes,317.77
6923,45,Single,No,267.51
6924,45,Suite,Yes,62.33
6925,45,Suite,Yes,233.00
6926,45,Single,No,306.20
6927,45,Double,Yes,222.67
6928,45,Double,No,378.16
6929,45,Double,No,425.82
6930,45,Single,No,189.21
6931,45,Suite,No,161.49
6932,45,Double,No,405.76
6933,45,Suite,Yes,386.32
6934,45,Double,Yes,140.87
6935,45,Double,Yes,467.82
6936,45,Suite,No,388.95
6937,45,Single,No,133.08
6938,45,Single,No,137.01
6939,45,Suite,No,434.66
6940,45,Double,Yes,331.06
6941,45,Single,Yes,184.90
6942,45,Single,Yes,71.68
6943,45,Single,Yes,184.61
6944,45,Suite,Yes,378.48
6945,45,Double,Yes,243.30
6946,45,Single,Yes,62.49
6947,45,Single,No,492.59
6948,45,Suite,Yes,182.38
6949,45,Single,Yes,71.31
6950,45,Double,No,498.78
6951,45,Suite,Yes,215.39
6952,45,Double,No,79.71
6953,45,Single,Yes,154.50
6954,45,Single,No,204.60
6955,45,Double,Yes,211.58
6956,45,Double,No,108.02
6957,45,Double,Yes,102.39
6958,45,Suite,No,351.50
6959,45,Single,No,193.38
6960,45,Double,Yes,204.59
6961,45,Double,Yes,496.80
6962,46,Double,Yes,186.90
6963,46,Single,Yes,171.60
6964,46,Suite,Yes,159.67
6965,46,Suite,Yes,281.86
6966,46,Single,No,79.32
6967,46,Suite,No,213.30
6968,46,Suite,Yes,147.73
6969,46,Single,Yes,413.62
6970,46,Suite,Yes,300.96
6971,46,Single,No,50.93
6972,46,Suite,No,112.67
6973,46,Suite,Yes,236.85
6974,46,Suite,Yes,209.84
6975,46,Double,No,476.63
6976,46,Suite,No,147.27
6977,46,Double,No,307.85
6978,46,Suite,No,468.99
6979,46,Double,No,386.13
6980,46,Single,No,341.10
6981,46,Single,Yes,379.13
6982,46,Double,Yes,173.95
6983,46,Single,No,314.72
6984,46,Double,No,457.81
6985,46,Single,Yes,123.81
6986,46,Single,No,266.82
6987,46,Suite,Yes,131.44
6988,46,Double,Yes,179.18
6989,46,Suite,No,282.64
6990,46,Single,Yes,117.13
6991,46,Suite,No,166.08
6992,46,Single,No,66.91
6993,46,Suite,Yes,113.23
6994,46,Single,Yes,449.98
6995,46,Single,Yes,464.52
6996,46,Single,Yes,221.62
6997,46,Single,No,203.07
6998,46,Suite,No,435.76
6999,46,Double,No,79.37
7000,46,Double,Yes,244.07
7001,46,Double,No,284.88
7002,46,Single,No,442.18
7003,46,Suite,Yes,226.67
7004,46,Single,No,339.49
7005,46,Single,No,180.47
7006,46,Double,No,453.64
7007,46,Suite,No,197.23
7008,46,Single,Yes,144.78
7009,46,Single,Yes,179.30
7010,46,Double,No,166.99
7011,46,Suite,Yes,186.15
7012,46,Single,No,115.74
7013,46,Single,No,408.51
7014,46,Single,No,314.82
7015,46,Double,No,394.50
7016,46,Suite,No,225.78
7017,46,Suite,Yes,143.73
7018,46,Single,No,178.93
7019,46,Double,Yes,164.27
7020,46,Double,No,88.50
7021,46,Single,No,379.63
7022,46,Suite,Yes,465.08
7023,46,Double,Yes,260.13
7024,46,Double,No,224.74
7025,46,Single,No,202.39
7026,46,Suite,No,195.47
7027,46,Suite,Yes,491.83
7028,46,Suite,Yes,406.27
7029,46,Single,Yes,211.15
7030,46,Suite,No,337.45
7031,46,Single,Yes,179.34
7032,46,Suite,No,322.14
7033,46,Single,Yes,200.84
7034,46,Single,Yes,347.65
7035,46,Suite,Yes,289.91
7036,46,Single,No,268.08
7037,46,Suite,Yes,421.09
7038,46,Double,No,299.34
7039,46,Suite,No,133.27
7040,46,Double,Yes,89.76
7041,46,Single,No,394.48
7042,46,Suite,Yes,143.47
7043,46,Double,Yes,188.74
7044,46,Double,Yes,171.26
7045,46,Suite,Yes,298.70
7046,46,Double,Yes,82.36
7047,46,Double,Yes,446.90
7048,46,Double,No,494.52
7049,46,Double,No,85.55
7050,46,Single,Yes,290.77
7051,46,Single,Yes,459.25
7052,46,Double,No,354.37
7053,46,Double,No,116.28
7054,46,Double,Yes,151.28
7055,46,Double,Yes,367.93
7056,46,Single,No,465.37
7057,46,Single,Yes,373.25
7058,46,Suite,No,455.16
7059,46,Suite,Yes,430.47
7060,46,Suite,No,324.46
7061,46,Single,No,469.08
7062,46,Single,No,89.69
7063,46,Double,Yes,111.58
7064,46,Single,Yes,60.77
7065,46,Single,No,163.45
7066,46,Single,Yes,301.51
7067,46,Suite,No,150.66
7068,46,Double,No,470.97
7069,46,Suite,Yes,300.45
7070,46,Suite,No,129.93
7071,46,Double,No,162.07
7072,46,Single,No,326.96
7073,46,Single,No,470.19
7074,46,Suite,No,357.78
7075,46,Suite,No,217.85
7076,46,Single,Yes,483.10
7077,46,Suite,No,140.17
7078,46,Double,Yes,196.53
7079,46,Single,Yes,154.78
7080,46,Suite,Yes,116.22
7081,46,Single,No,448.40
7082,46,Double,No,112.32
7083,46,Single,No,328.00
7084,46,Suite,Yes,334.21
7085,46,Single,No,365.71
7086,46,Double,Yes,153.82
7087,46,Suite,No,136.39
7088,46,Single,Yes,480.43
7089,46,Suite,Yes,256.89
7090,46,Single,Yes,73.41
7091,46,Suite,Yes,460.45
7092,46,Suite,No,299.82
7093,46,Single,No,256.90
7094,46,Single,No,317.54
7095,46,Suite,No,399.71
7096,46,Suite,Yes,434.70
7097,46,Double,Yes,323.87
7098,46,Single,No,156.37
7099,46,Single,Yes,244.03
7100,46,Double,No,145.19
7101,46,Single,Yes,58.75
7102,46,Single,No,412.12
7103,46,Double,Yes,329.74
7104,46,Double,Yes,163.02
7105,46,Single,Yes,97.00
7106,46,Single,No,365.61
7107,46,Suite,Yes,71.38
7108,46,Single,No,429.96
7109,46,Single,Yes,420.58
7110,46,Double,No,484.93
7111,46,Single,Yes,157.92
7112,46,Suite,No,371.28
7113,46,Double,No,180.27
7114,46,Single,No,73.30
7115,46,Single,No,53.23
7116,46,Single,Yes,224.38
7117,46,Double,No,265.21
7118,46,Double,No,262.71
7119,46,Suite,No,199.23
7120,46,Double,Yes,395.85
7121,47,Double,Yes,208.36
7122,47,Single,No,231.61
7123,47,Suite,Yes,167.79
7124,47,Double,Yes,317.98
7125,47,Suite,No,330.85
7126,47,Suite,No,252.91
7127,47,Double,No,307.14
7128,47,Single,Yes,323.00
7129,47,Single,No,268.97
7130,47,Single,No,490.00
7131,47,Suite,Yes,473.66
7132,47,Double,Yes,401.28
7133,47,Double,No,198.64
7134,47,Single,Yes,160.19
7135,47,Suite,No,150.72
7136,47,Suite,Yes,184.15
7137,47,Double,No,478.06
7138,47,Double,No,450.95
7139,47,Single,Yes,413.82
7140,47,Suite,Yes,70.71
7141,47,Suite,No,451.82
7142,47,Double,No,82.06
7143,47,Suite,No,196.55
7144,47,Single,No,398.06
7145,47,Single,No,201.48
7146,47,Single,Yes,213.96
7147,47,Suite,No,281.60
7148,47,Single,Yes,474.66
7149,47,Single,No,157.50
7150,47,Suite,No,420.40
7151,47,Suite,Yes,98.31
7152,47,Single,No,337.27
7153,47,Suite,Yes,225.57
7154,47,Single,No,229.87
7155,47,Suite,Yes,184.29
7156,47,Double,No,351.96
7157,47,Suite,No,411.97
7158,47,Double,Yes,282.13
7159,47,Suite,Yes,359.50
7160,47,Double,No,172.02
7161,47,Double,Yes,244.37
7162,47,Single,No,374.97
7163,47,Double,Yes,229.89
7164,47,Suite,Yes,487.95
7165,47,Double,No,465.40
7166,47,Suite,Yes,233.25
7167,47,Double,Yes,115.75
7168,47,Single,No,463.28
7169,47,Double,No,480.33
7170,47,Double,Yes,136.85
7171,47,Single,Yes,352.59
7172,47,Suite,No,73.95
7173,47,Suite,Yes,66.29
7174,47,Suite,Yes,167.87
7175,47,Single,Yes,334.12
7176,47,Single,Yes,208.69
7177,47,Suite,Yes,333.30
7178,47,Single,No,242.17
7179,47,Single,Yes,156.78
7180,47,Single,No,55.36
7181,47,Suite,Yes,411.34
7182,47,Double,No,451.96
7183,47,Suite,Yes,452.47
7184,47,Single,No,269.12
7185,47,Double,Yes,345.50
7186,47,Single,No,101.14
7187,47,Double,No,176.57
7188,47,Single,Yes,447.30
7189,47,Single,No,165.00
7190,47,Single,Yes,210.90
7191,47,Single,No,100.26
7192,47,Suite,Yes,156.56
7193,47,Suite,No,395.13
7194,47,Double,No,430.61
7195,47,Suite,No,130.56
7196,47,Suite,Yes,324.74
7197,47,Suite,Yes,97.74
7198,47,Double,No,310.24
7199,47,Single,No,120.80
7200,47,Single,Yes,107.18
7201,47,Suite,No,460.89
7202,47,Suite,No,340.21
7203,47,Double,No,446.29
7204,47,Single,No,242.09
7205,47,Suite,Yes,267.10
7206,47,Double,Yes,172.14
7207,47,Double,Yes,210.97
7208,47,Double,No,487.11
7209,47,Single,Yes,457.96
7210,47,Single,Yes,327.03
7211,47,Double,No,118.71
7212,47,Single,Yes,269.82
7213,47,Double,No,481.25
7214,47,Suite,No,365.86
7215,47,Single,No,150.86
7216,47,Double,Yes,490.78
7217,47,Double,Yes,408.35
7218,47,Double,No,474.22
7219,47,Single,No,490.28
7220,47,Suite,Yes,306.98
7221,47,Single,No,359.25
7222,47,Single,Yes,431.73
7223,47,Suite,Yes,183.42
7224,47,Double,No,422.56
7225,47,Suite,Yes,413.66
7226,47,Suite,No,455.30
7227,47,Double,No,224.29
7228,47,Suite,Yes,96.16
7229,47,Double,Yes,132.37
7230,47,Double,Yes,375.00
7231,47,Single,No,84.26
7232,47,Double,No,328.53
7233,47,Double,Yes,227.57
7234,47,Single,No,183.69
7235,47,Suite,No,247.25
7236,47,Double,Yes,248.76
7237,48,Single,No,325.24
7238,48,Suite,Yes,269.67
7239,48,Single,Yes,353.71
7240,48,Double,Yes,492.57
7241,48,Double,No,397.70
7242,48,Double,No,363.67
7243,48,Single,Yes,279.02
7244,48,Double,No,172.03
7245,48,Single,Yes,168.37
7246,48,Single,Yes,372.16
7247,48,Single,No,148.08
7248,48,Single,No,409.72
7249,48,Single,No,65.90
7250,48,Single,Yes,190.17
7251,48,Suite,Yes,317.91
7252,48,Single,Yes,430.33
7253,48,Suite,No,144.67
7254,48,Double,Yes,130.07
7255,48,Double,Yes,486.90
7256,48,Suite,No,151.53
7257,48,Suite,Yes,158.55
7258,48,Suite,No,248.49
7259,48,Double,Yes,317.58
7260,48,Single,Yes,267.40
7261,48,Double,Yes,190.46
7262,48,Single,No,192.02
7263,48,Suite,No,370.32
7264,48,Double,Yes,383.34
7265,48,Single,Yes,361.75
7266,48,Double,Yes,113.09
7267,48,Single,Yes,166.31
7268,48,Double,No,383.52
7269,48,Double,No,139.75
7270,48,Suite,Yes,320.90
7271,48,Suite,No,425.40
7272,48,Double,No,425.91
7273,48,Single,No,339.17
7274,48,Double,Yes,381.83
7275,48,Single,No,111.48
7276,48,Suite,Yes,251.72
7277,48,Double,No,58.97
7278,48,Double,No,155.42
7279,48,Double,No,410.02
7280,48,Single,Yes,300.87
7281,48,Double,No,150.09
7282,48,Double,No,205.19
7283,48,Single,No,255.30
7284,48,Suite,Yes,182.15
7285,48,Suite,No,330.10
7286,48,Double,No,193.45
7287,48,Suite,No,188.10
7288,48,Suite,Yes,223.65
7289,48,Double,Yes,160.33
7290,48,Single,Yes,261.28
7291,48,Double,Yes,205.14
7292,48,Suite,No,135.65
7293,48,Suite,No,303.21
7294,48,Single,Yes,187.47
7295,48,Double,No,473.22
7296,48,Suite,Yes,431.77
7297,48,Single,Yes,412.32
7298,48,Double,No,198.91
7299,48,Double,No,367.38
7300,48,Single,Yes,310.48
7301,48,Single,Yes,349.70
7302,48,Suite,Yes,235.66
7303,48,Double,Yes,264.07
7304,48,Double,No,314.26
7305,48,Single,Yes,418.69
7306,48,Single,No,125.62
7307,48,Single,Yes,167.42
7308,48,Suite,No,145.92
7309,48,Suite,No,451.84
7310,48,Single,No,204.54
7311,48,Single,No,145.72
7312,48,Single,No,78.90
7313,48,Suite,Yes,299.84
7314,48,Single,Yes,142.23
7315,48,Suite,No,259.86
7316,48,Double,No,318.55
7317,48,Double,No,280.89
7318,48,Single,No,196.37
7319,48,Double,No,66.40
7320,48,Single,No,119.87
7321,48,Double,No,326.50
7322,48,Single,No,416.02
7323,48,Suite,No,173.92
7324,48,Double,No,297.25
7325,48,Single,No,380.01
7326,48,Single,Yes,471.18
7327,48,Single,No,354.51
7328,48,Suite,Yes,187.95
7329,48,Single,Yes,104.84
7330,48,Double,Yes,265.26
7331,48,Suite,Yes,474.68
7332,48,Double,Yes,146.03
7333,48,Single,Yes,84.42
7334,48,Suite,Yes,438.81
7335,48,Single,No,63.00
7336,48,Single,No,492.59
7337,48,Suite,No,231.65
7338,48,Double,Yes,228.43
7339,48,Double,Yes,359.33
7340,48,Suite,Yes,66.08
7341,48,Double,No,375.30
7342,48,Suite,Yes,364.93
7343,48,Suite,Yes,87.60
7344,48,Single,Yes,142.52
7345,48,Single,No,337.14
7346,48,Double,No,191.57
7347,48,Suite,Yes,55.11
7348,48,Single,No,412.59
7349,48,Suite,No,350.00
7350,48,Single,Yes,393.96
7351,48,Double,No,249.61
7352,48,Suite,Yes,431.84
7353,48,Single,No,419.57
7354,48,Double,Yes,140.34
7355,48,Single,Yes,261.22
7356,48,Double,No,243.34
7357,48,Suite,No,190.07
7358,48,Double,Yes,113.32
7359,48,Single,No,473.91
7360,48,Single,No,108.69
7361,48,Double,Yes,187.61
7362,48,Double,No,429.95
7363,48,Single,No,368.46
7364,48,Single,Yes,197.89
7365,48,Suite,No,355.85
7366,48,Double,No,351.41
7367,48,Single,Yes,465.26
7368,48,Single,No,168.26
7369,48,Double,Yes,488.60
7370,48,Single,No,365.60
7371,48,Suite,Yes,338.15
7372,48,Suite,No,97.82
7373,48,Double,Yes,83.09
7374,48,Suite,No,470.80
7375,48,Double,No,57.88
7376,48,Suite,Yes,156.69
7377,48,Suite,Yes,476.61
7378,48,Single,Yes,119.74
7379,48,Double,Yes,66.37
7380,48,Double,Yes,401.25
7381,48,Single,No,399.09
7382,48,Double,No,81.59
7383,48,Single,Yes,414.73
7384,48,Suite,No,281.80
7385,48,Suite,Yes,302.34
7386,48,Suite,Yes,449.23
7387,48,Single,No,485.31
7388,48,Suite,Yes,61.19
7389,48,Single,No,222.31
7390,48,Suite,No,103.32
7391,48,Double,Yes,120.41
7392,48,Double,Yes,276.89
7393,48,Suite,Yes,495.43
7394,48,Suite,No,157.07
7395,48,Double,No,280.06
7396,48,Suite,No,56.30
7397,48,Single,No,310.48
7398,48,Single,No,286.34
7399,48,Double,Yes,392.10
7400,48,Single,Yes,143.78
7401,48,Suite,No,71.90
7402,48,Suite,Yes,185.94
7403,48,Double,Yes,352.72
7404,48,Suite,Yes,301.43
7405,48,Single,No,246.99
7406,48,Single,Yes,216.00
7407,48,Double,No,312.77
7408,48,Single,No,435.90
7409,48,Suite,No,88.15
7410,48,Suite,Yes,352.29
7411,48,Single,Yes,394.28
7412,48,Single,No,92.71
7413,48,Single,Yes,361.41
7414,48,Single,Yes,71.69
7415,48,Single,Yes,482.52
7416,48,Single,Yes,58.07
7417,48,Double,Yes,75.94
7418,48,Double,Yes,285.03
7419,48,Double,No,154.27
7420,48,Single,No,152.87
7421,48,Single,No,262.28
7422,48,Single,No,468.70
7423,48,Suite,No,243.30
7424,48,Suite,No,94.89
7425,48,Double,No,321.55
7426,48,Double,No,186.65
7427,48,Single,No,62.17
7428,48,Single,Yes,259.86
7429,48,Single,Yes,202.93
7430,48,Single,No,80.40
7431,48,Single,No,433.93
7432,48,Double,No,475.03
7433,48,Double,No,211.43
7434,48,Suite,Yes,301.94
7435,48,Double,No,252.32
7436,48,Single,Yes,387.59
7437,48,Suite,No,327.42
7438,48,Single,No,185.18
7439,48,Double,Yes,364.10
7440,48,Single,Yes,137.32
7441,48,Double,Yes,437.19
7442,48,Single,Yes,157.94
7443,48,Double,Yes,482.92
7444,48,Single,No,476.16
7445,48,Single,Yes,296.39
7446,48,Double,No,142.28
7447,48,Double,No,115.73
7448,48,Suite,Yes,90.64
7449,48,Double,No,348.96
7450,48,Double,Yes,414.29
7451,48,Double,Yes,288.06
7452,48,Suite,Yes,383.55
7453,48,Suite,Yes,227.13
7454,48,Double,No,343.60
7455,48,Double,Yes,327.95
7456,48,Single,Yes,222.43
7457,48,Single,Yes,321.34
7458,48,Double,Yes,365.34
7459,48,Double,No,444.39
7460,48,Double,No,129.07
7461,48,Single,Yes,132.15
7462,48,Double,No,204.39
7463,48,Single,No,424.42
7464,48,Double,No,175.67
7465,48,Single,No,201.83
7466,48,Single,No,153.47
7467,48,Double,Yes,334.24
7468,48,Single,No,181.83
7469,48,Single,Yes,188.50
7470,48,Suite,No,120.20
7471,48,Suite,No,255.88
7472,48,Single,Yes,461.36
7473,48,Suite,No,199.87
7474,48,Single,Yes,325.94
7475,48,Suite,No,300.28
7476,48,Single,Yes,331.58
7477,48,Single,Yes,337.21
7478,48,Double,No,159.57
7479,48,Suite,No,294.47
7480,48,Single,Yes,50.95
7481,48,Single,Yes,413.62
7482,48,Single,No,477.77
7483,48,Double,Yes,78.62
7484,48,Suite,Yes,306.48
7485,48,Single,Yes,91.18
7486,48,Suite,No,322.05
7487,48,Single,No,479.23
7488,48,Single,No,67.71
7489,48,Suite,No,194.25
7490,48,Double,No,119.15
7491,48,Suite,Yes,276.09
7492,48,Double,Yes,186.74
7493,48,Suite,No,98.54
7494,48,Single,No,85.91
7495,48,Suite,No,465.55
7496,48,Single,No,289.23
7497,48,Single,Yes,287.01
7498,48,Suite,Yes,81.18
7499,48,Suite,No,186.68
7500,48,Suite,No,134.86
7501,48,Double,Yes,222.54
7502,48,Suite,Yes,313.23
7503,48,Single,No,98.74
7504,48,Suite,No,88.93
7505,48,Suite,No,405.01
7506,48,Double,Yes,429.25
7507,48,Single,Yes,387.58
7508,48,Single,No,96.53
7509,48,Suite,No,403.68
7510,48,Single,No,224.61
7511,48,Single,Yes,294.27
7512,48,Double,No,373.39
7513,48,Single,Yes,393.02
7514,48,Double,No,403.31
7515,48,Suite,No,255.12
7516,48,Suite,No,474.86
7517,48,Suite,No,194.74
7518,48,Single,Yes,402.01
7519,48,Suite,No,101.90
7520,48,Suite,No,284.56
7521,48,Single,Yes,252.06
7522,48,Single,No,122.04
7523,48,Single,Yes,136.04
7524,48,Single,Yes,352.69
7525,48,Double,No,300.37
7526,48,Single,No,203.66
7527,49,Suite,No,302.53
7528,49,Suite,Yes,273.29
7529,49,Single,Yes,268.01
7530,49,Single,No,72.08
7531,49,Suite,Yes,64.29
7532,49,Double,No,143.09
7533,49,Suite,Yes,300.94
7534,49,Double,No,342.58
7535,49,Double,No,366.02
7536,49,Double,No,111.09
7537,49,Single,No,493.89
7538,49,Single,No,206.39
7539,49,Suite,Yes,152.14
7540,49,Single,Yes,305.54
7541,49,Double,No,159.19
7542,49,Single,No,60.30
7543,49,Suite,No,145.55
7544,49,Suite,No,459.29
7545,49,Double,Yes,125.05
7546,49,Suite,Yes,276.96
7547,49,Suite,Yes,483.49
7548,49,Single,No,223.99
7549,49,Single,Yes,154.19
7550,49,Single,Yes,325.05
7551,49,Suite,No,465.22
7552,49,Double,No,143.46
7553,49,Single,Yes,150.76
7554,49,Single,Yes,253.59
7555,49,Double,No,262.98
7556,49,Suite,No,108.42
7557,49,Single,No,58.62
7558,49,Suite,Yes,65.56
7559,49,Single,No,435.33
7560,49,Suite,No,70.38
7561,49,Single,Yes,469.09
7562,49,Suite,Yes,208.58
7563,49,Suite,Yes,239.78
7564,49,Double,No,301.65
7565,49,Single,No,492.17
7566,49,Double,No,446.31
7567,49,Suite,No,377.42
7568,49,Suite,No,134.42
7569,49,Suite,Yes,460.87
7570,49,Single,No,76.11
7571,49,Double,No,251.67
7572,49,Single,No,490.17
7573,49,Suite,No,104.16
7574,49,Single,Yes,401.16
7575,49,Single,No,346.76
7576,49,Single,No,305.16
7577,49,Suite,No,470.36
7578,49,Single,No,73.32
7579,49,Suite,No,376.86
7580,49,Double,No,122.43
7581,49,Single,No,279.03
7582,49,Single,No,231.81
7583,49,Single,Yes,271.05
7584,49,Double,Yes,491.20
7585,49,Double,Yes,299.81
7586,49,Single,Yes,392.43
7587,49,Single,Yes,301.07
7588,49,Suite,Yes,413.67
7589,49,Double,Yes,475.70
7590,49,Suite,Yes,157.12
7591,49,Double,Yes,481.56
7592,49,Double,Yes,408.26
7593,49,Single,Yes,57.95
7594,49,Suite,Yes,284.99
7595,49,Double,No,393.09
7596,50,Suite,Yes,244.63
7597,50,Suite,Yes,478.69
7598,50,Double,No,281.99
7599,50,Single,Yes,170.89
7600,50,Single,Yes,318.21
7601,50,Suite,No,337.98
7602,50,Double,No,211.68
7603,50,Double,Yes,490.86
7604,50,Double,No,247.27
7605,50,Suite,No,383.72
7606,50,Double,No,145.63
7607,50,Double,Yes,89.65
7608,50,Double,No,386.75
7609,50,Single,Yes,305.25
7610,50,Single,No,73.25
7611,50,Suite,No,314.98
7612,50,Double,No,126.10
7613,50,Double,Yes,286.00
7614,50,Double,Yes,154.28
7615,50,Single,Yes,72.78
7616,50,Single,No,288.05
7617,50,Double,Yes,353.57
7618,50,Single,No,257.37
7619,50,Double,No,213.98
7620,50,Single,Yes,209.05
7621,50,Double,No,278.99
7622,50,Double,Yes,200.23
7623,50,Double,No,157.12
7624,50,Double,No,201.81
7625,50,Suite,No,339.20
7626,50,Single,Yes,161.00
7627,50,Suite,No,491.07
7628,50,Single,No,420.71
7629,50,Single,Yes,275.68
7630,50,Suite,Yes,341.11
7631,50,Double,Yes,142.51
7632,50,Single,No,427.64
7633,50,Double,No,112.70
7634,50,Double,No,338.48
7635,50,Double,No,383.85
7636,50,Suite,No,373.40
7637,50,Double,Yes,274.85
7638,50,Single,No,365.69
7639,50,Double,Yes,262.14
7640,50,Single,Yes,121.78
7641,50,Double,Yes,249.25
7642,50,Double,Yes,332.12
7643,50,Double,Yes,415.76
7644,50,Single,No,373.72
7645,50,Single,Yes,385.33
7646,50,Suite,Yes,310.53
7647,50,Suite,Yes,384.06
7648,51,Suite,Yes,389.01
7649,51,Double,No,485.17
7650,51,Suite,No,260.34
7651,51,Double,No,465.28
7652,51,Single,Yes,244.28
7653,51,Double,Yes,397.09
7654,51,Double,Yes,188.97
7655,51,Single,Yes,426.01
7656,51,Suite,No,394.93
7657,51,Single,No,166.11
7658,51,Single,Yes,222.95
7659,51,Double,Yes,350.20
7660,51,Suite,No,138.94
7661,51,Double,No,260.88
7662,51,Single,No,250.71
7663,51,Single,No,133.74
7664,51,Suite,No,88.33
7665,51,Single,Yes,405.63
7666,51,Suite,No,124.29
7667,51,Double,No,102.56
7668,51,Single,No,73.31
7669,51,Suite,No,490.55
7670,51,Double,Yes,127.20
7671,51,Single,No,96.25
7672,51,Double,No,59.89
7673,51,Suite,No,408.16
7674,51,Double,Yes,265.17
7675,51,Single,Yes,124.42
7676,51,Double,Yes,461.37
7677,51,Single,Yes,265.55
7678,51,Suite,No,305.06
7679,51,Single,Yes,189.04
7680,51,Suite,No,410.28
7681,51,Double,No,91.97
7682,51,Double,Yes,471.16
7683,51,Single,No,381.26
7684,51,Suite,Yes,143.92
7685,51,Double,Yes,81.88
7686,51,Double,No,360.43
7687,51,Double,No,227.26
7688,51,Suite,Yes,446.46
7689,51,Suite,Yes,157.82
7690,51,Suite,No,405.98
7691,51,Suite,Yes,444.16
7692,51,Single,No,468.18
7693,51,Double,Yes,68.85
7694,51,Single,Yes,204.00
7695,51,Single,No,272.19
7696,51,Single,Yes,252.71
7697,51,Suite,No,357.89
7698,51,Single,Yes,151.65
7699,51,Single,No,369.46
7700,51,Suite,Yes,423.39
7701,51,Double,Yes,196.07
7702,51,Suite,No,103.18
7703,51,Double,Yes,152.09
7704,51,Single,No,117.84
7705,51,Double,Yes,469.76
7706,51,Suite,Yes,57.73
7707,51,Double,No,144.47
7708,51,Suite,No,206.39
7709,51,Single,No,75.54
7710,51,Double,Yes,82.20
7711,51,Double,Yes,164.84
7712,51,Single,Yes,440.03
7713,51,Single,No,212.73
7714,51,Suite,Yes,208.28
7715,51,Suite,Yes,218.85
7716,51,Double,No,233.16
7717,51,Double,Yes,263.79
7718,51,Double,No,326.98
7719,51,Double,No,180.93
7720,51,Suite,Yes,414.81
7721,51,Suite,Yes,113.29
7722,51,Single,No,292.35
7723,51,Suite,Yes,84.39
7724,51,Single,No,319.95
7725,51,Double,Yes,177.42
7726,51,Double,Yes,303.75
7727,51,Single,Yes,284.13
7728,51,Double,Yes,281.74
7729,51,Double,Yes,445.92
7730,51,Suite,No,270.42
7731,51,Double,No,441.77
7732,51,Single,Yes,377.87
7733,51,Double,Yes,410.11
7734,51,Single,Yes,209.60
7735,51,Double,Yes,333.80
7736,51,Single,No,244.55
7737,51,Single,No,62.84
7738,51,Suite,Yes,153.05
7739,51,Double,No,491.35
7740,51,Suite,No,104.30
7741,51,Suite,Yes,238.04
7742,51,Double,Yes,370.33
7743,51,Double,Yes,294.24
7744,51,Single,No,307.67
7745,51,Double,Yes,142.57
7746,51,Double,No,123.87
7747,51,Double,No,283.68
7748,52,Suite,No,368.78
7749,52,Single,Yes,457.98
7750,52,Single,No,399.36
7751,52,Double,Yes,220.44
7752,52,Double,No,350.98
7753,52,Single,No,266.35
7754,52,Double,Yes,279.51
7755,52,Suite,Yes,461.92
7756,52,Double,Yes,137.89
7757,52,Single,Yes,81.87
7758,52,Double,Yes,297.21
7759,52,Single,No,479.25
7760,52,Single,No,116.18
7761,52,Suite,No,195.77
7762,52,Single,No,366.60
7763,52,Suite,No,438.70
7764,52,Double,Yes,289.84
7765,52,Double,Yes,196.60
7766,52,Single,No,421.01
7767,52,Double,No,141.23
7768,52,Suite,Yes,473.66
7769,52,Single,Yes,112.03
7770,52,Double,No,459.80
7771,52,Single,Yes,446.81
7772,52,Double,Yes,460.90
7773,52,Suite,Yes,152.93
7774,52,Double,No,347.17
7775,52,Single,No,155.48
7776,52,Double,No,81.32
7777,52,Double,Yes,431.97
7778,52,Double,No,301.06
7779,52,Suite,Yes,131.66
7780,52,Suite,No,58.78
7781,52,Suite,No,98.79
7782,52,Single,No,459.00
7783,52,Double,No,265.14
7784,52,Double,Yes,475.24
7785,52,Single,Yes,457.52
7786,52,Single,No,409.70
7787,52,Suite,No,95.43
7788,52,Double,No,113.52
7789,52,Double,Yes,405.36
7790,52,Single,No,220.33
7791,52,Suite,No,103.73
7792,52,Single,No,126.97
7793,52,Suite,Yes,191.62
7794,52,Suite,No,76.71
7795,52,Single,No,117.92
7796,52,Single,Yes,304.46
7797,52,Suite,No,195.49
7798,52,Single,Yes,248.12
7799,52,Double,Yes,173.07
7800,52,Suite,Yes,470.50
7801,52,Double,Yes,384.63
7802,52,Double,Yes,206.90
7803,52,Single,Yes,411.76
7804,52,Single,Yes,491.92
7805,52,Double,No,306.13
7806,52,Suite,No,357.21
7807,52,Double,Yes,336.88
7808,52,Suite,Yes,71.84
7809,52,Single,Yes,402.16
7810,52,Double,Yes,423.72
7811,52,Single,Yes,477.08
7812,52,Suite,Yes,243.75
7813,52,Suite,No,146.04
7814,52,Suite,Yes,287.14
7815,52,Suite,Yes,372.67
7816,52,Suite,Yes,186.34
7817,52,Double,No,271.15
7818,52,Double,Yes,408.90
7819,52,Double,Yes,357.68
7820,52,Double,Yes,136.25
7821,52,Single,No,396.99
7822,52,Double,No,377.09
7823,52,Suite,No,142.95
7824,52,Single,Yes,172.97
7825,52,Single,Yes,272.82
7826,52,Suite,No,246.82
7827,52,Single,No,381.00
7828,52,Single,No,63.98
7829,52,Single,No,67.33
7830,52,Double,Yes,403.51
7831,52,Double,Yes,357.47
7832,52,Single,Yes,314.52
7833,52,Single,Yes,304.90
7834,52,Double,No,281.97
7835,52,Double,No,228.93
7836,52,Suite,No,369.80
7837,52,Single,Yes,401.59
7838,52,Suite,Yes,129.40
7839,52,Suite,No,471.52
7840,52,Suite,Yes,413.15
7841,52,Suite,No,486.44
7842,52,Suite,Yes,321.50
7843,52,Double,No,341.22
7844,52,Double,Yes,180.42
7845,52,Double,Yes,497.03
7846,52,Suite,Yes,469.21
7847,52,Single,No,204.11
7848,52,Single,Yes,142.40
7849,52,Suite,Yes,81.20
7850,52,Single,Yes,95.43
7851,52,Single,Yes,311.18
7852,52,Double,Yes,225.84
7853,52,Double,Yes,490.84
7854,52,Suite,No,203.55
7855,52,Single,Yes,211.27
7856,52,Suite,Yes,53.93
7857,52,Double,No,382.37
7858,52,Suite,No,52.15
7859,52,Suite,Yes,269.15
7860,52,Double,No,238.15
7861,52,Suite,Yes,99.12
7862,52,Single,Yes,56.23
7863,53,Suite,No,410.95
7864,53,Double,No,128.06
7865,53,Single,No,122.92
7866,53,Double,Yes,134.20
7867,53,Double,Yes,490.31
7868,53,Double,Yes,52.36
7869,53,Single,No,356.99
7870,53,Suite,No,445.42
7871,53,Suite,Yes,455.07
7872,53,Suite,Yes,380.01
7873,53,Double,No,100.71
7874,53,Double,No,451.01
7875,53,Suite,Yes,83.48
7876,53,Double,Yes,416.59
7877,53,Single,Yes,295.73
7878,53,Double,No,343.82
7879,53,Double,No,162.81
7880,53,Single,No,401.17
7881,53,Suite,No,189.65
7882,53,Suite,No,92.38
7883,53,Double,Yes,378.48
7884,53,Double,No,274.13
7885,53,Suite,Yes,460.08
7886,53,Single,No,52.67
7887,53,Double,No,442.66
7888,53,Single,Yes,58.48
7889,53,Double,No,163.61
7890,53,Single,No,400.84
7891,53,Suite,No,92.42
7892,53,Single,Yes,214.88
7893,53,Single,Yes,214.37
7894,53,Suite,No,199.84
7895,53,Single,No,106.13
7896,53,Suite,No,398.92
7897,53,Single,No,386.87
7898,53,Double,No,467.41
7899,53,Double,Yes,455.94
7900,53,Double,Yes,134.41
7901,53,Double,Yes,429.32
7902,53,Single,No,177.88
7903,53,Double,No,122.10
7904,53,Double,No,488.20
7905,53,Suite,No,351.76
7906,53,Single,No,459.68
7907,53,Single,Yes,112.30
7908,53,Double,Yes,338.77
7909,53,Suite,No,155.26
7910,53,Suite,Yes,296.37
7911,53,Double,No,359.26
7912,53,Single,Yes,97.66
7913,53,Single,Yes,417.77
7914,53,Suite,No,126.03
7915,53,Suite,No,289.30
7916,53,Double,No,461.52
7917,53,Single,No,464.85
7918,53,Double,Yes,387.92
7919,53,Suite,No,119.71
7920,53,Double,No,317.50
7921,53,Single,Yes,285.65
7922,53,Double,No,153.66
7923,53,Suite,Yes,240.12
7924,53,Double,No,400.52
7925,53,Single,No,453.78
7926,53,Suite,No,189.04
7927,53,Suite,No,433.95
7928,53,Double,Yes,172.12
7929,53,Single,No,221.14
7930,53,Suite,Yes,362.18
7931,53,Suite,Yes,110.63
7932,53,Single,No,301.90
7933,53,Single,Yes,494.28
7934,53,Double,No,463.03
7935,53,Single,Yes,182.41
7936,53,Suite,No,247.19
7937,53,Double,Yes,121.15
7938,53,Double,No,396.46
7939,53,Double,No,239.52
7940,53,Single,No,111.09
7941,53,Single,Yes,437.37
7942,53,Suite,Yes,323.50
7943,53,Single,Yes,57.98
7944,53,Double,No,259.77
7945,53,Single,Yes,70.72
7946,53,Single,No,233.91
7947,53,Double,Yes,301.56
7948,53,Double,No,462.27
7949,53,Suite,Yes,267.34
7950,53,Double,No,170.90
7951,53,Suite,Yes,412.92
7952,53,Double,No,285.81
7953,53,Suite,No,235.00
7954,53,Double,No,461.66
7955,53,Double,No,95.34
7956,53,Suite,Yes,408.91
7957,53,Suite,Yes,151.32
7958,53,Single,Yes,50.15
7959,53,Single,No,394.11
7960,53,Double,No,167.72
7961,53,Double,Yes,268.79
7962,53,Single,No,331.37
7963,53,Single,Yes,485.25
7964,53,Double,Yes,385.10
7965,53,Double,No,290.39
7966,53,Single,Yes,108.69
7967,53,Suite,No,200.20
7968,53,Single,No,199.59
7969,53,Single,No,235.08
7970,53,Double,No,271.30
7971,53,Suite,No,312.27
7972,53,Suite,No,224.76
7973,53,Double,No,338.60
7974,53,Single,No,124.62
7975,53,Double,No,274.91
7976,53,Single,No,383.59
7977,53,Suite,No,201.18
7978,53,Double,Yes,82.39
7979,53,Single,No,124.90
7980,53,Double,Yes,373.09
7981,53,Suite,Yes,492.24
7982,53,Double,Yes,243.05
7983,53,Suite,No,449.80
7984,53,Double,No,265.31
7985,53,Single,Yes,393.99
7986,53,Single,Yes,176.10
7987,53,Double,No,51.10
7988,53,Single,No,349.68
7989,53,Double,Yes,445.29
7990,53,Double,No,105.18
7991,53,Double,No,339.77
7992,53,Suite,No,434.99
7993,53,Double,Yes,244.08
7994,53,Single,Yes,252.00
7995,53,Suite,Yes,85.91
7996,53,Suite,No,143.50
7997,53,Suite,No,218.16
7998,53,Double,No,74.43
7999,53,Double,No,113.29
8000,53,Double,Yes,113.88
8001,53,Double,Yes,219.82
8002,53,Single,No,428.01
8003,53,Suite,No,343.69
8004,53,Suite,Yes,372.83
8005,53,Double,No,147.14
8006,53,Single,No,87.86
8007,53,Single,No,222.07
8008,53,Double,No,96.99
8009,53,Suite,Yes,444.39
8010,53,Suite,No,453.32
8011,53,Single,No,492.98
8012,53,Single,No,430.64
8013,53,Single,No,183.39
8014,53,Suite,No,309.32
8015,53,Double,Yes,307.60
8016,53,Single,Yes,151.52
8017,53,Single,No,251.03
8018,53,Suite,Yes,267.07
8019,53,Suite,Yes,332.51
8020,53,Single,No,387.25
8021,53,Single,Yes,199.92
8022,53,Single,Yes,417.05
8023,53,Suite,No,352.28
8024,53,Suite,Yes,455.06
8025,53,Double,No,323.31
8026,53,Double,Yes,190.94
8027,53,Suite,No,396.29
8028,53,Double,Yes,435.04
8029,53,Single,Yes,165.64
8030,53,Double,No,115.38
8031,53,Double,No,429.13
8032,53,Suite,Yes,365.54
8033,53,Double,No,470.20
8034,53,Single,No,140.97
8035,53,Suite,Yes,92.54
8036,53,Suite,Yes,320.56
8037,53,Double,Yes,292.70
8038,53,Suite,Yes,396.06
8039,53,Suite,Yes,80.82
8040,53,Suite,Yes,179.36
8041,53,Suite,Yes,375.72
8042,53,Double,Yes,311.46
8043,53,Suite,Yes,284.46
8044,53,Single,Yes,249.18
8045,53,Double,Yes,228.36
8046,53,Double,No,174.38
8047,53,Suite,Yes,463.73
8048,53,Suite,No,206.71
8049,53,Suite,Yes,177.21
8050,53,Suite,Yes,469.35
8051,53,Suite,No,262.09
8052,53,Suite,No,201.09
8053,53,Double,Yes,118.65
8054,53,Single,No,172.63
8055,53,Double,Yes,221.08
8056,53,Double,Yes,195.96
8057,53,Suite,Yes,331.27
8058,53,Double,Yes,151.52
8059,53,Suite,No,217.23
8060,53,Single,No,205.08
8061,53,Suite,No,158.76
8062,53,Single,Yes,205.42
8063,53,Double,Yes,159.73
8064,53,Double,No,499.49
8065,53,Single,Yes,303.82
8066,53,Single,No,347.94
8067,53,Suite,Yes,400.50
8068,53,Double,No,428.30
8069,53,Single,Yes,494.50
8070,53,Double,No,393.61
8071,53,Double,Yes,165.06
8072,53,Suite,No,243.70
8073,53,Single,Yes,220.07
8074,53,Single,Yes,263.11
8075,53,Double,No,483.83
8076,53,Single,No,238.61
8077,53,Double,No,53.13
8078,53,Double,No,424.19
8079,53,Double,No,157.82
8080,53,Double,No,343.25
8081,53,Single,No,459.54
8082,53,Suite,Yes,220.61
8083,53,Single,No,86.12
8084,53,Single,Yes,446.46
8085,53,Single,No,335.86
8086,53,Single,No,235.40
8087,53,Suite,No,57.28
8088,53,Suite,Yes,371.65
8089,53,Suite,Yes,266.98
8090,53,Suite,No,162.75
8091,53,Double,No,369.76
8092,53,Single,Yes,391.97
8093,53,Double,Yes,133.64
8094,53,Double,No,376.82
8095,53,Suite,No,140.75
8096,53,Double,No,374.90
8097,53,Double,Yes,54.94
8098,53,Suite,Yes,60.22
8099,53,Suite,No,162.00
8100,53,Suite,Yes,454.19
8101,53,Suite,No,444.58
8102,53,Single,Yes,120.07
8103,53,Double,No,187.24
8104,53,Suite,Yes,244.56
8105,53,Single,No,244.41
8106,53,Suite,Yes,338.10
8107,53,Double,Yes,312.80
8108,53,Double,Yes,59.32
8109,53,Single,Yes,449.11
8110,53,Double,Yes,428.72
8111,53,Suite,Yes,194.28
8112,53,Suite,Yes,54.94
8113,53,Single,No,189.12
8114,53,Suite,No,158.05
8115,53,Suite,No,223.44
8116,53,Double,Yes,489.05
8117,53,Single,Yes,361.70
8118,53,Double,Yes,207.49
8119,53,Single,Yes,84.51
8120,53,Double,No,340.44
8121,53,Double,Yes,308.31
8122,53,Double,Yes,265.80
8123,53,Single,No,384.19
8124,53,Single,Yes,477.47
8125,53,Single,No,476.63
8126,53,Single,Yes,203.48
8127,53,Double,No,70.99
8128,53,Double,Yes,481.27
8129,53,Suite,Yes,65.55
8130,53,Suite,Yes,487.35
8131,53,Single,No,358.51
8132,53,Single,No,442.73
8133,53,Suite,No,180.47
8134,53,Suite,No,233.58
8135,53,Suite,No,387.63
8136,53,Double,Yes,383.95
8137,53,Single,Yes,321.08
8138,53,Single,Yes,419.32
8139,53,Suite,Yes,467.45
8140,53,Double,No,454.15
8141,53,Double,No,407.97
8142,53,Double,No,369.86
8143,53,Suite,Yes,409.21
8144,53,Double,No,320.34
8145,53,Single,No,415.56
8146,53,Double,No,58.49
8147,53,Suite,Yes,63.32
8148,53,Single,Yes,249.14
8149,53,Suite,Yes,381.78
8150,53,Suite,No,487.59
8151,53,Double,No,77.38
8152,53,Single,No,384.04
8153,53,Double,Yes,402.16
8154,53,Double,No,325.37
8155,53,Double,No,444.06
8156,53,Single,No,198.90
8157,53,Double,Yes,493.91
8158,53,Single,No,338.69
8159,53,Suite,No,368.65
8160,53,Single,Yes,292.52
8161,53,Single,No,331.52
8162,53,Single,No,106.57
8163,53,Suite,No,55.44
8164,53,Single,No,95.09
8165,53,Single,Yes,386.41
8166,53,Double,No,379.87
8167,53,Single,No,96.36
8168,53,Double,No,484.53
8169,53,Suite,Yes,219.68
8170,53,Double,Yes,143.25
8171,53,Single,Yes,423.15
8172,53,Double,No,240.46
8173,53,Suite,Yes,77.60
8174,53,Double,Yes,402.52
8175,53,Suite,No,447.83
8176,53,Suite,Yes,175.72
8177,53,Single,No,184.90
8178,53,Single,No,209.64
8179,53,Suite,No,186.66
8180,53,Double,No,472.91
8181,53,Double,No,136.40
8182,53,Double,No,340.47
8183,53,Single,Yes,261.86
8184,53,Suite,No,166.68
8185,53,Single,Yes,260.89
8186,53,Single,Yes,164.11
8187,53,Double,No,332.79
8188,53,Suite,Yes,160.11
8189,53,Single,No,357.51
8190,53,Single,Yes,184.52
8191,53,Double,No,422.85
8192,53,Single,No,425.67
8193,53,Double,No,265.99
8194,53,Double,Yes,351.30
8195,53,Suite,Yes,450.45
8196,53,Double,No,473.39
8197,53,Double,No,272.14
8198,53,Suite,No,90.00
8199,53,Suite,Yes,234.01
8200,53,Single,No,52.56
8201,53,Double,Yes,311.88
8202,53,Suite,Yes,463.91
8203,53,Suite,No,348.20
8204,53,Double,No,439.96
8205,53,Single,No,232.56
8206,53,Double,No,174.70
8207,53,Single,No,439.04
8208,53,Double,Yes,280.07
8209,53,Single,Yes,70.35
8210,53,Suite,Yes,205.72
8211,53,Suite,Yes,457.46
8212,53,Double,Yes,97.34
8213,53,Single,No,409.31
8214,53,Suite,No,92.69
8215,53,Suite,Yes,82.01
8216,54,Suite,Yes,379.29
8217,54,Double,No,292.37
8218,54,Single,No,156.47
8219,54,Double,No,438.28
8220,54,Single,Yes,128.35
8221,54,Single,Yes,288.44
8222,54,Double,Yes,287.51
8223,54,Suite,Yes,65.20
8224,54,Single,No,204.97
8225,54,Double,No,438.90
8226,54,Suite,Yes,486.49
8227,54,Suite,No,104.44
8228,54,Single,Yes,238.28
8229,54,Double,Yes,341.61
8230,54,Double,Yes,323.25
8231,54,Suite,No,136.69
8232,54,Single,Yes,487.73
8233,54,Suite,No,312.47
8234,54,Suite,No,259.02
8235,54,Single,Yes,497.19
8236,54,Single,Yes,366.48
8237,54,Suite,No,101.09
8238,54,Suite,No,332.36
8239,54,Single,No,158.77
8240,54,Single,Yes,162.70
8241,54,Double,No,355.34
8242,54,Double,Yes,172.04
8243,54,Double,Yes,293.45
8244,54,Double,No,136.63
8245,54,Double,No,491.67
8246,54,Single,No,347.24
8247,54,Single,No,97.41
8248,54,Suite,Yes,379.60
8249,54,Single,Yes,156.97
8250,54,Single,No,214.24
8251,54,Double,Yes,421.75
8252,54,Single,No,95.02
8253,54,Single,No,454.03
8254,54,Suite,Yes,317.07
8255,54,Single,Yes,218.86
8256,54,Double,Yes,149.27
8257,54,Double,No,282.72
8258,54,Suite,Yes,346.92
8259,54,Double,No,266.93
8260,54,Suite,No,209.36
8261,54,Single,No,471.88
8262,54,Single,Yes,117.88
8263,54,Single,Yes,441.40
8264,54,Double,Yes,376.70
8265,54,Suite,Yes,485.75
8266,54,Single,Yes,141.91
8267,54,Suite,No,236.94
8268,54,Suite,No,495.41
8269,54,Suite,Yes,127.46
8270,54,Suite,Yes,252.17
8271,54,Suite,Yes,184.31
8272,54,Double,Yes,98.89
8273,54,Single,No,97.91
8274,54,Double,Yes,477.12
8275,54,Suite,No,458.31
8276,54,Single,No,64.46
8277,54,Double,No,60.77
8278,54,Double,Yes,300.79
8279,54,Single,No,352.58
8280,54,Suite,No,216.60
8281,54,Single,No,443.82
8282,54,Double,No,86.28
8283,54,Double,No,60.38
8284,54,Suite,Yes,287.23
8285,54,Suite,Yes,306.12
8286,54,Suite,Yes,105.29
8287,54,Suite,Yes,248.36
8288,54,Single,No,297.21
8289,54,Single,No,312.68
8290,54,Suite,Yes,355.32
8291,54,Single,No,218.20
8292,54,Double,Yes,321.81
8293,54,Single,Yes,441.03
8294,54,Suite,No,93.88
8295,54,Double,Yes,125.00
8296,54,Single,No,202.96
8297,54,Suite,No,147.94
8298,54,Single,No,207.39
8299,54,Suite,Yes,349.36
8300,54,Suite,No,397.31
8301,54,Double,Yes,310.95
8302,54,Double,No,474.05
8303,54,Single,No,357.40
8304,54,Single,Yes,486.86
8305,54,Single,Yes,342.42
8306,54,Suite,Yes,320.29
8307,54,Double,No,199.38
8308,54,Single,Yes,230.40
8309,54,Double,Yes,485.91
8310,54,Suite,Yes,378.05
8311,54,Double,Yes,295.98
8312,54,Double,No,202.09
8313,54,Double,Yes,240.48
8314,54,Single,No,461.44
8315,54,Suite,No,359.69
8316,54,Double,Yes,219.99
8317,54,Double,Yes,53.37
8318,54,Single,Yes,112.63
8319,54,Double,Yes,281.44
8320,54,Single,Yes,224.86
8321,54,Single,Yes,485.85
8322,54,Suite,No,205.39
8323,54,Suite,No,204.29
8324,54,Suite,No,74.03
8325,54,Single,Yes,491.45
8326,54,Double,No,379.98
8327,54,Suite,Yes,195.92
8328,54,Double,No,445.21
8329,54,Suite,Yes,274.38
8330,54,Double,Yes,499.21
8331,54,Double,No,351.47
8332,54,Single,No,211.68
8333,54,Single,No,425.35
8334,54,Suite,No,253.95
8335,54,Double,No,280.94
8336,54,Suite,No,414.45
8337,54,Single,No,74.61
8338,54,Double,Yes,349.96
8339,54,Single,Yes,114.99
8340,54,Double,Yes,92.05
8341,54,Single,No,65.16
8342,54,Suite,No,402.56
8343,54,Double,No,259.05
8344,54,Suite,No,306.63
8345,54,Single,Yes,51.62
8346,54,Double,Yes,446.74
8347,54,Double,Yes,398.07
8348,54,Suite,No,379.27
8349,54,Double,Yes,450.88
8350,54,Suite,Yes,116.30
8351,54,Suite,Yes,393.66
8352,54,Double,Yes,402.51
8353,54,Double,No,83.92
8354,54,Double,No,120.24
8355,54,Double,No,413.77
8356,54,Suite,Yes,393.36
8357,54,Double,Yes,79.93
8358,54,Single,No,468.28
8359,54,Double,Yes,192.03
8360,54,Single,No,475.27
8361,54,Single,No,236.93
8362,54,Double,Yes,381.47
8363,54,Single,No,128.51
8364,54,Single,No,282.27
8365,54,Double,No,293.66
8366,54,Suite,No,489.84
8367,54,Suite,No,316.07
8368,54,Double,No,199.15
8369,54,Suite,No,205.97
8370,54,Single,Yes,148.47
8371,54,Single,Yes,135.10
8372,54,Single,No,306.99
8373,54,Double,Yes,245.96
8374,54,Double,Yes,231.53
8375,54,Double,No,177.64
8376,54,Single,No,227.78
8377,54,Double,No,441.54
8378,54,Single,No,90.72
8379,54,Single,Yes,489.87
8380,54,Single,No,352.81
8381,54,Single,Yes,72.61
8382,54,Single,No,495.33
8383,54,Single,No,52.34
8384,54,Suite,No,204.03
8385,54,Suite,Yes,82.59
8386,54,Single,No,461.29
8387,54,Suite,No,390.70
8388,54,Single,Yes,386.25
8389,54,Single,Yes,173.22
8390,54,Suite,Yes,415.14
8391,54,Suite,No,431.42
8392,54,Double,Yes,159.77
8393,54,Suite,No,406.26
8394,54,Single,Yes,108.75
8395,54,Suite,No,386.48
8396,54,Suite,No,418.82
8397,54,Double,Yes,292.72
8398,54,Double,No,381.07
8399,54,Single,No,171.59
8400,54,Double,No,415.88
8401,54,Single,No,448.86
8402,54,Single,Yes,382.75
8403,54,Double,No,400.93
8404,54,Single,Yes,66.56
8405,54,Single,No,214.96
8406,54,Single,Yes,499.08
8407,54,Suite,No,277.71
8408,54,Single,Yes,72.65
8409,54,Double,No,308.37
8410,54,Single,No,238.37
8411,54,Double,Yes,355.28
8412,54,Suite,Yes,252.72
8413,54,Double,No,394.96
8414,54,Suite,Yes,173.41
8415,54,Single,No,485.54
8416,54,Suite,No,419.44
8417,54,Suite,No,477.49
8418,54,Suite,Yes,387.71
8419,54,Double,No,407.39
8420,54,Single,No,316.58
8421,54,Suite,Yes,287.85
8422,54,Single,No,202.37
8423,54,Single,Yes,145.72
8424,54,Suite,Yes,443.19
8425,54,Single,No,368.41
8426,54,Suite,No,226.27
8427,54,Double,No,449.85
8428,54,Double,Yes,139.99
8429,54,Single,No,291.96
8430,54,Double,Yes,243.03
8431,54,Double,Yes,273.95
8432,54,Single,No,74.01
8433,54,Single,No,105.83
8434,54,Single,No,227.88
8435,54,Suite,Yes,149.69
8436,54,Single,No,160.70
8437,54,Single,No,464.56
8438,54,Double,No,118.07
8439,54,Suite,Yes,182.54
8440,54,Double,Yes,392.49
8441,54,Suite,Yes,98.60
8442,54,Single,No,301.73
8443,54,Single,Yes,493.44
8444,54,Suite,No,318.32
8445,54,Double,No,458.53
8446,54,Double,No,289.69
8447,54,Suite,Yes,239.41
8448,54,Suite,No,408.82
8449,54,Double,Yes,295.17
8450,54,Suite,No,88.15
8451,54,Double,Yes,305.71
8452,54,Suite,Yes,163.91
8453,54,Suite,Yes,107.12
8454,54,Double,No,295.79
8455,54,Suite,Yes,92.82
8456,54,Suite,Yes,235.15
8457,54,Suite,Yes,289.11
8458,54,Double,No,348.86
8459,54,Single,No,490.57
8460,54,Double,No,102.46
8461,54,Double,No,432.71
8462,54,Single,Yes,63.86
8463,54,Double,No,298.58
8464,54,Suite,Yes,106.56
8465,54,Single,Yes,208.96
8466,54,Single,Yes,429.24
8467,54,Single,No,221.75
8468,54,Single,Yes,467.09
8469,54,Double,Yes,393.06
8470,54,Suite,Yes,419.20
8471,54,Double,No,430.21
8472,54,Single,Yes,449.48
8473,54,Single,Yes,308.18
8474,54,Suite,No,179.95
8475,54,Suite,No,332.16
8476,54,Double,Yes,327.31
8477,54,Single,No,124.97
8478,54,Double,Yes,187.09
8479,54,Double,Yes,56.09
8480,54,Double,Yes,423.24
8481,54,Double,No,301.28
8482,54,Suite,Yes,144.70
8483,54,Double,No,170.63
8484,54,Suite,No,146.69
8485,54,Single,No,363.34
8486,54,Suite,No,353.46
8487,54,Suite,Yes,218.25
8488,54,Double,Yes,402.95
8489,54,Suite,Yes,70.50
8490,54,Single,No,414.41
8491,54,Suite,No,254.62
8492,54,Suite,Yes,372.34
8493,54,Double,No,196.70
8494,54,Double,No,123.59
8495,54,Single,Yes,162.33
8496,54,Single,No,342.40
8497,54,Single,Yes,222.73
8498,54,Suite,No,229.11
8499,54,Double,No,299.66
8500,54,Single,No,444.60
8501,54,Single,Yes,318.15
8502,54,Suite,Yes,318.46
8503,54,Single,No,371.17
8504,54,Double,Yes,220.40
8505,54,Double,No,204.84
8506,54,Single,No,229.59
8507,54,Suite,No,279.70
8508,54,Single,No,345.59
8509,54,Double,Yes,305.74
8510,54,Single,No,397.27
8511,54,Double,No,220.11
8512,54,Suite,No,115.18
8513,54,Suite,Yes,453.62
8514,54,Single,No,60.01
8515,54,Double,No,499.06
8516,54,Suite,Yes,127.95
8517,54,Suite,No,238.15
8518,54,Double,No,285.46
8519,54,Single,No,405.60
8520,54,Double,No,399.88
8521,54,Suite,No,447.78
8522,54,Single,No,147.10
8523,54,Suite,Yes,374.18
8524,54,Suite,No,451.93
8525,54,Suite,No,66.43
8526,54,Single,Yes,355.31
8527,54,Single,Yes,268.35
8528,54,Double,No,334.99
8529,54,Single,Yes,197.27
8530,54,Single,Yes,206.51
8531,54,Double,Yes,354.76
8532,54,Suite,Yes,269.07
8533,54,Suite,No,149.54
8534,54,Single,No,254.61
8535,54,Suite,Yes,360.33
8536,54,Suite,No,436.39
8537,54,Double,No,162.78
8538,54,Double,Yes,482.38
8539,54,Suite,Yes,326.48
8540,54,Double,Yes,382.10
8541,54,Double,Yes,268.34
8542,54,Single,No,56.63
8543,54,Single,No,105.33
8544,54,Suite,Yes,192.28
8545,54,Suite,No,109.71
8546,54,Suite,No,160.59
8547,54,Suite,Yes,284.59
8548,54,Single,No,308.85
8549,54,Suite,No,74.78
8550,54,Double,Yes,326.88
8551,54,Suite,Yes,367.37
8552,54,Double,Yes,199.20
8553,54,Suite,Yes,399.31
8554,54,Suite,No,405.27
8555,54,Double,No,455.56
8556,54,Single,Yes,78.98
8557,54,Suite,Yes,172.27
8558,54,Single,Yes,67.55
8559,54,Double,Yes,160.92
8560,54,Double,Yes,223.59
8561,54,Single,No,373.49
8562,54,Double,Yes,489.66
8563,54,Single,Yes,365.56
8564,54,Suite,Yes,339.50
8565,54,Double,No,330.61
8566,54,Double,No,486.26
8567,54,Suite,Yes,487.16
8568,54,Double,Yes,350.78
8569,54,Single,Yes,229.64
8570,54,Suite,No,283.00
8571,54,Single,No,144.08
8572,54,Single,Yes,499.74
8573,54,Double,No,353.75
8574,54,Suite,Yes,50.79
8575,54,Single,No,234.03
8576,54,Single,Yes,92.56
8577,54,Double,Yes,367.83
8578,54,Suite,No,114.78
8579,54,Double,Yes,392.03
8580,54,Suite,No,483.52
8581,54,Double,Yes,179.30
8582,54,Single,No,396.13
8583,54,Single,No,61.71
8584,54,Suite,Yes,359.39
8585,54,Double,Yes,378.37
8586,54,Suite,Yes,100.82
8587,55,Double,Yes,363.07
8588,55,Single,No,102.33
8589,55,Double,Yes,346.86
8590,55,Suite,Yes,459.81
8591,55,Single,No,271.17
8592,55,Single,No,123.53
8593,55,Double,Yes,319.10
8594,55,Single,Yes,301.73
8595,55,Double,Yes,160.99
8596,55,Single,Yes,248.64
8597,55,Double,No,249.37
8598,55,Suite,Yes,248.30
8599,55,Suite,No,359.86
8600,55,Single,Yes,412.22
8601,55,Single,Yes,127.03
8602,55,Suite,No,54.05
8603,55,Suite,Yes,353.82
8604,55,Suite,No,186.29
8605,55,Suite,Yes,177.90
8606,55,Single,No,394.80
8607,55,Suite,No,328.98
8608,55,Suite,No,145.16
8609,55,Single,No,263.01
8610,55,Double,No,86.31
8611,55,Single,No,380.55
8612,55,Suite,No,172.18
8613,55,Suite,Yes,401.27
8614,55,Double,No,291.53
8615,55,Suite,Yes,221.66
8616,55,Suite,Yes,408.91
8617,55,Suite,No,400.53
8618,55,Double,Yes,293.98
8619,55,Suite,Yes,70.23
8620,55,Suite,No,240.04
8621,55,Double,Yes,383.10
8622,55,Single,Yes,145.83
8623,55,Single,No,260.52
8624,55,Suite,Yes,370.49
8625,55,Single,Yes,91.85
8626,55,Double,No,93.09
8627,55,Single,No,306.69
8628,55,Double,Yes,73.86
8629,55,Single,Yes,324.38
8630,55,Suite,Yes,475.27
8631,55,Double,No,221.94
8632,55,Double,No,312.58
8633,55,Single,No,80.08
8634,55,Double,Yes,492.58
8635,55,Double,No,101.39
8636,55,Double,Yes,391.58
8637,55,Double,No,83.52
8638,55,Suite,Yes,89.93
8639,55,Double,No,127.54
8640,55,Single,No,294.73
8641,55,Suite,Yes,60.91
8642,55,Suite,No,82.90
8643,55,Single,No,159.44
8644,55,Single,Yes,367.73
8645,55,Suite,Yes,332.51
8646,55,Single,No,339.52
8647,55,Double,No,382.16
8648,55,Double,No,63.47
8649,55,Suite,Yes,169.49
8650,55,Single,Yes,108.66
8651,55,Double,No,370.98
8652,55,Single,Yes,150.70
8653,55,Single,Yes,239.46
8654,55,Double,No,346.36
8655,55,Suite,Yes,306.87
8656,55,Suite,No,393.76
8657,55,Single,No,146.64
8658,55,Double,No,141.83
8659,55,Single,Yes,341.51
8660,55,Double,No,256.79
8661,55,Single,Yes,390.56
8662,55,Suite,No,416.09
8663,55,Suite,Yes,313.67
8664,55,Double,Yes,307.77
8665,55,Double,Yes,329.10
8666,55,Single,No,352.16
8667,55,Double,Yes,139.02
8668,55,Single,No,56.63
8669,55,Single,No,75.28
8670,55,Double,Yes,140.88
8671,55,Single,Yes,167.98
8672,55,Double,No,121.10
8673,55,Suite,No,196.63
8674,55,Double,Yes,472.07
8675,55,Single,Yes,324.74
8676,55,Single,Yes,118.56
8677,55,Single,No,66.27
8678,55,Single,No,77.48
8679,55,Single,No,390.00
8680,55,Single,Yes,56.93
8681,55,Double,No,310.78
8682,55,Suite,Yes,229.32
8683,55,Suite,No,135.90
8684,55,Double,No,483.26
8685,55,Suite,Yes,397.25
8686,55,Single,Yes,187.39
8687,55,Single,No,459.77
8688,55,Double,No,290.42
8689,55,Single,Yes,183.64
8690,55,Suite,Yes,51.69
8691,55,Single,Yes,490.97
8692,55,Single,Yes,332.23
8693,55,Single,No,176.93
8694,55,Double,No,84.05
8695,55,Double,No,57.65
8696,55,Single,No,246.91
8697,55,Double,Yes,484.12
8698,55,Single,No,455.58
8699,55,Single,No,274.29
8700,55,Double,No,359.40
8701,55,Double,No,377.67
8702,55,Double,No,277.53
8703,55,Suite,No,57.64
8704,55,Single,No,383.30
8705,55,Suite,Yes,272.49
8706,55,Double,Yes,124.02
8707,55,Single,No,282.37
8708,55,Single,No,121.45
8709,55,Suite,No,125.91
8710,55,Single,Yes,252.20
8711,55,Suite,Yes,459.22
8712,55,Suite,Yes,331.88
8713,55,Double,No,313.05
8714,55,Suite,No,85.43
8715,55,Double,Yes,245.65
8716,55,Single,Yes,294.69
8717,55,Double,Yes,179.83
8718,55,Suite,No,149.43
8719,55,Double,No,445.40
8720,55,Suite,Yes,180.48
8721,55,Single,Yes,64.17
8722,55,Suite,Yes,57.17
8723,55,Single,No,234.93
8724,55,Double,No,211.36
8725,55,Suite,No,94.13
8726,55,Single,Yes,429.68
8727,55,Double,No,388.99
8728,55,Suite,Yes,155.93
8729,55,Single,No,256.79
8730,55,Suite,No,98.04
8731,55,Single,No,374.69
8732,55,Suite,No,433.17
8733,55,Single,No,461.83
8734,55,Single,Yes,162.32
8735,55,Double,No,476.56
8736,55,Single,Yes,356.86
8737,55,Single,No,300.80
8738,55,Double,Yes,303.79
8739,55,Double,Yes,128.89
8740,55,Double,Yes,98.31
8741,55,Single,No,216.84
8742,55,Suite,Yes,467.26
8743,55,Suite,Yes,137.55
8744,55,Single,Yes,422.31
8745,55,Double,No,163.92
8746,55,Single,Yes,93.48
8747,55,Double,Yes,480.87
8748,55,Double,No,164.97
8749,55,Suite,Yes,482.19
8750,55,Double,Yes,316.80
8751,55,Double,No,342.43
8752,55,Single,No,433.73
8753,55,Suite,Yes,145.74
8754,55,Single,Yes,439.98
8755,55,Single,Yes,478.10
8756,55,Single,No,212.47
8757,55,Single,No,407.26
8758,55,Suite,No,366.35
8759,55,Single,Yes,461.35
8760,55,Single,Yes,101.75
8761,55,Single,Yes,225.32
8762,55,Double,Yes,495.74
8763,55,Suite,Yes,108.68
8764,55,Suite,Yes,126.19
8765,55,Suite,Yes,265.65
8766,55,Suite,Yes,118.09
8767,55,Suite,Yes,448.60
8768,55,Suite,No,308.36
8769,55,Suite,Yes,453.41
8770,55,Single,No,133.00
8771,55,Single,No,264.27
8772,55,Double,No,226.12
8773,55,Double,No,361.79
8774,55,Single,Yes,163.28
8775,55,Suite,Yes,150.86
8776,55,Single,No,497.19
8777,55,Single,No,319.41
8778,55,Suite,No,367.93
8779,55,Single,No,377.74
8780,55,Suite,Yes,463.46
8781,55,Single,No,192.69
8782,55,Double,Yes,227.55
8783,55,Suite,Yes,299.13
8784,55,Suite,No,53.53
8785,55,Double,No,336.49
8786,55,Single,No,430.37
8787,55,Double,Yes,125.79
8788,55,Double,Yes,222.31
8789,55,Single,No,406.57
8790,55,Suite,No,441.96
8791,55,Suite,Yes,463.93
8792,55,Double,Yes,363.50
8793,55,Single,Yes,417.40
8794,55,Suite,No,475.09
8795,55,Suite,No,199.58
8796,55,Single,No,345.20
8797,55,Suite,Yes,223.57
8798,55,Suite,Yes,453.88
8799,55,Suite,Yes,208.50
8800,55,Single,No,284.58
8801,55,Suite,No,88.32
8802,55,Double,Yes,260.14
8803,55,Suite,Yes,313.75
8804,55,Double,Yes,95.48
8805,55,Double,No,298.99
8806,55,Single,No,58.73
8807,55,Double,Yes,181.16
8808,55,Single,Yes,328.31
8809,55,Single,No,127.97
8810,55,Suite,Yes,380.54
8811,55,Single,No,370.01
8812,55,Single,No,420.02
8813,55,Double,Yes,50.67
8814,55,Double,No,136.09
8815,55,Suite,No,483.84
8816,55,Single,No,255.95
8817,55,Suite,No,320.10
8818,55,Double,No,253.74
8819,55,Single,No,219.18
8820,55,Single,Yes,356.45
8821,55,Double,No,230.64
8822,55,Single,Yes,76.06
8823,55,Suite,No,176.17
8824,55,Suite,No,393.39
8825,55,Double,No,149.38
8826,55,Suite,No,126.20
8827,55,Suite,Yes,65.80
8828,55,Suite,No,323.38
8829,55,Double,Yes,342.20
8830,55,Single,Yes,218.29
8831,55,Double,Yes,162.93
8832,55,Double,Yes,249.84
8833,55,Suite,No,194.07
8834,55,Suite,Yes,426.94
8835,55,Suite,No,480.99
8836,55,Single,Yes,137.33
8837,55,Double,Yes,432.34
8838,55,Suite,Yes,267.40
8839,55,Suite,Yes,101.88
8840,55,Suite,No,143.86
8841,55,Single,No,462.04
8842,55,Suite,No,229.20
8843,55,Suite,Yes,177.79
8844,55,Suite,Yes,221.47
8845,55,Double,No,365.59
8846,55,Double,Yes,454.35
8847,55,Single,No,109.09
8848,55,Suite,Yes,429.12
8849,55,Double,No,77.74
8850,55,Single,No,143.85
8851,55,Single,No,360.29
8852,55,Single,No,472.04
8853,55,Double,Yes,56.68
8854,55,Double,Yes,410.19
8855,55,Double,Yes,190.63
8856,55,Suite,Yes,303.47
8857,55,Single,No,172.17
8858,55,Single,No,210.92
8859,55,Suite,No,120.81
8860,55,Double,Yes,192.09
8861,55,Single,Yes,393.84
8862,55,Double,No,398.72
8863,55,Suite,Yes,318.81
8864,55,Single,No,237.53
8865,55,Single,No,270.82
8866,55,Double,No,245.91
8867,55,Suite,Yes,414.31
8868,55,Double,No,53.44
8869,55,Double,No,295.43
8870,55,Suite,Yes,326.55
8871,55,Double,No,423.55
8872,55,Single,Yes,215.95
8873,55,Suite,No,417.01
8874,55,Double,No,222.21
8875,55,Single,No,387.91
8876,55,Double,Yes,244.10
8877,55,Double,No,335.83
8878,55,Suite,Yes,309.71
8879,55,Suite,No,100.61
8880,55,Single,Yes,196.73
8881,55,Double,Yes,344.23
8882,55,Suite,No,166.14
8883,55,Double,No,463.42
8884,55,Suite,No,171.56
8885,55,Single,No,66.19
8886,55,Suite,No,204.89
8887,55,Single,Yes,179.38
8888,55,Double,No,486.85
8889,55,Suite,No,471.84
8890,55,Double,No,424.08
8891,55,Suite,Yes,110.31
8892,55,Single,Yes,365.28
8893,55,Suite,Yes,77.30
8894,55,Single,Yes,341.38
8895,55,Suite,Yes,436.31
8896,55,Single,Yes,453.59
8897,55,Suite,No,132.10
8898,55,Single,Yes,271.66
8899,55,Suite,No,265.71
8900,55,Double,No,431.32
8901,55,Suite,Yes,54.95
8902,55,Suite,Yes,67.45
8903,55,Single,No,473.76
8904,55,Suite,Yes,138.85
8905,55,Suite,No,135.66
8906,55,Double,Yes,158.59
8907,55,Double,Yes,120.72
8908,55,Single,Yes,468.10
8909,55,Double,Yes,461.80
8910,55,Single,No,310.51
8911,55,Double,Yes,463.96
8912,55,Double,Yes,208.57
8913,55,Suite,Yes,355.13
8914,55,Suite,Yes,493.65
8915,55,Double,Yes,326.98
8916,55,Double,Yes,486.91
8917,55,Suite,Yes,473.11
8918,55,Double,Yes,297.11
8919,55,Single,No,50.59
8920,55,Single,Yes,228.09
8921,55,Single,Yes,475.68
8922,55,Double,Yes,97.27
8923,55,Suite,No,74.97
8924,55,Double,Yes,218.34
8925,55,Single,No,157.78
8926,55,Single,No,215.61
8927,55,Single,Yes,270.23
8928,55,Single,No,429.98
8929,55,Single,Yes,372.69
8930,56,Suite,No,67.28
8931,56,Double,Yes,454.99
8932,56,Double,No,431.32
8933,56,Suite,Yes,327.36
8934,56,Single,No,455.73
8935,56,Suite,Yes,92.22
8936,56,Suite,Yes,184.39
8937,56,Single,No,123.74
8938,56,Double,No,233.19
8939,56,Suite,No,95.14
8940,56,Suite,No,248.58
8941,56,Suite,Yes,251.09
8942,56,Single,No,432.31
8943,56,Single,Yes,462.33
8944,56,Single,Yes,163.75
8945,56,Single,No,413.45
8946,56,Double,Yes,310.01
8947,56,Double,No,157.50
8948,56,Suite,Yes,461.23
8949,56,Single,No,234.82
8950,56,Single,Yes,430.29
8951,56,Single,Yes,484.66
8952,56,Double,No,384.11
8953,56,Suite,No,415.05
8954,56,Single,Yes,470.20
8955,56,Double,Yes,227.88
8956,56,Single,Yes,476.86
8957,56,Suite,No,363.44
8958,56,Single,No,333.40
8959,56,Suite,No,271.74
8960,56,Double,Yes,463.53
8961,56,Suite,No,416.22
8962,56,Double,No,132.24
8963,56,Suite,Yes,123.03
8964,56,Suite,Yes,254.85
8965,56,Double,Yes,193.12
8966,56,Double,Yes,74.65
8967,56,Single,Yes,113.79
8968,56,Double,Yes,126.50
8969,56,Double,Yes,333.88
8970,56,Suite,Yes,226.77
8971,56,Double,Yes,243.78
8972,56,Single,No,211.64
8973,56,Double,Yes,470.21
8974,56,Double,Yes,276.78
8975,56,Single,No,369.93
8976,56,Single,No,146.68
8977,56,Double,No,417.25
8978,56,Double,No,490.04
8979,56,Single,No,119.36
8980,56,Suite,Yes,438.51
8981,56,Single,Yes,379.82
8982,56,Suite,Yes,246.03
8983,56,Suite,No,265.76
8984,56,Suite,No,307.61
8985,56,Single,No,318.81
8986,56,Single,No,382.31
8987,56,Double,No,254.84
8988,56,Suite,No,229.46
8989,56,Suite,No,329.77
8990,56,Double,No,486.01
8991,56,Single,No,312.04
8992,56,Suite,No,118.56
8993,56,Single,No,415.23
8994,56,Single,No,343.06
8995,56,Suite,Yes,451.08
8996,56,Double,Yes,254.69
8997,56,Suite,No,468.21
8998,56,Double,Yes,332.14
8999,56,Double,Yes,68.00
9000,56,Double,No,125.94
9001,56,Double,No,406.83
9002,56,Single,No,443.99
9003,56,Double,Yes,284.02
9004,56,Double,Yes,470.82
9005,56,Single,No,381.40
9006,56,Double,Yes,424.61
9007,56,Single,No,110.61
9008,56,Suite,No,280.07
9009,56,Suite,Yes,229.35
9010,56,Double,No,79.05
9011,56,Suite,Yes,158.18
9012,56,Single,No,161.89
9013,56,Suite,Yes,193.03
9014,56,Suite,Yes,50.17
9015,56,Double,Yes,108.97
9016,56,Single,Yes,321.10
9017,56,Double,Yes,209.88
9018,56,Single,No,432.98
9019,56,Suite,Yes,408.78
9020,56,Suite,No,214.30
9021,56,Double,No,171.75
9022,56,Single,Yes,59.20
9023,56,Double,No,108.35
9024,56,Double,No,383.06
9025,56,Double,No,175.28
9026,56,Suite,Yes,181.39
9027,56,Double,No,131.82
9028,56,Single,No,84.30
9029,56,Suite,No,236.28
9030,56,Suite,Yes,260.29
9031,56,Double,No,393.42
9032,56,Suite,Yes,469.80
9033,56,Single,Yes,307.54
9034,56,Single,No,403.20
9035,56,Single,Yes,228.85
9036,56,Double,Yes,460.50
9037,56,Suite,No,238.76
9038,56,Single,No,497.76
9039,56,Single,Yes,51.61
9040,56,Suite,No,264.06
9041,56,Suite,No,391.53
9042,56,Suite,No,239.67
9043,56,Double,No,286.44
9044,56,Single,No,79.40
9045,56,Single,Yes,223.35
9046,56,Single,Yes,166.36
9047,56,Suite,Yes,227.46
9048,56,Double,Yes,492.17
9049,56,Single,Yes,416.63
9050,56,Single,Yes,253.52
9051,56,Double,Yes,209.60
9052,56,Suite,No,289.07
9053,56,Double,No,171.66
9054,56,Suite,Yes,75.94
9055,56,Suite,Yes,288.08
9056,56,Suite,No,395.45
9057,56,Single,Yes,357.05
9058,56,Single,Yes,99.00
9059,56,Single,Yes,191.69
9060,56,Single,Yes,397.23
9061,56,Double,Yes,439.25
9062,56,Single,Yes,236.14
9063,56,Single,Yes,357.97
9064,56,Suite,Yes,209.66
9065,56,Single,Yes,124.90
9066,56,Suite,No,142.54
9067,56,Suite,Yes,398.44
9068,56,Suite,No,148.36
9069,56,Double,No,175.33
9070,56,Single,No,297.24
9071,56,Single,Yes,103.49
9072,56,Single,No,114.97
9073,56,Single,No,293.48
9074,56,Double,No,373.49
9075,56,Single,Yes,176.34
9076,56,Suite,Yes,380.46
9077,56,Suite,No,452.27
9078,56,Suite,Yes,248.81
9079,56,Double,Yes,281.44
9080,56,Suite,Yes,379.24
9081,56,Single,No,68.50
9082,56,Suite,Yes,321.83
9083,56,Suite,No,459.81
9084,56,Single,No,422.45
9085,56,Double,No,102.84
9086,56,Double,Yes,237.94
9087,56,Single,Yes,98.43
9088,56,Single,No,268.80
9089,56,Suite,Yes,356.13
9090,56,Suite,Yes,115.96
9091,56,Suite,Yes,301.64
9092,56,Single,No,206.07
9093,56,Suite,Yes,166.22
9094,56,Double,No,128.78
9095,56,Double,Yes,395.85
9096,56,Suite,Yes,59.75
9097,56,Suite,No,454.51
9098,56,Double,No,327.01
9099,56,Single,No,420.19
9100,56,Single,Yes,485.06
9101,56,Double,No,340.96
9102,56,Single,Yes,326.51
9103,56,Double,No,122.10
9104,56,Suite,No,412.96
9105,56,Suite,Yes,492.20
9106,56,Suite,No,168.92
9107,56,Single,No,291.20
9108,56,Double,Yes,456.37
9109,56,Suite,No,307.27
9110,56,Double,Yes,151.36
9111,56,Double,No,248.98
9112,56,Single,No,286.86
9113,56,Single,No,320.21
9114,56,Double,Yes,195.75
9115,56,Suite,Yes,63.65
9116,56,Suite,Yes,474.19
9117,56,Double,No,135.48
9118,56,Suite,No,230.56
9119,56,Single,Yes,76.77
9120,56,Suite,No,148.22
9121,56,Single,No,96.93
9122,56,Double,Yes,236.34
9123,56,Single,Yes,246.78
9124,56,Single,No,202.09
9125,56,Suite,No,203.10
9126,56,Double,Yes,327.41
9127,56,Double,Yes,155.98
9128,56,Suite,No,285.98
9129,56,Double,Yes,483.91
9130,56,Suite,Yes,102.05
9131,56,Double,No,237.89
9132,56,Single,No,473.87
9133,56,Double,No,416.36
9134,56,Double,Yes,274.00
9135,56,Suite,No,183.71
9136,56,Double,No,182.19
9137,56,Single,Yes,386.60
9138,56,Double,No,192.49
9139,56,Suite,Yes,340.81
9140,56,Double,No,162.22
9141,56,Single,No,52.48
9142,56,Suite,No,336.16
9143,56,Double,No,255.16
9144,56,Single,No,158.49
9145,56,Suite,Yes,353.32
9146,56,Double,Yes,263.90
9147,56,Suite,No,177.32
9148,56,Suite,No,197.89
9149,56,Double,No,170.40
9150,56,Single,No,98.93
9151,56,Double,Yes,437.62
9152,56,Single,No,174.10
9153,56,Single,No,249.79
9154,56,Double,No,293.02
9155,56,Suite,No,275.48
9156,56,Double,Yes,115.09
9157,56,Double,No,397.00
9158,56,Suite,Yes,262.65
9159,56,Double,No,333.21
9160,56,Single,Yes,61.04
9161,56,Suite,Yes,467.09
9162,56,Single,No,213.72
9163,56,Double,Yes,184.66
9164,56,Single,Yes,298.47
9165,56,Suite,No,255.93
9166,56,Single,No,86.42
9167,56,Suite,Yes,150.90
9168,56,Suite,Yes,104.21
9169,56,Suite,No,279.76
9170,56,Double,Yes,405.10
9171,56,Single,No,51.04
9172,56,Single,No,147.50
9173,56,Single,No,367.83
9174,56,Suite,No,429.56
9175,56,Single,Yes,456.06
9176,56,Double,No,222.84
9177,56,Double,No,200.39
9178,56,Double,No,469.04
9179,56,Double,Yes,489.62
9180,56,Suite,Yes,63.77
9181,56,Suite,Yes,319.08
9182,56,Double,Yes,479.60
9183,56,Suite,Yes,232.06
9184,56,Double,No,421.96
9185,56,Double,Yes,401.32
9186,56,Single,Yes,287.86
9187,56,Single,No,459.03
9188,56,Single,No,478.43
9189,56,Single,Yes,197.11
9190,56,Single,No,81.19
9191,56,Suite,No,257.63
9192,56,Single,No,379.71
9193,56,Suite,Yes,308.72
9194,56,Single,No,180.21
9195,56,Suite,Yes,443.93
9196,56,Double,No,261.62
9197,56,Single,No,450.25
9198,56,Suite,No,107.75
9199,56,Double,No,271.60
9200,56,Suite,Yes,73.18
9201,56,Single,Yes,215.63
9202,56,Suite,Yes,465.09
9203,56,Single,Yes,187.92
9204,56,Suite,Yes,452.65
9205,56,Single,No,212.91
9206,56,Single,Yes,237.81
9207,56,Single,No,327.94
9208,56,Suite,No,212.39
9209,56,Single,No,143.73
9210,56,Double,Yes,152.61
9211,57,Double,No,425.64
9212,57,Double,Yes,374.48
9213,57,Single,No,300.30
9214,57,Double,No,384.70
9215,57,Double,No,156.12
9216,57,Single,Yes,388.24
9217,57,Double,No,287.26
9218,57,Double,Yes,151.36
9219,57,Double,No,364.12
9220,57,Double,No,329.88
9221,57,Double,No,221.08
9222,57,Double,Yes,448.32
9223,57,Single,Yes,173.79
9224,57,Suite,Yes,423.69
9225,57,Suite,Yes,172.48
9226,57,Single,Yes,269.36
9227,57,Single,No,392.18
9228,57,Single,Yes,84.79
9229,57,Double,No,259.49
9230,57,Suite,No,489.72
9231,57,Single,No,375.52
9232,57,Single,No,432.03
9233,57,Double,Yes,342.15
9234,57,Double,Yes,291.68
9235,57,Double,Yes,82.57
9236,57,Suite,Yes,166.99
9237,57,Double,No,143.85
9238,57,Suite,No,457.19
9239,57,Suite,Yes,97.99
9240,57,Double,No,260.63
9241,57,Suite,Yes,326.38
9242,57,Suite,No,469.61
9243,57,Double,Yes,69.40
9244,57,Suite,Yes,335.79
9245,57,Double,Yes,253.33
9246,57,Single,No,463.64
9247,57,Suite,Yes,452.01
9248,57,Single,Yes,413.89
9249,57,Suite,No,295.06
9250,57,Suite,Yes,169.71
9251,57,Double,No,466.94
9252,57,Single,Yes,483.83
9253,57,Single,Yes,282.67
9254,57,Suite,Yes,61.46
9255,57,Suite,Yes,274.88
9256,57,Suite,Yes,322.70
9257,57,Single,Yes,259.07
9258,57,Single,No,127.73
9259,57,Suite,No,93.14
9260,57,Single,No,161.75
9261,57,Suite,Yes,204.80
9262,57,Double,No,50.05
9263,57,Double,No,157.73
9264,57,Double,Yes,198.92
9265,57,Suite,No,477.60
9266,57,Double,No,350.06
9267,57,Single,No,95.59
9268,58,Suite,No,203.69
9269,58,Single,Yes,437.84
9270,58,Single,Yes,388.29
9271,58,Suite,No,478.60
9272,58,Double,No,106.52
9273,58,Single,No,92.85
9274,58,Double,No,252.50
9275,58,Double,Yes,217.45
9276,58,Double,Yes,417.32
9277,58,Suite,No,338.58
9278,58,Suite,Yes,379.17
9279,58,Single,Yes,419.64
9280,58,Suite,No,192.76
9281,58,Double,Yes,304.35
9282,58,Single,Yes,281.55
9283,58,Double,Yes,145.61
9284,58,Single,Yes,367.80
9285,58,Single,Yes,397.98
9286,58,Suite,Yes,73.27
9287,58,Single,No,401.70
9288,58,Single,Yes,137.68
9289,58,Suite,No,437.64
9290,58,Suite,No,70.42
9291,58,Single,No,177.59
9292,58,Suite,No,356.29
9293,58,Suite,No,168.76
9294,58,Double,No,158.06
9295,58,Double,Yes,177.27
9296,58,Double,Yes,340.34
9297,58,Suite,No,129.12
9298,58,Suite,No,449.10
9299,58,Double,No,308.31
9300,58,Double,Yes,144.60
9301,58,Single,No,77.33
9302,58,Single,Yes,331.49
9303,58,Suite,No,196.20
9304,58,Suite,No,391.31
9305,58,Double,Yes,172.95
9306,58,Single,No,149.73
9307,58,Suite,No,151.91
9308,58,Double,No,375.36
9309,58,Suite,No,185.29
9310,58,Suite,Yes,397.31
9311,58,Suite,No,354.47
9312,58,Single,No,275.39
9313,58,Suite,No,374.67
9314,58,Double,Yes,311.53
9315,58,Single,Yes,244.73
9316,58,Single,Yes,139.10
9317,58,Single,Yes,251.40
9318,58,Suite,No,417.04
9319,58,Single,Yes,220.92
9320,58,Double,No,355.96
9321,58,Suite,Yes,190.94
9322,58,Double,Yes,198.23
9323,58,Single,No,76.94
9324,58,Suite,No,365.84
9325,58,Suite,No,182.72
9326,58,Double,Yes,182.14
9327,58,Single,No,397.15
9328,58,Double,Yes,428.38
9329,58,Double,Yes,92.59
9330,58,Double,Yes,304.71
9331,58,Single,No,149.52
9332,58,Single,No,453.76
9333,58,Suite,Yes,378.11
9334,58,Single,No,168.65
9335,58,Suite,No,412.70
9336,58,Single,Yes,483.76
9337,58,Single,Yes,109.15
9338,58,Single,No,465.67
9339,58,Double,No,331.13
9340,58,Suite,No,259.21
9341,58,Double,Yes,367.97
9342,58,Double,Yes,87.66
9343,58,Double,No,138.95
9344,58,Double,Yes,194.32
9345,58,Single,Yes,75.59
9346,58,Single,No,69.52
9347,58,Suite,Yes,225.61
9348,58,Double,Yes,190.98
9349,58,Suite,Yes,230.51
9350,58,Double,No,239.08
9351,58,Single,No,109.42
9352,58,Single,No,261.93
9353,58,Single,No,67.63
9354,58,Suite,No,210.78
9355,58,Double,No,486.46
9356,58,Single,No,309.89
9357,58,Single,Yes,249.54
9358,58,Single,Yes,100.14
9359,58,Single,No,198.13
9360,58,Double,Yes,490.27
9361,58,Suite,Yes,205.99
9362,58,Single,No,278.89
9363,58,Single,Yes,140.06
9364,58,Suite,No,318.37
9365,58,Single,Yes,385.52
9366,58,Double,No,235.17
9367,58,Suite,No,204.44
9368,58,Double,No,379.95
9369,58,Double,No,335.38
9370,58,Double,Yes,167.02
9371,58,Double,Yes,98.20
9372,58,Suite,No,339.93
9373,58,Single,Yes,52.90
9374,58,Double,No,335.86
9375,58,Single,Yes,377.03
9376,58,Double,Yes,141.68
9377,58,Single,No,166.54
9378,58,Double,No,481.83
9379,58,Suite,Yes,247.72
9380,58,Single,Yes,448.30
9381,58,Single,No,55.40
9382,58,Suite,Yes,248.92
9383,58,Double,No,259.83
9384,58,Suite,Yes,385.55
9385,58,Single,Yes,322.76
9386,58,Single,No,105.83
9387,58,Double,No,471.94
9388,58,Double,Yes,288.72
9389,58,Suite,No,151.16
9390,58,Double,Yes,451.84
9391,58,Double,Yes,327.33
9392,58,Double,No,141.64
9393,58,Double,Yes,470.22
9394,58,Suite,Yes,226.24
9395,58,Double,Yes,171.60
9396,58,Double,Yes,398.96
9397,58,Suite,Yes,467.46
9398,58,Suite,No,88.49
9399,58,Single,Yes,199.65
9400,58,Double,Yes,199.88
9401,58,Suite,No,78.26
9402,58,Double,No,494.67
9403,58,Suite,No,127.43
9404,58,Double,Yes,287.80
9405,58,Suite,No,129.37
9406,58,Suite,No,380.17
9407,58,Suite,No,99.50
9408,58,Suite,Yes,166.74
9409,58,Single,No,354.29
9410,58,Suite,No,359.95
9411,58,Suite,Yes,244.15
9412,58,Suite,No,298.55
9413,58,Double,Yes,213.23
9414,58,Single,Yes,479.35
9415,58,Single,Yes,263.47
9416,58,Single,No,406.30
9417,58,Double,No,239.57
9418,58,Suite,No,243.57
9419,58,Suite,No,134.43
9420,58,Single,No,364.57
9421,58,Double,Yes,159.46
9422,58,Single,No,122.17
9423,58,Suite,Yes,142.78
9424,58,Double,Yes,282.54
9425,58,Single,No,375.50
9426,58,Double,Yes,306.85
9427,58,Single,Yes,114.08
9428,58,Single,Yes,75.36
9429,58,Double,No,396.74
9430,58,Single,Yes,101.14
9431,58,Single,Yes,89.53
9432,58,Double,Yes,193.44
9433,58,Single,No,384.84
9434,58,Single,Yes,239.36
9435,58,Single,Yes,110.39
9436,58,Single,No,342.08
9437,58,Double,No,120.43
9438,58,Double,Yes,483.11
9439,58,Double,Yes,339.86
9440,58,Suite,No,264.91
9441,58,Suite,Yes,158.83
9442,58,Double,No,214.36
9443,58,Suite,No,226.28
9444,58,Double,Yes,92.72
9445,58,Suite,Yes,201.03
9446,58,Single,No,450.51
9447,58,Single,No,94.15
9448,58,Single,Yes,211.45
9449,58,Single,Yes,349.42
9450,58,Single,Yes,404.49
9451,58,Suite,Yes,210.93
9452,58,Single,Yes,190.15
9453,58,Single,No,330.65
9454,58,Single,Yes,83.32
9455,58,Single,No,238.17
9456,58,Single,No,365.22
9457,58,Double,Yes,76.82
9458,58,Double,No,381.91
9459,58,Single,No,243.14
9460,58,Suite,No,300.25
9461,58,Single,No,111.91
9462,58,Double,No,334.94
9463,58,Double,No,395.99
9464,58,Single,No,418.58
9465,58,Suite,No,135.04
9466,58,Double,Yes,273.59
9467,58,Double,Yes,345.14
9468,58,Double,No,373.44
9469,58,Suite,Yes,386.19
9470,58,Double,Yes,444.72
9471,58,Single,No,403.71
9472,58,Single,Yes,207.03
9473,58,Double,Yes,447.13
9474,58,Single,No,108.57
9475,58,Suite,Yes,474.68
9476,58,Suite,No,235.17
9477,58,Suite,No,117.54
9478,58,Double,No,89.76
9479,58,Double,No,69.23
9480,58,Single,Yes,256.08
9481,58,Single,Yes,440.78
9482,58,Double,Yes,288.46
9483,58,Double,No,398.79
9484,58,Suite,Yes,163.35
9485,58,Suite,Yes,231.90
9486,58,Suite,Yes,84.78
9487,58,Suite,Yes,286.93
9488,58,Single,Yes,126.88
9489,58,Double,No,141.74
9490,58,Double,Yes,248.82
9491,58,Single,Yes,453.91
9492,58,Double,No,329.73
9493,58,Suite,Yes,138.57
9494,58,Suite,Yes,149.18
9495,58,Double,Yes,172.05
9496,58,Single,Yes,300.14
9497,58,Double,Yes,78.96
9498,58,Suite,No,262.10
9499,58,Double,Yes,71.72
9500,58,Suite,No,258.42
9501,58,Suite,No,214.01
9502,58,Single,Yes,139.79
9503,58,Double,Yes,454.73
9504,58,Double,No,296.49
9505,58,Suite,Yes,428.44
9506,58,Single,No,96.43
9507,58,Double,Yes,293.98
9508,58,Suite,Yes,279.30
9509,58,Single,Yes,493.96
9510,58,Single,Yes,167.74
9511,58,Single,No,94.59
9512,58,Double,No,127.75
9513,58,Double,Yes,444.81
9514,58,Suite,No,194.94
9515,58,Double,No,393.27
9516,58,Single,Yes,254.10
9517,58,Suite,No,227.02
9518,58,Single,Yes,190.33
9519,58,Single,Yes,56.63
9520,58,Single,No,167.81
9521,58,Suite,No,318.13
9522,58,Double,Yes,489.99
9523,58,Suite,No,309.03
9524,58,Single,No,88.91
9525,58,Suite,No,314.99
9526,58,Single,Yes,305.59
9527,58,Double,Yes,324.20
9528,58,Double,Yes,246.83
9529,58,Double,Yes,398.89
9530,58,Double,Yes,302.90
9531,58,Suite,Yes,162.27
9532,58,Suite,No,333.86
9533,58,Double,No,120.07
9534,58,Double,No,219.01
9535,58,Suite,No,434.42
9536,58,Single,Yes,431.03
9537,58,Single,Yes,263.82
9538,58,Suite,No,240.67
9539,58,Double,No,63.87
9540,58,Double,No,228.87
9541,58,Double,No,98.76
9542,58,Single,No,463.15
9543,58,Double,Yes,118.07
9544,58,Double,No,309.92
9545,58,Single,Yes,444.94
9546,58,Single,No,173.86
9547,58,Suite,No,273.86
9548,58,Single,Yes,234.12
9549,58,Double,No,464.59
9550,58,Single,No,438.34
9551,58,Double,Yes,470.52
9552,58,Single,Yes,428.27
9553,58,Double,Yes,119.63
9554,58,Suite,No,132.43
9555,58,Single,No,165.64
9556,58,Double,Yes,386.43
9557,58,Double,Yes,243.37
9558,58,Single,Yes,185.50
9559,58,Suite,No,167.97
9560,58,Suite,No,161.00
9561,58,Suite,Yes,418.69
9562,58,Double,Yes,311.37
9563,58,Suite,No,285.18
9564,58,Single,No,383.77
9565,58,Suite,No,157.53
9566,58,Suite,Yes,110.02
9567,58,Suite,No,321.56
9568,58,Suite,Yes,447.99
9569,58,Suite,No,284.89
9570,58,Double,No,358.16
9571,58,Suite,Yes,427.00
9572,58,Suite,No,353.05
9573,58,Suite,No,227.95
9574,58,Single,Yes,464.98
9575,58,Double,No,238.35
9576,58,Suite,No,259.07
9577,58,Single,Yes,93.04
9578,58,Suite,Yes,246.96
9579,58,Single,Yes,190.53
9580,58,Single,Yes,182.75
9581,58,Single,Yes,183.94
9582,58,Suite,No,142.21
9583,58,Suite,No,241.26
9584,58,Single,Yes,163.94
9585,58,Single,Yes,493.70
9586,58,Suite,Yes,279.92
9587,58,Suite,No,292.87
9588,58,Single,No,438.56
9589,58,Suite,Yes,378.03
9590,58,Double,Yes,84.33
9591,58,Double,No,471.21
9592,58,Suite,Yes,164.56
9593,58,Suite,No,255.88
9594,58,Double,No,363.71
9595,58,Double,Yes,128.24
9596,58,Single,No,472.87
9597,58,Single,No,89.57
9598,58,Suite,No,451.09
9599,58,Single,Yes,162.53
9600,58,Suite,No,381.78
9601,58,Single,No,246.29
9602,58,Suite,No,254.42
9603,58,Suite,Yes,76.85
9604,58,Double,No,81.99
9605,58,Double,No,60.95
9606,58,Double,Yes,100.44
9607,58,Single,No,426.46
9608,58,Single,No,434.30
9609,58,Suite,Yes,474.01
9610,58,Single,Yes,241.78
9611,58,Suite,No,404.01
9612,58,Double,Yes,404.47
9613,58,Double,Yes,403.07
9614,58,Double,Yes,249.48
9615,58,Double,Yes,190.13
9616,58,Single,Yes,211.61
9617,58,Double,No,225.48
9618,58,Double,Yes,289.91
9619,58,Single,No,444.72
9620,58,Single,Yes,309.50
9621,58,Suite,Yes,384.47
9622,58,Single,Yes,168.76
9623,58,Single,Yes,158.62
9624,59,Suite,No,229.20
9625,59,Single,No,441.48
9626,59,Suite,Yes,413.89
9627,59,Suite,No,272.90
9628,59,Double,No,276.39
9629,59,Suite,Yes,297.26
9630,59,Single,Yes,211.09
9631,59,Suite,No,294.80
9632,59,Suite,No,453.26
9633,59,Single,Yes,132.06
9634,59,Double,No,382.69
9635,59,Double,Yes,464.13
9636,59,Single,Yes,407.59
9637,59,Suite,Yes,310.03
9638,59,Suite,No,157.73
9639,59,Suite,No,177.06
9640,59,Double,Yes,215.13
9641,59,Double,Yes,130.62
9642,59,Single,No,319.88
9643,59,Suite,Yes,427.07
9644,59,Single,Yes,79.52
9645,59,Suite,No,236.18
9646,59,Double,Yes,166.38
9647,59,Double,Yes,377.16
9648,59,Single,Yes,179.05
9649,59,Double,Yes,428.02
9650,59,Double,No,326.43
9651,59,Double,Yes,101.41
9652,59,Single,No,429.77
9653,59,Suite,No,259.84
9654,59,Single,No,435.40
9655,59,Single,No,272.38
9656,59,Single,No,385.53
9657,59,Single,Yes,261.53
9658,59,Single,No,109.37
9659,59,Single,No,202.12
9660,59,Single,No,329.01
9661,59,Suite,No,79.44
9662,59,Suite,Yes,166.83
9663,59,Single,No,79.11
9664,59,Single,Yes,132.74
9665,59,Double,Yes,361.12
9666,59,Double,Yes,242.53
9667,59,Suite,No,330.46
9668,59,Double,No,474.66
9669,59,Single,Yes,211.68
9670,59,Single,No,193.28
9671,59,Double,No,225.33
9672,59,Suite,Yes,234.34
9673,59,Suite,Yes,330.16
9674,59,Single,No,439.97
9675,59,Single,No,426.48
9676,59,Single,No,399.73
9677,59,Double,Yes,65.30
9678,59,Suite,No,433.74
9679,59,Single,Yes,498.86
9680,59,Single,No,443.78
9681,59,Single,Yes,70.50
9682,59,Single,No,497.88
9683,59,Single,No,151.66
9684,59,Single,No,356.41
9685,59,Suite,Yes,214.03
9686,59,Suite,Yes,248.37
9687,59,Double,Yes,191.87
9688,59,Double,No,368.66
9689,59,Double,Yes,78.26
9690,59,Double,No,372.48
9691,59,Single,No,457.56
9692,59,Suite,No,213.98
9693,59,Double,Yes,70.36
9694,59,Suite,Yes,250.02
9695,59,Double,No,82.08
9696,59,Single,Yes,411.33
9697,59,Double,No,273.02
9698,59,Double,No,277.23
9699,59,Suite,No,329.59
9700,59,Single,No,114.56
9701,59,Suite,No,455.51
9702,59,Double,Yes,261.86
9703,59,Single,Yes,375.99
9704,59,Suite,No,455.18
9705,59,Suite,Yes,263.45
9706,59,Suite,Yes,172.09
9707,59,Single,Yes,296.92
9708,59,Single,No,72.89
9709,59,Suite,No,100.70
9710,59,Suite,Yes,55.20
9711,59,Suite,No,357.20
9712,59,Double,No,418.69
9713,59,Double,No,81.15
9714,59,Single,No,120.67
9715,59,Suite,No,439.03
9716,59,Suite,No,442.16
9717,59,Single,Yes,437.46
9718,59,Double,Yes,296.48
9719,59,Double,Yes,112.26
9720,59,Suite,No,218.41
9721,59,Single,No,203.63
9722,59,Suite,No,185.34
9723,59,Suite,No,231.56
9724,59,Suite,No,340.93
9725,59,Double,No,309.67
9726,59,Single,Yes,334.68
9727,59,Double,No,143.71
9728,59,Single,Yes,95.50
9729,59,Single,Yes,219.40
9730,59,Suite,No,295.49
9731,59,Single,Yes,227.01
9732,59,Double,Yes,382.88
9733,59,Double,Yes,80.19
9734,59,Single,No,250.97
9735,59,Single,Yes,416.70
9736,59,Suite,Yes,179.91
9737,59,Single,Yes,343.30
9738,59,Single,No,94.62
9739,59,Suite,No,475.66
9740,59,Single,Yes,310.87
9741,59,Double,Yes,133.61
9742,59,Suite,No,257.37
9743,59,Double,Yes,51.75
9744,59,Single,No,188.38
9745,59,Single,Yes,64.79
9746,59,Suite,Yes,388.98
9747,59,Single,No,431.96
9748,59,Double,Yes,408.24
9749,59,Double,Yes,495.97
9750,59,Single,No,401.02
9751,59,Single,Yes,431.32
9752,59,Double,Yes,170.55
9753,59,Single,Yes,376.86
9754,59,Suite,No,361.46
9755,59,Double,No,161.75
9756,59,Suite,No,132.97
9757,59,Suite,No,206.45
9758,59,Suite,Yes,478.49
9759,59,Single,No,144.20
9760,59,Single,Yes,471.13
9761,59,Single,No,371.19
9762,59,Suite,Yes,193.52
9763,59,Suite,Yes,201.54
9764,59,Suite,No,351.72
9765,59,Suite,Yes,355.89
9766,59,Suite,No,302.52
9767,59,Suite,No,210.45
9768,59,Double,Yes,173.13
9769,59,Double,Yes,75.09
9770,59,Double,Yes,134.01
9771,59,Single,No,262.46
9772,59,Suite,Yes,224.25
9773,59,Single,No,498.49
9774,59,Double,Yes,307.84
9775,59,Suite,Yes,54.23
9776,60,Suite,Yes,317.79
9777,60,Suite,No,383.67
9778,60,Suite,No,159.29
9779,60,Single,Yes,311.15
9780,60,Suite,Yes,240.09
9781,60,Double,Yes,471.22
9782,60,Double,Yes,162.87
9783,60,Single,Yes,412.47
9784,60,Suite,Yes,102.16
9785,60,Suite,Yes,121.40
9786,60,Single,Yes,152.31
9787,60,Double,No,154.22
9788,60,Single,No,488.17
9789,60,Double,Yes,236.63
9790,60,Suite,Yes,414.38
9791,60,Single,Yes,480.56
9792,60,Single,No,261.06
9793,60,Single,No,465.72
9794,60,Suite,No,229.86
9795,60,Suite,No,224.35
9796,60,Double,Yes,430.63
9797,60,Single,No,328.42
9798,60,Suite,Yes,165.08
9799,60,Single,No,436.35
9800,60,Suite,No,210.16
9801,60,Double,Yes,480.95
9802,60,Double,No,364.52
9803,60,Double,Yes,315.47
9804,60,Suite,No,411.08
9805,60,Suite,No,85.20
9806,60,Single,No,266.22
9807,60,Double,No,447.02
9808,60,Double,Yes,405.83
9809,60,Single,No,383.40
9810,60,Suite,Yes,334.13
9811,60,Single,Yes,109.08
9812,60,Single,Yes,149.37
9813,60,Double,Yes,423.64
9814,60,Double,No,489.12
9815,60,Double,No,94.64
9816,60,Single,No,394.11
9817,60,Single,No,450.40
9818,60,Double,No,55.31
9819,60,Double,No,209.09
9820,60,Single,No,111.55
9821,60,Suite,Yes,454.67
9822,60,Double,No,275.48
9823,60,Double,No,380.63
9824,60,Suite,No,148.43
9825,60,Single,No,150.26
9826,60,Single,Yes,373.48
9827,60,Double,Yes,303.76
9828,60,Single,No,206.10
9829,60,Suite,Yes,283.48
9830,60,Double,Yes,209.51
9831,60,Suite,No,284.91
9832,60,Double,Yes,134.21
9833,60,Double,Yes,283.10
9834,60,Double,No,208.42
9835,60,Double,Yes,477.91
9836,60,Double,No,459.37
9837,60,Single,No,493.68
9838,60,Single,No,192.90
9839,60,Single,No,104.22
9840,60,Double,No,410.07
9841,60,Double,No,162.14
9842,60,Single,Yes,93.79
9843,60,Suite,No,64.98
9844,60,Single,Yes,324.30
9845,60,Single,No,484.88
9846,60,Single,No,253.14
9847,60,Double,No,329.82
9848,60,Single,No,346.05
9849,60,Single,Yes,238.17
9850,60,Double,No,176.96
9851,60,Double,No,307.27
9852,60,Double,Yes,342.76
9853,60,Suite,No,88.32
9854,60,Single,Yes,52.67
9855,60,Suite,No,219.70
9856,60,Double,No,53.74
9857,60,Single,No,388.50
9858,60,Single,Yes,495.01
9859,61,Double,Yes,282.60
9860,61,Single,No,397.68
9861,61,Double,No,376.93
9862,61,Double,No,107.93
9863,61,Suite,Yes,421.70
9864,61,Single,Yes,357.21
9865,61,Double,Yes,394.13
9866,61,Single,Yes,459.28
9867,61,Double,Yes,237.56
9868,61,Single,Yes,438.93
9869,61,Double,No,422.11
9870,61,Suite,No,276.95
9871,61,Double,No,62.05
9872,61,Suite,No,195.39
9873,61,Suite,Yes,50.56
9874,61,Single,Yes,363.88
9875,61,Suite,No,147.12
9876,61,Double,No,177.06
9877,61,Suite,No,137.03
9878,61,Suite,No,275.65
9879,61,Single,No,182.31
9880,61,Suite,Yes,494.77
9881,61,Suite,Yes,216.82
9882,61,Suite,Yes,418.40
9883,61,Suite,Yes,433.70
9884,61,Double,No,326.13
9885,61,Double,Yes,486.30
9886,61,Single,Yes,286.00
9887,61,Single,Yes,71.19
9888,61,Double,No,442.37
9889,61,Single,No,215.17
9890,61,Single,No,59.42
9891,61,Single,Yes,389.66
9892,61,Suite,Yes,316.97
9893,61,Double,No,356.25
9894,61,Suite,Yes,239.41
9895,61,Single,Yes,133.52
9896,61,Suite,No,355.99
9897,61,Suite,Yes,227.69
9898,61,Single,Yes,231.59
9899,61,Suite,No,86.61
9900,61,Suite,Yes,415.64
9901,61,Single,No,497.98
9902,61,Single,No,164.06
9903,61,Single,Yes,436.35
9904,61,Double,Yes,215.41
9905,61,Double,Yes,255.35
9906,61,Single,No,250.92
9907,61,Single,No,60.72
9908,61,Suite,No,446.12
9909,61,Double,No,290.64
9910,61,Double,Yes,491.63
9911,61,Double,No,414.32
9912,61,Double,No,366.39
9913,61,Suite,No,73.78
9914,61,Double,No,174.43
9915,61,Single,Yes,357.06
9916,61,Double,No,456.99
9917,61,Suite,Yes,345.93
9918,61,Double,Yes,486.34
9919,61,Double,No,136.32
9920,61,Suite,Yes,128.22
9921,61,Single,Yes,134.13
9922,61,Single,No,368.05
9923,61,Double,No,60.34
9924,61,Single,Yes,168.65
9925,61,Double,No,90.32
9926,61,Double,No,75.52
9927,61,Single,Yes,124.53
9928,61,Double,No,76.23
9929,61,Single,Yes,485.00
9930,61,Double,Yes,355.57
9931,61,Double,No,490.35
9932,61,Double,Yes,109.50
9933,61,Suite,No,368.51
9934,61,Single,No,278.10
9935,61,Suite,Yes,340.46
9936,61,Suite,No,403.44
9937,62,Single,Yes,334.93
9938,62,Double,Yes,191.01
9939,62,Single,No,362.81
9940,62,Suite,No,465.62
9941,62,Suite,No,455.10
9942,62,Single,Yes,56.36
9943,62,Double,Yes,208.55
9944,62,Suite,No,129.37
9945,62,Single,No,65.51
9946,62,Single,No,378.46
9947,62,Single,No,202.60
9948,62,Suite,Yes,177.21
9949,62,Double,Yes,336.99
9950,62,Double,No,455.07
9951,62,Suite,No,128.04
9952,62,Suite,Yes,62.36
9953,62,Suite,No,350.03
9954,62,Double,Yes,398.19
9955,62,Single,Yes,397.02
9956,62,Double,Yes,98.92
9957,62,Double,Yes,246.44
9958,62,Suite,No,479.76
9959,62,Single,Yes,94.67
9960,62,Double,Yes,428.22
9961,62,Suite,No,104.13
9962,62,Double,No,340.78
9963,62,Single,No,476.61
9964,62,Single,No,348.29
9965,62,Suite,Yes,64.25
9966,62,Suite,Yes,411.76
9967,62,Single,No,454.92
9968,62,Double,Yes,461.89
9969,62,Double,Yes,199.99
9970,62,Double,No,54.50
9971,62,Double,No,409.43
9972,62,Single,No,229.45
9973,62,Suite,Yes,235.34
9974,62,Suite,No,147.14
9975,62,Single,No,181.26
9976,62,Double,No,359.44
9977,62,Suite,Yes,72.03
9978,62,Suite,No,400.67
9979,62,Single,No,303.38
9980,62,Suite,Yes,497.30
9981,62,Single,Yes,390.77
9982,62,Double,No,446.21
9983,62,Double,No,252.10
9984,62,Single,No,325.78
9985,62,Double,Yes,393.57
9986,62,Single,No,262.54
9987,62,Single,Yes,351.01
9988,62,Suite,Yes,450.49
9989,62,Double,Yes,343.65
9990,62,Suite,Yes,374.86
9991,62,Double,Yes,395.70
9992,62,Double,No,170.92
9993,62,Single,Yes,204.25
9994,62,Suite,Yes,78.82
9995,62,Double,No,145.10
9996,62,Double,Yes,454.01
9997,62,Single,Yes,372.60
9998,62,Suite,Yes,83.26
9999,62,Single,Yes,292.08
10000,62,Suite,Yes,70.50
10001,62,Single,Yes,438.10
10002,62,Single,Yes,329.09
10003,62,Suite,Yes,477.05
10004,62,Double,No,355.96
10005,62,Single,Yes,244.43
10006,62,Double,No,205.54
10007,62,Single,Yes,116.05
10008,62,Single,No,485.30
10009,62,Single,Yes,415.84
10010,62,Suite,Yes,331.16
10011,62,Double,Yes,172.38
10012,62,Double,Yes,179.82
10013,62,Single,Yes,222.18
10014,62,Double,No,136.45
10015,62,Single,Yes,154.14
10016,62,Double,Yes,148.02
10017,63,Single,No,399.65
10018,63,Double,Yes,213.33
10019,63,Double,No,110.30
10020,63,Single,No,258.02
10021,63,Suite,Yes,436.55
10022,63,Double,Yes,318.05
10023,63,Double,Yes,264.76
10024,63,Double,No,373.77
10025,63,Double,Yes,306.09
10026,63,Suite,No,411.55
10027,63,Suite,Yes,337.01
10028,63,Suite,No,425.26
10029,63,Single,Yes,141.62
10030,63,Double,Yes,289.41
10031,63,Single,Yes,457.13
10032,63,Single,Yes,401.46
10033,63,Single,Yes,339.52
10034,63,Single,Yes,206.86
10035,63,Single,Yes,406.94
10036,63,Single,Yes,452.55
10037,63,Suite,Yes,453.24
10038,63,Suite,Yes,71.45
10039,63,Single,Yes,395.51
10040,63,Double,No,327.77
10041,63,Suite,No,430.18
10042,63,Single,Yes,476.02
10043,63,Single,No,475.84
10044,63,Double,No,207.74
10045,63,Double,No,324.70
10046,63,Suite,No,380.90
10047,63,Suite,Yes,276.39
10048,63,Single,Yes,485.26
10049,63,Single,No,141.82
10050,63,Single,Yes,437.39
10051,63,Double,Yes,464.11
10052,63,Double,Yes,300.47
10053,63,Double,Yes,478.64
10054,63,Single,Yes,50.48
10055,63,Single,No,273.92
10056,63,Suite,Yes,313.29
10057,63,Suite,Yes,256.79
10058,63,Single,Yes,356.38
10059,63,Single,Yes,213.80
10060,63,Single,No,98.28
10061,63,Suite,No,314.17
10062,63,Suite,Yes,126.35
10063,63,Double,No,297.30
10064,63,Single,No,429.38
10065,63,Single,Yes,243.55
10066,63,Double,No,91.68
10067,63,Single,No,254.19
10068,63,Single,No,171.56
10069,63,Double,Yes,88.05
10070,63,Double,No,426.31
10071,63,Double,Yes,194.55
10072,63,Double,Yes,131.73
10073,63,Single,No,355.13
10074,63,Single,Yes,230.81
10075,63,Single,Yes,354.91
10076,63,Single,No,219.48
10077,63,Double,No,232.20
10078,63,Single,Yes,320.33
10079,63,Suite,Yes,441.70
10080,63,Single,No,270.81
10081,63,Suite,Yes,71.50
10082,63,Suite,Yes,323.13
10083,63,Double,No,242.47
10084,63,Double,Yes,317.74
10085,63,Single,No,169.83
10086,63,Double,Yes,429.50
10087,63,Suite,No,198.06
10088,63,Single,Yes,496.51
10089,63,Double,No,181.70
10090,63,Double,No,198.57
10091,63,Single,Yes,177.88
10092,63,Double,No,187.10
10093,63,Suite,Yes,281.95
10094,63,Single,Yes,275.63
10095,63,Suite,Yes,278.02
10096,63,Double,No,298.49
10097,63,Double,Yes,338.71
10098,63,Suite,Yes,360.23
10099,63,Single,No,277.34
10100,63,Suite,No,260.24
10101,63,Suite,No,268.88
10102,63,Suite,No,366.95
10103,63,Double,Yes,311.08
10104,63,Suite,Yes,71.78
10105,63,Double,No,265.89
10106,63,Double,Yes,115.81
10107,63,Single,No,96.11
10108,63,Suite,No,112.25
10109,63,Double,Yes,220.07
10110,63,Suite,Yes,329.31
10111,63,Double,No,343.81
10112,63,Single,No,377.58
10113,63,Single,No,116.97
10114,63,Double,No,402.74
10115,63,Double,No,230.15
10116,63,Single,Yes,227.74
10117,63,Double,Yes,368.67
10118,63,Single,Yes,98.03
10119,63,Single,Yes,317.12
10120,63,Suite,No,67.76
10121,63,Single,No,144.09
10122,63,Suite,Yes,149.05
10123,63,Single,No,342.93
10124,63,Single,No,141.39
10125,63,Double,No,206.64
10126,63,Double,Yes,330.55
10127,63,Single,Yes,377.19
10128,63,Single,No,266.45
10129,63,Double,Yes,474.17
10130,63,Suite,No,342.96
10131,63,Single,Yes,87.47
10132,63,Single,No,72.27
10133,63,Suite,Yes,490.20
10134,63,Suite,Yes,393.60
10135,63,Single,No,488.69
10136,63,Suite,No,160.07
10137,63,Double,No,268.40
10138,63,Double,No,364.83
10139,63,Single,No,464.75
10140,63,Double,Yes,230.71
10141,63,Suite,Yes,353.77
10142,63,Single,No,471.15
10143,63,Suite,No,495.46
10144,63,Double,No,279.20
10145,63,Double,No,322.49
10146,63,Suite,Yes,242.98
10147,63,Single,Yes,245.12
10148,63,Suite,Yes,61.83
10149,63,Single,Yes,377.49
10150,63,Suite,No,104.87
10151,63,Double,No,404.73
10152,63,Single,Yes,268.72
10153,63,Suite,No,233.50
10154,63,Double,No,209.42
10155,63,Double,Yes,400.60
10156,63,Double,No,207.04
10157,63,Suite,Yes,262.16
10158,63,Single,No,426.57
10159,63,Single,No,141.11
10160,63,Suite,Yes,404.50
10161,63,Single,Yes,170.31
10162,63,Suite,No,359.84
10163,63,Single,Yes,464.23
10164,63,Suite,No,399.11
10165,63,Single,Yes,441.30
10166,63,Single,Yes,240.52
10167,63,Suite,Yes,252.18
10168,63,Single,No,278.86
10169,63,Single,No,495.94
10170,63,Double,Yes,437.27
10171,63,Suite,Yes,179.30
10172,63,Double,Yes,151.34
10173,63,Single,No,162.41
10174,63,Suite,No,130.78
10175,63,Double,Yes,291.48
10176,63,Suite,No,197.40
10177,63,Single,No,398.50
10178,63,Single,No,380.28
10179,63,Suite,No,425.46
10180,63,Double,No,410.91
10181,63,Double,Yes,254.90
10182,63,Suite,No,80.28
10183,63,Double,Yes,93.98
10184,63,Double,No,361.43
10185,63,Single,No,324.33
10186,63,Double,No,281.01
10187,63,Double,No,453.16
10188,63,Suite,Yes,207.16
10189,63,Double,Yes,64.30
10190,63,Single,Yes,445.92
10191,63,Double,Yes,312.94
10192,63,Suite,No,314.13
10193,63,Double,Yes,439.10
10194,63,Double,No,411.75
10195,63,Double,Yes,489.01
10196,63,Suite,Yes,360.99
10197,63,Suite,No,458.58
10198,63,Double,Yes,452.17
10199,63,Single,No,59.62
10200,63,Suite,Yes,166.06
10201,63,Suite,No,376.72
10202,63,Single,No,128.38
10203,63,Single,Yes,256.47
10204,63,Suite,Yes,400.54
10205,63,Double,Yes,498.69
10206,63,Double,No,480.38
10207,63,Suite,Yes,100.36
10208,63,Double,Yes,442.70
10209,63,Suite,Yes,335.98
10210,63,Suite,Yes,104.42
10211,63,Single,Yes,131.68
10212,63,Single,No,228.77
10213,63,Suite,No,310.87
10214,63,Double,No,455.30
10215,63,Single,Yes,196.99
10216,63,Double,No,155.72
10217,63,Suite,No,181.47
10218,63,Single,Yes,433.18
10219,63,Double,No,395.67
10220,63,Single,Yes,169.98
10221,63,Single,Yes,411.65
10222,63,Suite,No,176.87
10223,63,Double,Yes,399.08
10224,63,Single,Yes,66.73
10225,63,Single,Yes,150.91
10226,63,Single,No,389.57
10227,63,Suite,Yes,462.22
10228,63,Single,No,158.89
10229,63,Suite,No,294.54
10230,63,Double,No,318.46
10231,63,Suite,Yes,467.08
10232,63,Suite,Yes,250.75
10233,63,Double,No,87.58
10234,63,Suite,Yes,362.37
10235,63,Suite,No,95.70
10236,63,Single,No,491.39
10237,63,Single,Yes,319.42
10238,63,Double,Yes,176.17
10239,63,Suite,No,231.67
10240,63,Suite,No,296.28
10241,63,Double,No,253.36
10242,63,Single,No,185.44
10243,63,Suite,Yes,134.68
10244,63,Suite,No,205.44
10245,63,Double,Yes,287.89
10246,63,Suite,No,397.06
10247,63,Double,Yes,237.61
10248,63,Double,Yes,483.80
10249,63,Double,Yes,71.49
10250,63,Suite,Yes,285.12
10251,63,Single,No,248.30
10252,63,Double,Yes,336.41
10253,63,Suite,No,449.75
10254,63,Double,Yes,499.47
10255,63,Double,Yes,109.62
10256,63,Suite,No,159.63
10257,63,Single,Yes,165.11
10258,63,Double,Yes,174.40
10259,63,Suite,No,342.10
10260,63,Double,Yes,273.16
10261,63,Single,No,441.12
10262,63,Suite,Yes,227.83
10263,63,Single,Yes,89.27
10264,63,Suite,Yes,206.83
10265,63,Single,Yes,391.06
10266,63,Double,No,354.27
10267,63,Double,Yes,404.96
10268,63,Single,No,337.26
10269,63,Single,Yes,292.72
10270,63,Double,No,313.59
10271,63,Double,No,185.94
10272,63,Single,Yes,252.43
10273,63,Double,Yes,300.25
10274,63,Double,No,108.83
10275,63,Single,No,102.52
10276,63,Double,Yes,360.18
10277,63,Double,Yes,398.27
10278,63,Suite,No,357.93
10279,63,Double,Yes,410.81
10280,63,Double,Yes,386.97
10281,63,Double,No,289.10
10282,63,Suite,No,390.07
10283,63,Suite,Yes,54.62
10284,63,Double,No,218.36
10285,63,Suite,No,372.72
10286,63,Suite,No,398.30
10287,63,Single,Yes,100.39
10288,63,Double,Yes,242.43
10289,63,Double,No,67.19
10290,63,Single,No,450.37
10291,63,Single,Yes,374.04
10292,63,Suite,No,304.81
10293,64,Single,Yes,312.99
10294,64,Suite,Yes,120.82
10295,64,Single,No,253.48
10296,64,Single,No,162.79
10297,64,Double,Yes,287.84
10298,64,Double,Yes,279.19
10299,64,Suite,No,337.83
10300,64,Double,Yes,321.18
10301,64,Double,No,464.20
10302,64,Double,Yes,57.97
10303,64,Double,No,487.71
10304,64,Suite,Yes,442.04
10305,64,Single,No,268.05
10306,64,Single,Yes,301.21
10307,64,Double,No,181.64
10308,64,Single,Yes,261.92
10309,64,Suite,No,365.21
10310,64,Single,Yes,472.36
10311,64,Suite,Yes,310.65
10312,64,Single,No,52.78
10313,64,Single,No,495.50
10314,64,Single,Yes,326.10
10315,64,Double,Yes,142.46
10316,64,Double,No,179.49
10317,64,Suite,No,126.72
10318,64,Double,Yes,416.54
10319,64,Single,No,160.77
10320,64,Double,No,176.80
10321,64,Single,No,272.34
10322,64,Suite,No,68.53
10323,64,Double,No,183.78
10324,64,Double,No,66.86
10325,64,Double,Yes,292.17
10326,64,Single,No,159.96
10327,64,Double,Yes,485.37
10328,64,Suite,No,167.75
10329,64,Single,No,79.27
10330,64,Single,Yes,249.49
10331,64,Double,No,199.46
10332,64,Single,No,139.74
10333,64,Double,No,306.49
10334,64,Double,Yes,195.33
10335,64,Single,Yes,380.36
10336,64,Single,No,289.39
10337,64,Single,Yes,259.13
10338,64,Double,Yes,209.83
10339,64,Single,Yes,463.90
10340,64,Double,No,433.89
10341,64,Double,Yes,411.59
10342,64,Double,No,117.93
10343,64,Single,No,430.31
10344,64,Single,Yes,470.94
10345,64,Single,No,428.67
10346,64,Double,Yes,426.45
10347,64,Double,Yes,212.52
10348,64,Suite,Yes,138.99
10349,64,Suite,Yes,265.17
10350,64,Single,Yes,67.16
10351,64,Double,No,233.33
10352,64,Single,Yes,161.02
10353,64,Double,No,468.53
10354,64,Single,No,118.89
10355,64,Suite,Yes,193.98
10356,64,Double,Yes,375.42
10357,64,Double,No,409.16
10358,64,Double,Yes,342.40
10359,64,Double,Yes,166.86
10360,64,Single,Yes,333.80
10361,64,Suite,No,458.37
10362,64,Suite,No,112.02
10363,64,Double,Yes,256.70
10364,64,Suite,No,216.81
10365,64,Suite,No,279.86
10366,64,Single,No,186.03
10367,64,Suite,Yes,296.63
10368,64,Single,Yes,58.26
10369,64,Single,No,347.13
10370,64,Double,No,212.66
10371,64,Suite,Yes,275.66
10372,64,Suite,No,383.58
10373,64,Double,Yes,384.72
10374,64,Double,No,178.50
10375,64,Double,No,475.49
10376,64,Double,Yes,187.31
10377,64,Suite,Yes,50.92
10378,64,Single,No,494.06
10379,64,Suite,No,66.94
10380,64,Double,No,441.14
10381,64,Double,Yes,419.82
10382,64,Suite,No,314.64
10383,64,Suite,No,192.67
10384,64,Double,No,401.78
10385,64,Single,No,416.38
10386,64,Suite,Yes,362.69
10387,64,Single,Yes,436.86
10388,64,Single,No,197.97
10389,64,Suite,No,381.71
10390,64,Single,No,267.98
10391,64,Suite,No,411.39
10392,64,Suite,No,360.45
10393,64,Double,Yes,305.34
10394,64,Single,Yes,74.89
10395,64,Single,Yes,467.30
10396,64,Double,Yes,333.44
10397,64,Single,Yes,423.12
10398,64,Single,No,242.05
10399,64,Suite,No,198.84
10400,64,Single,Yes,341.39
10401,64,Single,Yes,218.50
10402,64,Double,No,82.06
10403,64,Double,Yes,275.56
10404,64,Double,No,231.54
10405,64,Suite,Yes,145.10
10406,64,Suite,No,499.47
10407,64,Double,Yes,207.48
10408,64,Double,Yes,180.49
10409,64,Suite,Yes,330.05
10410,64,Double,Yes,316.41
10411,64,Single,Yes,429.17
10412,64,Double,No,81.55
10413,64,Suite,No,118.95
10414,64,Single,Yes,154.79
10415,64,Double,Yes,210.84
10416,64,Suite,No,445.73
10417,64,Single,No,230.11
10418,64,Single,No,315.15
10419,64,Suite,Yes,74.42
10420,64,Suite,No,380.16
10421,64,Single,No,162.05
10422,64,Suite,Yes,473.64
10423,64,Single,No,167.04
10424,64,Double,Yes,328.43
10425,64,Single,No,319.82
10426,64,Single,No,65.78
10427,64,Single,Yes,105.03
10428,64,Suite,No,97.88
10429,64,Suite,No,461.71
10430,64,Single,Yes,319.25
10431,64,Single,No,303.85
10432,64,Single,No,221.48
10433,64,Single,No,277.66
10434,64,Suite,Yes,146.63
10435,64,Single,Yes,80.98
10436,64,Suite,Yes,127.14
10437,64,Suite,Yes,218.36
10438,64,Suite,No,216.95
10439,64,Double,No,98.70
10440,64,Suite,Yes,398.92
10441,64,Double,No,311.80
10442,64,Single,Yes,209.57
10443,64,Suite,Yes,251.92
10444,64,Single,Yes,131.16
10445,64,Single,No,338.90
10446,64,Suite,No,145.50
10447,64,Double,Yes,144.02
10448,64,Double,No,445.94
10449,64,Suite,Yes,215.44
10450,64,Single,Yes,458.74
10451,64,Suite,No,61.59
10452,64,Double,Yes,433.36
10453,64,Double,Yes,422.57
10454,64,Single,No,491.30
10455,64,Suite,Yes,252.53
10456,64,Suite,No,380.42
10457,64,Single,No,285.64
10458,64,Double,No,121.43
10459,64,Double,No,188.46
10460,64,Single,No,312.20
10461,64,Single,No,196.69
10462,64,Double,No,93.08
10463,64,Double,No,142.14
10464,64,Single,No,475.05
10465,64,Double,Yes,180.72
10466,64,Double,Yes,220.93
10467,64,Single,No,350.24
10468,64,Double,No,147.24
10469,64,Double,No,270.90
10470,64,Single,Yes,218.36
10471,64,Suite,Yes,252.72
10472,64,Single,No,152.56
10473,64,Double,No,477.90
10474,64,Single,Yes,309.28
10475,64,Single,Yes,140.47
10476,64,Single,No,212.02
10477,64,Single,No,159.04
10478,64,Single,Yes,84.90
10479,64,Single,No,324.39
10480,64,Double,No,222.68
10481,64,Double,Yes,87.41
10482,64,Double,Yes,368.64
10483,64,Double,Yes,147.71
10484,64,Suite,No,243.29
10485,64,Double,Yes,347.80
10486,64,Single,Yes,254.88
10487,64,Suite,No,340.86
10488,64,Single,No,76.11
10489,64,Double,No,234.27
10490,64,Double,No,164.72
10491,64,Double,No,235.13
10492,64,Suite,No,487.64
10493,64,Double,Yes,279.75
10494,64,Double,No,101.46
10495,64,Double,Yes,361.86
10496,64,Double,Yes,176.23
10497,64,Single,Yes,411.30
10498,64,Single,Yes,349.74
10499,64,Double,Yes,283.14
10500,64,Double,Yes,86.62
10501,64,Double,Yes,293.32
10502,64,Double,Yes,196.80
10503,65,Double,Yes,190.82
10504,65,Double,Yes,301.27
10505,65,Double,Yes,98.16
10506,65,Double,Yes,311.14
10507,65,Suite,Yes,103.80
10508,65,Double,No,90.94
10509,65,Suite,No,93.71
10510,65,Double,No,232.17
10511,65,Suite,No,74.29
10512,65,Double,No,159.32
10513,65,Double,Yes,269.60
10514,65,Double,Yes,349.49
10515,65,Double,Yes,295.35
10516,65,Single,No,367.97
10517,65,Double,Yes,431.41
10518,65,Double,Yes,191.75
10519,65,Single,Yes,410.93
10520,65,Double,Yes,160.80
10521,65,Suite,No,167.57
10522,65,Single,Yes,189.71
10523,65,Suite,Yes,367.35
10524,65,Single,Yes,294.56
10525,65,Single,Yes,434.55
10526,65,Single,No,178.27
10527,65,Single,No,70.59
10528,65,Single,No,161.10
10529,65,Single,No,229.45
10530,65,Suite,No,127.30
10531,65,Suite,Yes,100.30
10532,65,Suite,No,462.76
10533,65,Single,Yes,304.16
10534,65,Suite,Yes,143.55
10535,65,Double,No,93.38
10536,65,Single,Yes,462.88
10537,65,Double,No,285.03
10538,65,Double,Yes,373.76
10539,65,Single,Yes,275.38
10540,65,Double,No,398.06
10541,65,Suite,Yes,318.17
10542,65,Double,Yes,410.37
10543,65,Suite,Yes,303.42
10544,65,Double,No,130.98
10545,65,Double,No,482.03
10546,65,Suite,No,335.60
10547,65,Double,No,258.19
10548,65,Suite,No,116.64
10549,65,Single,Yes,130.98
10550,65,Single,No,390.69
10551,65,Suite,Yes,481.68
10552,65,Single,Yes,187.67
10553,65,Suite,No,452.86
10554,65,Suite,Yes,53.70
10555,65,Double,No,155.03
10556,65,Single,Yes,157.74
10557,65,Double,Yes,391.37
10558,65,Double,No,256.28
10559,65,Single,Yes,126.61
10560,65,Double,No,289.92
10561,65,Suite,No,51.00
10562,65,Suite,No,98.41
10563,65,Suite,No,149.53
10564,65,Double,Yes,226.77
10565,65,Single,Yes,132.51
10566,65,Single,Yes,207.91
10567,65,Single,Yes,399.24
10568,65,Single,Yes,238.41
10569,65,Single,Yes,182.07
10570,65,Double,No,461.02
10571,65,Suite,No,107.55
10572,65,Single,Yes,419.40
10573,65,Single,Yes,251.50
10574,65,Double,Yes,219.15
10575,65,Double,No,325.38
10576,65,Single,Yes,331.35
10577,65,Single,No,191.15
10578,65,Double,Yes,312.36
10579,65,Double,No,323.47
10580,65,Suite,Yes,148.86
10581,65,Double,Yes,270.71
10582,65,Suite,No,181.59
10583,65,Single,Yes,189.04
10584,65,Suite,No,458.68
10585,65,Suite,Yes,88.36
10586,65,Suite,No,259.73
10587,65,Double,Yes,286.82
10588,65,Suite,No,227.70
10589,65,Single,No,159.30
10590,65,Single,No,232.42
10591,65,Suite,No,354.58
10592,65,Suite,Yes,432.08
10593,65,Suite,No,83.99
10594,65,Double,Yes,446.34
10595,65,Suite,Yes,51.03
10596,65,Double,No,176.02
10597,65,Single,Yes,196.69
10598,65,Suite,Yes,455.13
10599,65,Double,Yes,60.95
10600,65,Suite,Yes,410.08
10601,65,Single,Yes,470.18
10602,65,Single,Yes,417.17
10603,65,Single,No,375.78
10604,65,Double,Yes,119.12
10605,65,Suite,No,286.67
10606,65,Suite,Yes,371.81
10607,65,Suite,Yes,202.80
10608,65,Double,Yes,296.84
10609,65,Double,Yes,324.57
10610,65,Suite,No,427.64
10611,65,Double,No,433.01
10612,65,Suite,Yes,167.96
10613,65,Double,Yes,81.21
10614,65,Single,Yes,136.22
10615,65,Suite,No,197.53
10616,65,Suite,Yes,490.17
10617,65,Single,Yes,253.02
10618,65,Suite,No,63.88
10619,65,Double,No,188.59
10620,65,Single,No,203.51
10621,65,Suite,Yes,259.22
10622,65,Single,No,247.47
10623,65,Double,Yes,497.75
10624,65,Single,Yes,245.46
10625,65,Double,No,488.43
10626,65,Suite,Yes,54.91
10627,65,Double,No,487.22
10628,65,Double,Yes,384.89
10629,65,Double,No,419.91
10630,65,Single,No,449.01
10631,65,Suite,No,280.56
10632,65,Single,No,299.53
10633,65,Single,No,199.01
10634,65,Single,No,203.51
10635,65,Double,Yes,323.45
10636,65,Double,Yes,74.81
10637,65,Double,Yes,254.25
10638,65,Double,Yes,491.90
10639,65,Suite,No,425.71
10640,65,Single,No,320.39
10641,65,Suite,Yes,233.80
10642,65,Double,Yes,127.02
10643,65,Single,No,108.24
10644,65,Single,No,82.51
10645,65,Single,No,381.70
10646,65,Suite,Yes,267.63
10647,65,Single,Yes,175.81
10648,65,Suite,No,405.81
10649,65,Double,No,357.78
10650,65,Single,Yes,498.18
10651,65,Suite,Yes,283.66
10652,65,Suite,Yes,424.04
10653,65,Double,Yes,329.20
10654,65,Double,No,414.27
10655,65,Suite,Yes,374.74
10656,65,Single,Yes,302.37
10657,65,Single,No,394.59
10658,65,Double,No,449.50
10659,65,Double,Yes,214.02
10660,65,Double,Yes,140.35
10661,65,Single,No,406.29
10662,65,Suite,Yes,121.57
10663,65,Single,Yes,279.84
10664,65,Single,No,291.94
10665,65,Suite,No,143.91
10666,65,Double,Yes,146.54
10667,65,Double,No,396.93
10668,65,Single,Yes,54.73
10669,65,Suite,No,169.25
10670,65,Double,No,249.24
10671,65,Suite,Yes,210.06
10672,65,Suite,No,228.01
10673,65,Single,No,95.92
10674,65,Suite,Yes,236.52
10675,65,Suite,Yes,473.46
10676,65,Suite,No,139.41
10677,65,Suite,No,161.43
10678,65,Single,Yes,67.78
10679,65,Single,Yes,469.39
10680,65,Double,Yes,139.66
10681,65,Suite,No,254.51
10682,65,Single,No,293.16
10683,65,Single,No,385.54
10684,65,Suite,Yes,150.31
10685,65,Suite,Yes,404.11
10686,65,Single,No,364.11
10687,65,Suite,Yes,451.85
10688,65,Suite,Yes,177.88
10689,65,Single,Yes,168.65
10690,65,Double,Yes,377.57
10691,65,Suite,Yes,207.40
10692,65,Double,Yes,497.87
10693,65,Suite,Yes,391.42
10694,65,Single,Yes,401.35
10695,65,Single,Yes,236.68
10696,65,Double,Yes,293.63
10697,65,Double,Yes,443.28
10698,65,Double,No,50.03
10699,65,Double,No,102.46
10700,65,Double,Yes,442.05
10701,65,Double,No,81.79
10702,65,Double,No,404.38
10703,65,Double,Yes,84.30
10704,65,Single,Yes,285.15
10705,66,Double,Yes,132.22
10706,66,Suite,Yes,88.21
10707,66,Suite,Yes,342.42
10708,66,Double,Yes,170.67
10709,66,Suite,No,387.46
10710,66,Single,Yes,464.93
10711,66,Single,Yes,385.08
10712,66,Suite,Yes,362.90
10713,66,Suite,Yes,204.44
10714,66,Double,Yes,78.94
10715,66,Single,No,464.53
10716,66,Single,Yes,98.76
10717,66,Suite,Yes,349.36
10718,66,Single,No,369.18
10719,66,Single,Yes,214.20
10720,66,Single,No,217.06
10721,66,Double,No,292.73
10722,66,Single,Yes,131.83
10723,66,Double,Yes,328.25
10724,66,Suite,No,353.44
10725,66,Single,Yes,75.72
10726,66,Double,No,282.39
10727,66,Suite,Yes,71.73
10728,66,Single,Yes,314.43
10729,66,Double,Yes,246.01
10730,66,Single,Yes,415.90
10731,66,Single,No,259.46
10732,66,Double,Yes,445.70
10733,66,Single,No,114.46
10734,66,Single,Yes,459.19
10735,66,Suite,No,344.70
10736,66,Single,No,269.00
10737,66,Suite,Yes,218.43
10738,66,Single,No,301.31
10739,66,Single,Yes,215.01
10740,66,Single,No,404.29
10741,66,Single,Yes,74.64
10742,66,Double,No,219.10
10743,66,Suite,Yes,418.67
10744,66,Single,Yes,360.35
10745,66,Suite,No,196.14
10746,66,Suite,Yes,131.03
10747,66,Double,No,364.67
10748,66,Single,Yes,196.44
10749,66,Double,No,131.99
10750,66,Double,No,163.93
10751,66,Double,Yes,252.58
10752,66,Double,No,306.60
10753,66,Single,Yes,225.57
10754,66,Single,Yes,425.15
10755,66,Single,Yes,152.19
10756,66,Single,No,186.09
10757,66,Single,No,280.73
10758,66,Single,No,162.76
10759,66,Single,Yes,403.45
10760,66,Double,Yes,56.22
10761,66,Double,Yes,478.36
10762,66,Suite,No,138.10
10763,66,Suite,Yes,492.49
10764,66,Single,Yes,419.90
10765,66,Single,Yes,58.64
10766,66,Double,Yes,171.51
10767,66,Suite,Yes,418.46
10768,66,Single,No,219.38
10769,66,Suite,No,122.46
10770,66,Single,Yes,84.58
10771,66,Double,Yes,335.29
10772,66,Single,No,497.10
10773,66,Suite,No,432.18
10774,66,Double,Yes,457.38
10775,66,Single,No,433.14
10776,66,Single,Yes,150.56
10777,66,Double,No,213.89
10778,66,Double,Yes,445.76
10779,66,Double,Yes,294.51
10780,66,Single,Yes,135.63
10781,66,Suite,Yes,124.21
10782,66,Double,Yes,403.76
10783,66,Suite,Yes,305.04
10784,66,Suite,No,180.06
10785,66,Suite,Yes,319.32
10786,66,Suite,No,304.59
10787,66,Double,No,441.09
10788,66,Suite,No,417.18
10789,66,Suite,Yes,92.50
10790,66,Double,No,214.04
10791,66,Suite,Yes,120.28
10792,66,Double,No,364.19
10793,66,Double,Yes,467.76
10794,66,Single,No,191.14
10795,66,Single,No,62.48
10796,66,Double,Yes,135.63
10797,66,Single,No,421.10
10798,66,Double,Yes,281.67
10799,66,Suite,Yes,139.58
10800,66,Double,No,445.24
10801,66,Single,Yes,302.54
10802,66,Single,No,417.50
10803,66,Single,Yes,290.72
10804,66,Double,No,236.64
10805,66,Single,Yes,307.64
10806,66,Suite,No,283.29
10807,66,Single,No,429.95
10808,66,Double,No,430.60
10809,66,Single,No,347.02
10810,66,Single,No,354.26
10811,66,Suite,Yes,423.23
10812,66,Suite,No,393.33
10813,66,Single,Yes,235.69
10814,66,Double,Yes,351.08
10815,66,Suite,No,409.22
10816,66,Double,Yes,372.31
10817,66,Single,Yes,403.21
10818,66,Single,Yes,253.72
10819,66,Single,Yes,250.78
10820,66,Single,Yes,412.44
10821,66,Suite,Yes,472.65
10822,66,Suite,Yes,296.71
10823,66,Double,No,93.07
10824,66,Double,No,112.74
10825,66,Suite,Yes,427.07
10826,66,Double,No,139.95
10827,66,Double,Yes,308.81
10828,66,Suite,Yes,153.29
10829,66,Double,Yes,115.03
10830,66,Double,No,76.33
10831,66,Suite,No,160.78
10832,66,Suite,No,431.14
10833,66,Single,Yes,80.74
10834,66,Suite,Yes,424.07
10835,66,Single,Yes,427.02
10836,66,Double,Yes,312.48
10837,66,Suite,No,489.48
10838,66,Double,Yes,204.56
10839,66,Single,Yes,305.00
10840,66,Single,No,360.99
10841,66,Suite,Yes,284.74
10842,66,Suite,Yes,429.86
10843,66,Single,Yes,467.66
10844,66,Suite,No,212.67
10845,66,Double,Yes,220.84
10846,66,Single,No,302.25
10847,66,Suite,No,316.04
10848,66,Single,No,212.84
10849,66,Single,No,479.23
10850,67,Single,No,447.36
10851,67,Double,No,349.34
10852,67,Single,No,243.16
10853,67,Single,No,469.75
10854,67,Double,No,92.63
10855,67,Single,No,446.31
10856,67,Suite,No,439.86
10857,67,Suite,No,333.88
10858,67,Suite,Yes,364.83
10859,67,Double,No,445.50
10860,67,Single,No,361.89
10861,67,Suite,No,431.17
10862,67,Single,No,86.99
10863,67,Suite,No,99.45
10864,67,Double,No,177.74
10865,67,Single,Yes,371.17
10866,67,Suite,No,397.59
10867,67,Single,Yes,305.85
10868,67,Double,Yes,375.06
10869,67,Double,No,190.36
10870,67,Suite,Yes,409.92
10871,67,Suite,Yes,175.46
10872,67,Suite,Yes,326.17
10873,67,Single,No,334.18
10874,67,Double,Yes,221.19
10875,67,Double,No,413.42
10876,67,Single,No,365.46
10877,67,Single,No,411.31
10878,67,Single,No,442.57
10879,67,Suite,No,132.39
10880,67,Suite,Yes,382.78
10881,67,Double,No,129.58
10882,67,Double,No,432.70
10883,67,Single,Yes,358.29
10884,67,Suite,No,498.66
10885,67,Single,No,196.70
10886,67,Single,No,387.68
10887,67,Suite,Yes,117.03
10888,67,Suite,Yes,206.43
10889,67,Suite,No,193.94
10890,67,Suite,Yes,420.73
10891,67,Suite,Yes,182.22
10892,67,Single,No,470.28
10893,67,Double,Yes,351.94
10894,67,Double,No,227.26
10895,67,Double,Yes,347.36
10896,67,Suite,Yes,135.21
10897,67,Double,Yes,342.95
10898,67,Suite,Yes,442.25
10899,67,Single,Yes,352.84
10900,67,Double,No,288.63
10901,67,Double,No,51.18
10902,67,Suite,Yes,382.84
10903,67,Double,No,311.10
10904,67,Suite,No,414.49
10905,67,Suite,No,367.06
10906,67,Suite,No,197.71
10907,67,Suite,Yes,207.55
10908,67,Single,No,302.04
10909,67,Single,No,242.59
10910,67,Single,Yes,136.68
10911,67,Single,No,253.42
10912,67,Double,Yes,106.97
10913,67,Double,Yes,336.09
10914,67,Suite,Yes,414.91
10915,67,Single,Yes,436.21
10916,67,Single,No,260.88
10917,67,Single,Yes,261.87
10918,67,Suite,No,73.50
10919,67,Double,Yes,186.89
10920,67,Double,Yes,146.67
10921,67,Suite,Yes,209.18
10922,67,Single,Yes,81.64
10923,67,Suite,No,306.20
10924,67,Suite,No,293.28
10925,67,Suite,Yes,166.06
10926,67,Double,No,124.06
10927,67,Single,Yes,218.23
10928,67,Suite,No,238.55
10929,67,Double,Yes,486.65
10930,67,Single,No,369.24
10931,67,Suite,Yes,340.55
10932,67,Double,No,195.85
10933,67,Suite,No,130.78
10934,67,Double,No,417.89
10935,67,Double,Yes,491.39
10936,67,Single,No,63.24
10937,67,Double,Yes,52.11
10938,67,Double,Yes,267.19
10939,67,Single,Yes,388.24
10940,67,Single,Yes,61.63
10941,67,Double,Yes,264.29
10942,67,Double,No,56.92
10943,67,Suite,Yes,473.96
10944,67,Single,Yes,50.41
10945,67,Suite,Yes,444.80
10946,67,Double,No,227.86
10947,67,Suite,No,325.95
10948,67,Suite,Yes,362.83
10949,67,Double,Yes,228.03
10950,67,Double,No,157.73
10951,67,Suite,Yes,198.10
10952,67,Suite,Yes,235.08
10953,67,Double,Yes,242.40
10954,67,Suite,No,282.82
10955,67,Suite,Yes,357.51
10956,67,Single,Yes,383.25
10957,67,Single,Yes,301.96
10958,67,Double,No,151.43
10959,67,Single,Yes,472.02
10960,67,Suite,Yes,120.17
10961,67,Single,No,102.01
10962,67,Double,Yes,399.43
10963,67,Single,Yes,138.63
10964,67,Single,Yes,284.82
10965,67,Suite,Yes,202.89
10966,67,Single,Yes,259.40
10967,67,Single,No,196.01
10968,67,Suite,No,180.55
10969,67,Single,Yes,52.02
10970,67,Double,No,191.50
10971,67,Suite,No,143.80
10972,67,Suite,Yes,478.58
10973,67,Suite,Yes,195.63
10974,67,Single,Yes,231.08
10975,67,Single,No,369.41
10976,67,Suite,No,345.48
10977,67,Suite,Yes,499.56
10978,67,Double,Yes,153.69
10979,67,Single,Yes,88.76
10980,67,Suite,No,332.33
10981,67,Suite,No,137.36
10982,67,Single,Yes,172.70
10983,67,Suite,No,346.21
10984,67,Suite,Yes,471.15
10985,67,Single,Yes,52.40
10986,67,Double,No,431.10
10987,67,Suite,No,416.32
10988,67,Double,Yes,343.19
10989,68,Single,Yes,370.81
10990,68,Double,Yes,368.15
10991,68,Single,Yes,229.09
10992,68,Single,Yes,246.65
10993,68,Single,Yes,147.53
10994,68,Suite,No,449.71
10995,68,Suite,No,212.21
10996,68,Double,Yes,65.98
10997,68,Double,No,442.42
10998,68,Double,No,494.44
10999,68,Single,Yes,491.14
11000,68,Suite,Yes,221.89
11001,68,Suite,Yes,267.84
11002,68,Suite,No,306.07
11003,68,Double,No,281.65
11004,68,Double,Yes,299.66
11005,68,Single,No,269.61
11006,68,Suite,No,321.89
11007,68,Double,Yes,226.59
11008,68,Single,No,315.62
11009,68,Suite,Yes,153.82
11010,68,Double,Yes,62.90
11011,68,Single,No,317.06
11012,68,Double,No,82.57
11013,68,Double,No,155.88
11014,68,Double,Yes,239.84
11015,68,Single,Yes,287.81
11016,68,Double,Yes,489.53
11017,68,Double,No,469.70
11018,68,Double,No,279.30
11019,68,Double,No,362.94
11020,68,Single,Yes,267.72
11021,68,Suite,No,375.75
11022,68,Single,No,134.07
11023,68,Suite,Yes,134.00
11024,68,Single,No,61.71
11025,68,Double,Yes,165.53
11026,68,Single,Yes,427.79
11027,68,Suite,Yes,387.44
11028,68,Double,No,490.75
11029,68,Double,No,427.62
11030,68,Single,Yes,480.94
11031,68,Single,No,201.10
11032,68,Double,Yes,334.59
11033,68,Single,Yes,427.60
11034,68,Suite,Yes,116.36
11035,68,Suite,No,80.02
11036,68,Suite,No,360.09
11037,68,Single,Yes,468.74
11038,68,Double,Yes,438.48
11039,68,Suite,Yes,483.91
11040,68,Suite,No,428.26
11041,68,Double,No,147.37
11042,68,Single,Yes,93.55
11043,68,Suite,Yes,419.01
11044,68,Double,Yes,177.88
11045,68,Double,Yes,250.08
11046,68,Suite,Yes,439.62
11047,68,Suite,No,139.85
11048,68,Double,Yes,303.78
11049,68,Suite,Yes,422.84
11050,68,Suite,No,184.50
11051,68,Double,No,441.97
11052,68,Single,No,312.07
11053,68,Single,Yes,276.25
11054,68,Suite,Yes,104.60
11055,68,Double,Yes,489.66
11056,68,Double,Yes,215.29
11057,68,Suite,Yes,81.37
11058,68,Single,No,136.56
11059,68,Single,No,165.00
11060,68,Double,No,60.61
11061,68,Single,No,426.71
11062,68,Suite,No,285.53
11063,68,Single,Yes,216.81
11064,68,Single,Yes,166.53
11065,69,Single,Yes,242.74
11066,69,Suite,No,459.08
11067,69,Double,No,218.09
11068,69,Suite,No,402.57
11069,69,Single,Yes,261.17
11070,69,Double,Yes,192.34
11071,69,Suite,No,302.52
11072,69,Double,No,209.85
11073,69,Single,Yes,153.45
11074,69,Suite,Yes,261.23
11075,69,Suite,No,373.22
11076,69,Suite,Yes,369.57
11077,69,Single,No,213.87
11078,69,Double,No,259.18
11079,69,Suite,No,134.56
11080,69,Suite,Yes,185.90
11081,69,Double,Yes,75.26
11082,69,Double,Yes,422.07
11083,69,Single,No,379.18
11084,69,Single,Yes,88.57
11085,69,Suite,Yes,116.72
11086,69,Suite,Yes,227.14
11087,69,Double,Yes,350.09
11088,69,Suite,Yes,228.26
11089,69,Double,No,146.44
11090,69,Suite,Yes,182.69
11091,69,Suite,No,316.45
11092,69,Double,No,353.70
11093,69,Single,Yes,265.50
11094,69,Double,No,486.18
11095,69,Single,Yes,152.79
11096,69,Single,No,185.70
11097,69,Double,No,473.33
11098,69,Suite,Yes,279.36
11099,69,Suite,Yes,414.93
11100,69,Single,No,166.10
11101,69,Suite,No,198.56
11102,69,Single,No,175.99
11103,69,Suite,Yes,176.55
11104,69,Suite,Yes,86.41
11105,69,Double,Yes,95.27
11106,69,Suite,Yes,421.46
11107,69,Double,No,419.85
11108,69,Double,No,235.91
11109,69,Suite,No,71.84
11110,69,Double,No,297.67
11111,69,Suite,Yes,156.31
11112,69,Double,No,232.49
11113,69,Double,No,155.94
11114,69,Single,Yes,162.30
11115,69,Suite,No,269.29
11116,69,Single,No,98.52
11117,69,Double,Yes,358.36
11118,69,Suite,Yes,456.94
11119,69,Single,Yes,59.57
11120,69,Suite,Yes,327.96
11121,69,Single,Yes,147.34
11122,69,Double,Yes,410.54
11123,69,Single,Yes,369.85
11124,69,Double,No,306.61
11125,69,Single,Yes,456.16
11126,69,Double,Yes,455.85
11127,69,Double,Yes,369.64
11128,69,Double,Yes,427.68
11129,69,Single,No,201.69
11130,69,Double,Yes,437.47
11131,69,Double,No,56.93
11132,69,Double,No,351.87
11133,69,Double,No,359.58
11134,69,Single,No,160.63
11135,69,Suite,No,115.56
11136,69,Suite,No,401.24
11137,69,Single,No,325.15
11138,69,Suite,No,208.90
11139,69,Double,No,321.87
11140,69,Single,No,273.00
11141,69,Double,No,344.11
11142,69,Single,Yes,455.80
11143,69,Suite,Yes,66.31
11144,69,Suite,No,309.02
11145,69,Suite,Yes,499.92
11146,69,Double,Yes,164.76
11147,69,Double,Yes,290.83
11148,69,Double,No,198.08
11149,69,Suite,No,121.15
11150,69,Single,Yes,144.26
11151,69,Suite,Yes,443.09
11152,69,Suite,No,392.69
11153,69,Single,Yes,450.83
11154,69,Double,Yes,481.55
11155,69,Double,No,105.23
11156,69,Double,Yes,475.03
11157,69,Suite,Yes,340.34
11158,69,Single,No,102.03
11159,69,Single,Yes,436.29
11160,69,Double,Yes,178.39
11161,69,Double,Yes,180.83
11162,69,Single,Yes,347.44
11163,69,Single,No,61.49
11164,69,Double,Yes,298.19
11165,69,Double,No,101.56
11166,69,Double,Yes,278.73
11167,69,Single,Yes,193.58
11168,69,Suite,No,156.12
11169,69,Double,Yes,65.66
11170,69,Single,No,140.35
11171,69,Single,No,308.32
11172,69,Single,No,379.86
11173,69,Single,No,155.99
11174,69,Double,No,335.66
11175,69,Single,Yes,335.39
11176,69,Suite,No,99.35
11177,69,Double,No,143.29
11178,69,Single,No,313.67
11179,69,Single,Yes,167.68
11180,69,Double,Yes,435.51
11181,69,Suite,Yes,169.06
11182,69,Suite,No,317.46
11183,69,Double,No,389.07
11184,69,Double,No,293.36
11185,69,Single,No,433.12
11186,69,Double,Yes,187.70
11187,69,Single,No,198.56
11188,69,Suite,No,109.29
11189,69,Double,Yes,268.00
11190,69,Single,No,366.39
11191,69,Suite,No,279.13
11192,69,Double,Yes,345.49
11193,69,Double,No,134.76
11194,69,Suite,Yes,267.36
11195,69,Double,No,267.50
11196,69,Double,No,113.55
11197,69,Double,No,214.95
11198,69,Suite,Yes,207.42
11199,69,Suite,Yes,479.76
11200,69,Double,No,437.08
11201,69,Suite,Yes,398.35
11202,69,Suite,No,68.09
11203,69,Single,Yes,454.85
11204,69,Suite,Yes,98.08
11205,69,Suite,No,433.01
11206,69,Suite,No,172.04
11207,69,Suite,No,409.29
11208,69,Single,Yes,186.70
11209,69,Suite,Yes,276.99
11210,69,Suite,Yes,138.38
11211,69,Double,No,276.07
11212,69,Double,No,252.40
11213,69,Double,No,497.06
11214,69,Suite,No,358.22
11215,69,Single,Yes,203.13
11216,69,Double,No,400.45
11217,69,Double,No,463.81
11218,69,Double,Yes,177.91
11219,69,Double,No,257.65
11220,69,Double,No,392.90
11221,69,Single,No,244.63
11222,69,Suite,Yes,312.50
11223,69,Suite,Yes,117.64
11224,69,Suite,Yes,407.65
11225,69,Single,No,109.45
11226,69,Double,Yes,251.96
11227,69,Double,Yes,209.10
11228,69,Suite,No,250.29
11229,69,Suite,No,319.02
11230,69,Double,Yes,124.40
11231,69,Single,Yes,429.71
11232,69,Suite,Yes,199.67
11233,69,Single,Yes,183.92
11234,69,Single,No,404.53
11235,69,Double,No,185.62
11236,69,Double,No,497.96
11237,69,Double,No,343.61
11238,69,Double,Yes,107.62
11239,69,Suite,No,58.92
11240,69,Double,No,81.13
11241,69,Single,Yes,218.85
11242,69,Single,No,269.24
11243,69,Suite,No,141.86
11244,69,Double,Yes,283.48
11245,69,Single,No,210.50
11246,69,Double,No,270.04
11247,69,Suite,Yes,103.86
11248,69,Double,No,298.77
11249,69,Single,No,256.85
11250,69,Double,Yes,130.00
11251,69,Suite,No,150.39
11252,69,Double,No,276.33
11253,69,Suite,Yes,389.57
11254,69,Double,Yes,333.89
11255,69,Suite,Yes,131.92
11256,69,Double,Yes,481.30
11257,69,Double,Yes,62.30
11258,69,Suite,Yes,462.88
11259,69,Suite,Yes,434.55
11260,69,Single,Yes,402.63
11261,69,Double,Yes,453.91
11262,69,Single,Yes,437.74
11263,69,Single,No,171.51
11264,69,Suite,Yes,214.76
11265,69,Single,No,297.81
11266,69,Suite,No,150.86
11267,69,Single,Yes,174.64
11268,69,Double,No,322.39
11269,69,Suite,No,142.60
11270,69,Double,No,312.46
11271,69,Single,No,346.40
11272,69,Single,No,82.01
11273,69,Single,No,129.35
11274,69,Suite,Yes,119.07
11275,69,Single,Yes,350.31
11276,69,Single,No,148.22
11277,69,Single,No,444.77
11278,69,Suite,No,106.36
11279,69,Single,Yes,157.52
11280,69,Suite,No,193.71
11281,69,Suite,Yes,385.82
11282,69,Suite,Yes,350.00
11283,69,Double,Yes,299.07
11284,69,Single,Yes,332.69
11285,69,Single,Yes,429.73
11286,69,Double,No,433.58
11287,69,Suite,No,297.64
11288,69,Double,No,342.87
11289,69,Double,No,453.21
11290,69,Double,Yes,169.20
11291,69,Suite,Yes,242.18
11292,69,Double,Yes,109.05
11293,69,Double,Yes,209.96
11294,69,Single,Yes,480.44
11295,69,Suite,Yes,211.35
11296,69,Suite,Yes,481.15
11297,69,Suite,No,75.46
11298,69,Double,No,297.31
11299,69,Double,No,63.56
11300,69,Double,No,143.95
11301,69,Suite,No,278.44
11302,69,Suite,No,208.97
11303,69,Double,No,237.83
11304,69,Single,No,51.40
11305,69,Single,No,332.44
11306,69,Double,No,360.71
11307,69,Suite,Yes,183.44
11308,69,Single,Yes,456.71
11309,69,Double,No,430.76
11310,69,Single,No,162.22
11311,69,Suite,Yes,114.39
11312,69,Single,Yes,406.68
11313,69,Single,Yes,458.72
11314,69,Single,No,344.01
11315,69,Suite,Yes,151.10
11316,69,Suite,Yes,97.35
11317,69,Single,No,342.35
11318,69,Single,No,359.25
11319,69,Suite,Yes,185.57
11320,69,Suite,No,146.77
11321,69,Single,No,322.84
11322,69,Single,No,468.26
11323,69,Double,Yes,418.61
11324,69,Suite,No,424.12
11325,69,Single,Yes,452.26
11326,69,Suite,Yes,278.31
11327,69,Double,Yes,444.76
11328,69,Single,No,133.19
11329,69,Suite,No,405.43
11330,69,Double,No,287.56
11331,69,Suite,Yes,144.87
11332,69,Suite,Yes,269.09
11333,69,Double,Yes,324.73
11334,69,Suite,No,427.39
11335,70,Suite,Yes,159.88
11336,70,Single,No,429.72
11337,70,Double,No,140.59
11338,70,Single,No,300.67
11339,70,Single,Yes,264.96
11340,70,Suite,Yes,264.45
11341,70,Double,Yes,83.44
11342,70,Suite,No,455.25
11343,70,Double,Yes,435.49
11344,70,Single,Yes,151.93
11345,70,Single,Yes,283.46
11346,70,Double,No,281.65
11347,70,Suite,Yes,82.27
11348,70,Suite,No,260.68
11349,70,Single,No,201.05
11350,70,Suite,Yes,396.14
11351,70,Double,Yes,172.33
11352,70,Suite,Yes,381.45
11353,70,Double,Yes,417.22
11354,70,Suite,Yes,263.63
11355,70,Double,No,105.67
11356,70,Double,No,189.40
11357,70,Single,Yes,155.69
11358,70,Suite,Yes,474.21
11359,70,Suite,No,325.62
11360,70,Double,No,424.51
11361,70,Double,No,214.16
11362,70,Single,No,143.67
11363,70,Double,No,412.61
11364,70,Suite,Yes,440.15
11365,70,Double,Yes,469.66
11366,70,Double,No,487.21
11367,70,Double,Yes,121.81
11368,70,Single,Yes,467.97
11369,70,Suite,Yes,52.18
11370,70,Double,Yes,253.56
11371,70,Double,Yes,312.32
11372,70,Double,Yes,472.85
11373,70,Double,No,392.56
11374,70,Double,Yes,103.23
11375,70,Double,No,494.96
11376,70,Single,Yes,226.34
11377,70,Double,Yes,486.41
11378,70,Double,No,486.37
11379,70,Single,No,406.60
11380,70,Suite,No,340.97
11381,70,Suite,No,302.48
11382,70,Double,Yes,148.74
11383,70,Suite,Yes,432.80
11384,70,Double,No,116.24
11385,70,Suite,No,195.86
11386,70,Suite,Yes,102.72
11387,70,Suite,Yes,336.20
11388,70,Double,No,202.89
11389,70,Double,No,320.84
11390,70,Single,No,301.12
11391,70,Suite,Yes,419.16
11392,70,Double,Yes,151.64
11393,70,Double,No,224.25
11394,70,Single,Yes,465.28
11395,70,Suite,No,199.07
11396,70,Suite,No,102.12
11397,70,Suite,No,264.95
11398,70,Suite,Yes,97.81
11399,70,Double,Yes,358.31
11400,70,Single,Yes,242.22
11401,70,Suite,No,236.97
11402,70,Double,Yes,350.88
11403,70,Single,Yes,475.96
11404,70,Single,Yes,218.02
11405,70,Double,No,324.09
11406,70,Suite,Yes,455.75
11407,70,Double,Yes,302.58
11408,70,Suite,Yes,93.94
11409,70,Suite,Yes,294.93
11410,70,Single,Yes,498.76
11411,70,Single,No,115.46
11412,70,Suite,Yes,66.88
11413,70,Double,Yes,63.46
11414,70,Single,No,369.42
11415,70,Single,No,213.69
11416,70,Suite,No,453.76
11417,70,Single,Yes,102.16
11418,70,Suite,Yes,106.91
11419,70,Single,Yes,287.30
11420,70,Suite,Yes,83.44
11421,70,Single,Yes,69.03
11422,70,Single,Yes,143.81
11423,70,Double,Yes,106.30
11424,70,Double,No,66.27
11425,70,Double,No,433.39
11426,70,Suite,Yes,377.18
11427,70,Double,Yes,76.59
11428,70,Double,Yes,328.15
11429,70,Suite,Yes,456.23
11430,70,Single,No,155.41
11431,70,Suite,Yes,73.22
11432,70,Suite,Yes,410.04
11433,70,Double,No,241.62
11434,71,Suite,No,378.30
11435,71,Suite,Yes,173.37
11436,71,Suite,Yes,475.48
11437,71,Suite,No,203.34
11438,71,Single,No,64.49
11439,71,Double,No,460.08
11440,71,Single,Yes,378.98
11441,71,Suite,No,444.93
11442,71,Single,No,332.85
11443,71,Single,No,64.91
11444,71,Double,Yes,269.98
11445,71,Suite,No,185.05
11446,71,Double,Yes,113.13
11447,71,Suite,No,78.69
11448,71,Suite,No,455.31
11449,71,Double,Yes,234.84
11450,71,Single,Yes,57.28
11451,71,Single,Yes,428.75
11452,71,Double,Yes,207.13
11453,71,Single,Yes,478.89
11454,71,Single,Yes,234.68
11455,71,Single,No,362.64
11456,71,Double,No,275.65
11457,71,Single,No,429.34
11458,71,Single,Yes,367.03
11459,71,Suite,No,153.67
11460,71,Suite,Yes,251.94
11461,71,Single,No,243.35
11462,71,Double,No,370.32
11463,71,Suite,No,65.71
11464,71,Single,Yes,352.72
11465,71,Double,No,331.68
11466,71,Suite,No,481.80
11467,71,Suite,Yes,172.12
11468,71,Single,Yes,188.27
11469,71,Single,Yes,133.80
11470,71,Single,Yes,188.10
11471,71,Suite,Yes,386.51
11472,71,Double,No,249.73
11473,71,Double,Yes,473.00
11474,71,Double,No,59.01
11475,71,Double,No,330.96
11476,71,Double,No,187.09
11477,71,Suite,Yes,51.41
11478,71,Double,No,402.11
11479,71,Single,No,110.62
11480,71,Single,No,213.47
11481,71,Suite,Yes,437.75
11482,71,Suite,Yes,150.82
11483,71,Double,No,180.19
11484,71,Double,Yes,258.22
11485,71,Double,No,73.98
11486,71,Double,No,331.30
11487,71,Double,Yes,81.00
11488,71,Double,No,61.13
11489,71,Suite,No,455.49
11490,71,Double,Yes,365.15
11491,71,Single,Yes,115.58
11492,71,Double,No,226.91
11493,71,Single,No,313.36
11494,71,Double,Yes,156.57
11495,71,Double,Yes,173.26
11496,71,Single,Yes,188.39
11497,71,Double,Yes,423.08
11498,71,Single,No,452.10
11499,71,Suite,Yes,160.70
11500,71,Single,No,212.90
11501,71,Double,Yes,440.87
11502,71,Double,No,139.93
11503,71,Suite,No,126.55
11504,71,Single,Yes,351.38
11505,71,Single,No,88.13
11506,71,Single,No,379.99
11507,71,Double,Yes,173.04
11508,71,Suite,Yes,356.57
11509,71,Single,No,449.26
11510,71,Suite,Yes,428.38
11511,71,Single,Yes,156.79
11512,71,Suite,Yes,56.14
11513,71,Single,Yes,438.05
11514,71,Single,No,82.48
11515,71,Single,Yes,329.71
11516,71,Suite,Yes,342.73
11517,71,Suite,No,112.96
11518,71,Single,Yes,476.44
11519,71,Single,Yes,165.42
11520,71,Suite,Yes,437.71
11521,71,Double,Yes,195.90
11522,71,Single,Yes,487.81
11523,71,Single,No,466.95
11524,71,Double,Yes,224.44
11525,71,Double,No,394.96
11526,71,Single,Yes,153.36
11527,71,Double,Yes,370.77
11528,71,Double,No,331.98
11529,71,Single,No,462.99
11530,71,Single,Yes,69.18
11531,71,Suite,No,59.76
11532,71,Suite,Yes,106.27
11533,71,Single,No,299.96
11534,71,Single,No,117.04
11535,71,Double,No,232.05
11536,71,Double,Yes,332.12
11537,71,Single,Yes,469.33
11538,71,Suite,No,99.56
11539,71,Single,No,411.13
11540,71,Single,No,294.23
11541,71,Suite,No,162.25
11542,71,Double,No,119.31
11543,71,Suite,Yes,276.53
11544,71,Suite,Yes,241.27
11545,71,Single,No,434.37
11546,71,Double,No,56.94
11547,71,Double,No,91.97
11548,71,Suite,Yes,414.95
11549,71,Suite,No,459.17
11550,71,Single,No,450.14
11551,71,Suite,No,170.15
11552,71,Suite,No,282.59
11553,71,Double,Yes,186.63
11554,71,Single,No,119.79
11555,71,Suite,Yes,329.41
11556,71,Double,No,295.91
11557,71,Suite,No,380.03
11558,71,Single,No,258.34
11559,71,Single,No,366.48
11560,71,Suite,No,181.91
11561,71,Double,No,365.20
11562,71,Suite,Yes,279.88
11563,71,Suite,No,415.40
11564,71,Single,Yes,383.94
11565,71,Single,Yes,460.82
11566,71,Suite,No,149.36
11567,71,Single,Yes,179.35
11568,71,Double,No,460.36
11569,71,Single,No,246.97
11570,71,Single,Yes,85.71
11571,71,Double,No,469.79
11572,71,Double,Yes,269.68
11573,71,Single,No,187.54
11574,71,Double,Yes,87.98
11575,71,Single,Yes,398.90
11576,71,Double,Yes,131.70
11577,71,Single,Yes,118.15
11578,71,Suite,No,108.77
11579,71,Single,Yes,296.10
11580,71,Single,Yes,343.68
11581,71,Suite,Yes,184.66
11582,71,Double,Yes,209.76
11583,72,Single,Yes,133.00
11584,72,Single,No,264.21
11585,72,Suite,No,255.81
11586,72,Suite,No,342.53
11587,72,Double,No,306.30
11588,72,Suite,No,245.81
11589,72,Double,Yes,497.61
11590,72,Suite,Yes,88.91
11591,72,Double,Yes,254.98
11592,72,Single,No,86.25
11593,72,Double,Yes,187.87
11594,72,Single,No,393.62
11595,72,Double,No,259.85
11596,72,Double,No,147.05
11597,72,Single,Yes,219.86
11598,72,Suite,No,145.72
11599,72,Suite,Yes,383.95
11600,72,Single,No,464.06
11601,72,Double,No,112.67
11602,72,Single,Yes,231.56
11603,72,Suite,No,105.48
11604,72,Single,No,190.86
11605,72,Double,No,191.46
11606,72,Single,No,143.64
11607,72,Double,Yes,457.35
11608,72,Single,Yes,216.92
11609,72,Single,Yes,202.28
11610,72,Suite,Yes,118.32
11611,72,Suite,Yes,429.32
11612,72,Single,Yes,461.95
11613,72,Double,No,309.29
11614,72,Double,No,64.12
11615,72,Single,No,203.29
11616,72,Single,No,442.99
11617,72,Double,Yes,92.99
11618,72,Single,Yes,264.92
11619,72,Single,Yes,75.70
11620,72,Suite,Yes,194.41
11621,72,Single,No,408.26
11622,72,Single,Yes,430.16
11623,72,Suite,Yes,402.84
11624,72,Suite,No,291.78
11625,72,Single,Yes,303.46
11626,72,Single,No,169.71
11627,72,Double,Yes,226.23
11628,72,Single,Yes,83.98
11629,72,Double,Yes,420.99
11630,72,Single,Yes,464.44
11631,72,Single,Yes,207.75
11632,72,Single,No,340.89
11633,72,Suite,Yes,150.43
11634,72,Single,No,165.07
11635,72,Single,No,449.69
11636,72,Suite,Yes,297.13
11637,72,Single,No,119.03
11638,72,Suite,Yes,269.51
11639,72,Suite,Yes,411.94
11640,72,Single,No,108.11
11641,72,Double,Yes,266.57
11642,72,Single,Yes,215.06
11643,72,Suite,No,328.96
11644,72,Suite,No,214.50
11645,72,Double,Yes,265.46
11646,72,Double,Yes,151.16
11647,72,Double,No,56.58
11648,72,Suite,Yes,144.06
11649,72,Single,No,299.64
11650,72,Suite,No,81.72
11651,72,Suite,No,261.19
11652,72,Double,Yes,444.15
11653,72,Suite,Yes,95.68
11654,72,Suite,Yes,436.44
11655,72,Single,No,107.57
11656,72,Suite,Yes,64.70
11657,72,Double,No,238.48
11658,72,Suite,No,457.72
11659,72,Double,Yes,201.72
11660,72,Suite,No,254.57
11661,72,Double,Yes,490.02
11662,72,Single,Yes,377.19
11663,72,Single,Yes,333.17
11664,72,Double,Yes,289.30
11665,72,Double,Yes,265.98
11666,72,Double,No,111.06
11667,72,Double,No,484.80
11668,72,Single,No,415.25
11669,72,Double,Yes,234.37
11670,72,Double,Yes,401.04
11671,72,Double,No,131.28
11672,72,Double,No,231.84
11673,72,Suite,No,460.15
11674,72,Double,Yes,53.37
11675,72,Suite,No,329.93
11676,72,Suite,Yes,164.77
11677,72,Single,No,191.42
11678,72,Double,No,88.50
11679,72,Single,Yes,211.62
11680,72,Single,No,468.53
11681,72,Double,Yes,357.24
11682,72,Single,No,239.57
11683,72,Single,Yes,300.46
11684,72,Suite,Yes,379.77
11685,72,Single,Yes,243.85
11686,72,Single,Yes,263.92
11687,72,Suite,Yes,257.29
11688,72,Suite,No,196.54
11689,72,Suite,Yes,56.27
11690,72,Suite,No,99.36
11691,72,Double,Yes,277.05
11692,72,Double,No,171.68
11693,72,Single,Yes,344.27
11694,72,Suite,No,405.06
11695,72,Single,No,231.30
11696,72,Suite,No,177.54
11697,72,Double,No,297.09
11698,72,Single,Yes,110.87
11699,72,Double,No,177.29
11700,72,Suite,No,282.25
11701,72,Single,Yes,373.53
11702,72,Double,No,151.72
11703,72,Single,Yes,240.16
11704,72,Double,Yes,285.72
11705,72,Double,Yes,50.08
11706,72,Double,Yes,210.73
11707,72,Double,No,428.14
11708,72,Suite,No,149.38
11709,72,Suite,No,303.85
11710,72,Double,No,225.60
11711,72,Single,No,493.80
11712,72,Single,Yes,396.15
11713,72,Suite,No,110.94
11714,72,Double,No,314.29
11715,72,Single,Yes,223.50
11716,72,Double,No,178.49
11717,72,Double,Yes,182.99
11718,72,Single,Yes,233.42
11719,72,Double,No,376.57
11720,72,Double,Yes,327.08
11721,72,Suite,No,318.77
11722,72,Single,Yes,467.12
11723,72,Single,No,67.98
11724,72,Suite,Yes,270.26
11725,72,Double,No,69.78
11726,72,Double,Yes,183.09
11727,72,Suite,Yes,417.51
11728,72,Suite,Yes,383.79
11729,72,Double,Yes,164.01
11730,72,Single,No,149.71
11731,72,Double,No,485.14
11732,72,Single,No,303.54
11733,72,Single,Yes,288.24
11734,72,Suite,Yes,450.45
11735,72,Suite,No,175.03
11736,72,Suite,Yes,156.88
11737,72,Single,Yes,407.91
11738,72,Suite,Yes,252.29
11739,72,Single,No,273.27
11740,72,Single,No,294.81
11741,72,Suite,Yes,171.84
11742,72,Single,Yes,187.48
11743,72,Double,Yes,102.05
11744,72,Double,No,162.05
11745,72,Double,No,371.63
11746,72,Double,No,464.20
11747,72,Single,No,328.36
11748,72,Single,No,238.53
11749,72,Single,No,227.06
11750,72,Suite,No,400.26
11751,72,Single,Yes,495.34
11752,72,Double,No,404.17
11753,72,Double,Yes,231.97
11754,72,Suite,Yes,351.67
11755,72,Single,Yes,254.29
11756,72,Single,No,320.71
11757,72,Suite,Yes,486.61
11758,72,Single,No,307.65
11759,72,Double,No,283.15
11760,72,Suite,No,256.00
11761,72,Suite,Yes,322.49
11762,72,Single,Yes,478.67
11763,72,Single,Yes,471.73
11764,72,Suite,Yes,325.81
11765,72,Double,No,75.98
11766,72,Suite,Yes,249.23
11767,72,Double,Yes,186.38
11768,72,Suite,Yes,195.23
11769,72,Double,Yes,176.80
11770,72,Suite,No,440.96
11771,72,Double,No,255.16
11772,72,Single,No,288.83
11773,72,Suite,No,197.44
11774,72,Single,No,440.88
11775,72,Single,Yes,363.57
11776,72,Single,Yes,473.82
11777,72,Double,Yes,64.45
11778,72,Double,Yes,157.96
11779,72,Double,No,261.31
11780,72,Single,Yes,245.07
11781,72,Suite,No,207.51
11782,72,Double,Yes,195.63
11783,72,Single,Yes,291.53
11784,72,Double,Yes,128.37
11785,72,Suite,Yes,480.47
11786,72,Suite,No,369.58
11787,72,Double,Yes,110.61
11788,72,Double,No,478.33
11789,72,Double,No,475.92
11790,72,Single,Yes,73.79
11791,72,Single,Yes,241.62
11792,72,Single,Yes,409.98
11793,72,Double,Yes,229.68
11794,72,Double,Yes,113.40
11795,72,Single,No,393.90
11796,72,Suite,Yes,84.88
11797,72,Suite,No,256.16
11798,72,Single,No,265.23
11799,72,Suite,Yes,242.29
11800,72,Suite,No,335.16
11801,72,Double,No,369.71
11802,72,Single,No,208.38
11803,72,Double,No,193.66
11804,72,Single,Yes,299.31
11805,72,Single,Yes,263.75
11806,72,Single,No,487.66
11807,72,Double,Yes,341.38
11808,72,Suite,No,228.53
11809,72,Suite,Yes,199.50
11810,72,Single,Yes,155.28
11811,72,Suite,No,370.90
11812,72,Suite,No,445.20
11813,72,Double,No,183.78
11814,72,Single,No,106.38
11815,72,Suite,Yes,305.22
11816,72,Suite,No,324.99
11817,72,Double,Yes,169.76
11818,72,Double,Yes,261.88
11819,72,Suite,No,87.95
11820,72,Double,No,106.46
11821,72,Suite,Yes,498.36
11822,72,Single,Yes,144.87
11823,72,Double,Yes,491.50
11824,72,Double,Yes,75.00
11825,72,Suite,Yes,328.68
11826,72,Suite,No,130.75
11827,72,Suite,Yes,252.88
11828,72,Double,No,381.09
11829,72,Suite,Yes,184.77
11830,72,Double,Yes,322.41
11831,72,Suite,No,222.81
11832,72,Double,No,436.20
11833,72,Suite,Yes,273.59
11834,72,Single,No,468.17
11835,72,Double,No,81.26
11836,72,Double,Yes,187.28
11837,72,Double,No,242.64
11838,72,Double,Yes,354.51
11839,72,Single,No,103.95
11840,72,Double,No,253.62
11841,72,Double,No,193.67
11842,72,Suite,No,161.47
11843,72,Single,Yes,328.34
11844,72,Suite,No,373.28
11845,72,Single,No,397.59
11846,72,Double,No,363.77
11847,72,Single,No,197.04
11848,72,Single,No,90.72
11849,72,Single,Yes,75.44
11850,72,Double,Yes,89.46
11851,72,Suite,No,88.47
11852,72,Suite,No,486.63
11853,72,Single,Yes,237.32
11854,72,Double,Yes,182.93
11855,72,Double,No,445.63
11856,72,Double,Yes,371.02
11857,72,Suite,No,255.96
11858,72,Suite,No,137.27
11859,72,Double,No,442.59
11860,72,Suite,Yes,129.00
11861,72,Double,No,312.29
11862,72,Single,Yes,337.50
11863,72,Suite,No,150.19
11864,72,Suite,No,280.61
11865,72,Single,No,172.10
11866,72,Single,No,193.82
11867,72,Single,No,406.39
11868,72,Single,No,379.74
11869,72,Suite,No,347.05
11870,72,Double,Yes,403.80
11871,72,Double,No,407.73
11872,72,Double,Yes,485.97
11873,72,Double,Yes,285.14
11874,72,Double,Yes,274.87
11875,72,Double,Yes,478.36
11876,72,Double,No,273.82
11877,72,Suite,Yes,102.70
11878,72,Double,No,262.71
11879,72,Single,Yes,403.39
11880,72,Single,Yes,50.99
11881,72,Double,No,357.21
11882,72,Single,Yes,193.88
11883,72,Single,No,362.34
11884,72,Double,No,224.35
11885,72,Single,No,478.44
11886,72,Single,No,177.50
11887,72,Suite,No,303.34
11888,72,Single,No,177.06
11889,72,Single,Yes,85.62
11890,72,Single,No,288.28
11891,72,Single,Yes,270.03
11892,72,Single,No,219.55
11893,72,Double,Yes,407.67
11894,72,Double,Yes,454.02
11895,72,Suite,No,162.20
11896,72,Suite,No,350.23
11897,72,Suite,No,164.11
11898,72,Suite,No,339.02
11899,72,Suite,Yes,321.92
11900,72,Double,Yes,64.02
11901,72,Double,Yes,63.06
11902,72,Double,No,80.46
11903,72,Double,No,396.12
11904,72,Double,No,346.39
11905,72,Double,Yes,208.12
11906,72,Single,Yes,161.05
11907,72,Suite,No,125.96
11908,72,Single,No,113.53
11909,72,Suite,No,446.02
11910,72,Single,No,227.36
11911,72,Single,No,376.76
11912,72,Double,No,126.09
11913,72,Single,No,480.29
11914,72,Double,No,404.40
11915,72,Single,No,423.18
11916,72,Single,No,222.17
11917,72,Single,Yes,106.41
11918,72,Suite,Yes,357.16
11919,72,Double,Yes,411.64
11920,72,Double,No,97.90
11921,72,Single,No,58.89
11922,72,Suite,No,436.67
11923,72,Double,Yes,181.07
11924,72,Double,Yes,119.48
11925,72,Suite,No,408.03
11926,72,Double,No,304.21
11927,72,Single,No,62.98
11928,72,Single,Yes,72.16
11929,72,Double,Yes,304.31
11930,72,Single,Yes,490.41
11931,72,Suite,No,396.08
11932,72,Suite,No,275.07
11933,72,Single,No,480.87
11934,72,Single,Yes,104.31
11935,72,Single,No,487.83
11936,72,Suite,No,274.43
11937,72,Single,No,357.74
11938,72,Single,No,390.03
11939,72,Double,No,116.66
11940,72,Single,No,51.00
11941,72,Double,No,189.63
11942,73,Suite,Yes,284.23
11943,73,Single,No,468.67
11944,73,Suite,Yes,269.55
11945,73,Suite,Yes,257.50
11946,73,Double,No,233.23
11947,73,Suite,No,221.84
11948,73,Single,Yes,176.22
11949,73,Suite,No,286.87
11950,73,Suite,No,456.36
11951,73,Double,Yes,368.98
11952,73,Suite,Yes,448.04
11953,73,Suite,No,196.97
11954,73,Suite,Yes,457.47
11955,73,Suite,No,101.18
11956,73,Double,Yes,78.72
11957,73,Single,No,367.25
11958,73,Single,Yes,493.37
11959,73,Single,Yes,124.29
11960,73,Suite,Yes,473.03
11961,73,Suite,No,461.58
11962,73,Suite,No,78.69
11963,73,Double,Yes,262.88
11964,73,Single,Yes,284.46
11965,73,Single,No,265.80
11966,73,Double,No,483.70
11967,73,Suite,No,225.26
11968,73,Double,Yes,416.11
11969,73,Double,Yes,391.23
11970,73,Suite,Yes,436.98
11971,73,Suite,No,481.59
11972,73,Suite,No,348.91
11973,73,Double,No,95.92
11974,73,Double,Yes,486.05
11975,73,Single,Yes,82.06
11976,73,Suite,No,360.61
11977,73,Single,No,214.91
11978,73,Suite,Yes,294.10
11979,73,Double,Yes,440.65
11980,73,Double,No,488.19
11981,73,Double,Yes,127.68
11982,73,Single,No,309.57
11983,73,Suite,No,125.60
11984,73,Suite,No,355.56
11985,73,Double,Yes,368.46
11986,73,Single,No,370.01
11987,73,Suite,No,65.94
11988,73,Single,Yes,330.11
11989,73,Double,No,373.30
11990,73,Single,No,331.58
11991,73,Double,No,287.31
11992,73,Double,Yes,141.24
11993,73,Suite,Yes,222.81
11994,73,Suite,No,174.22
11995,73,Single,No,489.32
11996,73,Single,No,409.65
11997,73,Single,No,463.02
11998,73,Single,Yes,113.93
11999,73,Single,No,338.56
12000,73,Suite,Yes,194.06
12001,73,Double,No,214.73
12002,73,Double,No,316.12
12003,73,Suite,No,444.17
12004,73,Double,No,485.39
12005,73,Single,No,316.10
12006,73,Single,Yes,480.22
12007,73,Suite,Yes,143.68
12008,73,Single,Yes,259.94
12009,73,Double,No,411.22
12010,73,Double,No,454.04
12011,73,Double,No,332.92
12012,73,Single,Yes,466.11
12013,73,Suite,Yes,161.39
12014,73,Suite,Yes,213.65
12015,73,Suite,Yes,413.52
12016,73,Single,Yes,156.54
12017,73,Suite,No,118.16
12018,73,Double,Yes,178.98
12019,73,Single,No,495.17
12020,73,Suite,Yes,249.00
12021,73,Single,No,331.40
12022,73,Double,No,159.37
12023,73,Single,No,61.66
12024,73,Double,Yes,383.53
12025,73,Suite,No,321.25
12026,73,Double,No,79.16
12027,73,Double,No,100.62
12028,73,Double,No,175.47
12029,73,Suite,Yes,107.15
12030,73,Single,No,282.76
12031,73,Suite,No,479.00
12032,73,Suite,No,176.55
12033,73,Suite,Yes,78.06
12034,73,Double,No,480.97
12035,74,Single,Yes,275.04
12036,74,Suite,Yes,418.97
12037,74,Double,No,342.16
12038,74,Suite,Yes,480.14
12039,74,Single,Yes,87.05
12040,74,Single,Yes,179.93
12041,74,Single,No,54.61
12042,74,Double,Yes,74.79
12043,74,Double,No,182.41
12044,74,Single,Yes,335.65
12045,74,Suite,No,291.30
12046,74,Single,Yes,444.20
12047,74,Double,Yes,156.18
12048,74,Single,Yes,83.43
12049,74,Double,Yes,171.62
12050,74,Single,Yes,300.94
12051,74,Double,No,162.60
12052,74,Single,No,138.95
12053,74,Single,No,321.30
12054,74,Double,Yes,494.62
12055,74,Suite,Yes,385.07
12056,74,Suite,Yes,457.90
12057,74,Suite,Yes,445.36
12058,74,Double,Yes,328.21
12059,74,Single,No,453.33
12060,74,Suite,Yes,57.97
12061,74,Single,Yes,150.89
12062,74,Double,No,385.50
12063,74,Single,Yes,462.14
12064,74,Suite,Yes,254.27
12065,74,Suite,No,440.97
12066,74,Suite,Yes,183.94
12067,74,Suite,Yes,498.45
12068,74,Double,No,432.86
12069,74,Double,No,277.13
12070,74,Single,Yes,426.63
12071,74,Single,Yes,71.88
12072,74,Double,No,207.27
12073,74,Single,Yes,430.51
12074,74,Single,Yes,73.34
12075,74,Suite,Yes,451.22
12076,74,Double,Yes,483.21
12077,74,Single,No,452.68
12078,74,Double,Yes,98.61
12079,74,Single,Yes,481.72
12080,74,Double,No,307.10
12081,74,Single,Yes,383.44
12082,74,Suite,No,480.34
12083,74,Suite,Yes,146.62
12084,74,Suite,No,455.21
12085,74,Single,Yes,412.27
12086,74,Single,No,425.88
12087,74,Single,No,488.26
12088,74,Suite,Yes,449.06
12089,74,Single,No,65.72
12090,74,Suite,No,172.55
12091,74,Suite,Yes,161.18
12092,74,Double,Yes,69.45
12093,74,Suite,No,132.85
12094,74,Double,Yes,240.74
12095,74,Single,Yes,51.93
12096,74,Single,Yes,235.89
12097,74,Suite,No,71.49
12098,74,Suite,Yes,452.54
12099,74,Double,Yes,92.40
12100,74,Suite,No,206.04
12101,74,Suite,Yes,264.80
12102,74,Double,No,474.87
12103,74,Single,No,244.88
12104,74,Single,No,75.81
12105,74,Double,No,87.01
12106,74,Suite,Yes,97.35
12107,74,Double,Yes,405.21
12108,74,Double,Yes,351.84
12109,74,Single,No,122.12
12110,74,Double,Yes,408.04
12111,74,Suite,Yes,163.33
12112,74,Suite,Yes,363.05
12113,74,Single,No,458.80
12114,74,Single,No,132.63
12115,74,Single,No,210.04
12116,74,Double,No,234.64
12117,74,Suite,No,308.83
12118,74,Suite,No,92.04
12119,74,Double,Yes,126.92
12120,74,Single,No,437.36
12121,74,Suite,Yes,131.30
12122,74,Single,Yes,101.10
12123,74,Single,No,376.54
12124,74,Suite,No,296.92
12125,74,Single,Yes,218.14
12126,74,Suite,No,329.45
12127,74,Double,No,231.12
12128,74,Suite,No,378.38
12129,74,Single,Yes,483.98
12130,74,Single,Yes,455.64
12131,74,Single,Yes,242.63
12132,74,Single,No,185.85
12133,74,Double,No,454.45
12134,74,Single,Yes,440.71
12135,74,Suite,No,421.27
12136,74,Suite,No,330.55
12137,74,Single,Yes,470.35
12138,74,Suite,No,133.72
12139,74,Suite,No,241.97
12140,74,Suite,No,440.58
12141,74,Double,Yes,455.73
12142,74,Single,Yes,482.03
12143,74,Single,Yes,458.70
12144,74,Single,No,269.21
12145,74,Single,Yes,446.76
12146,74,Single,Yes,241.39
12147,74,Double,Yes,360.12
12148,74,Single,Yes,415.77
12149,74,Double,No,256.31
12150,74,Suite,Yes,188.67
12151,74,Double,No,147.61
12152,74,Single,Yes,359.60
12153,74,Single,Yes,280.80
12154,74,Double,Yes,225.81
12155,74,Single,Yes,208.70
12156,74,Double,Yes,349.32
12157,74,Single,Yes,75.24
12158,74,Suite,No,324.66
12159,74,Double,Yes,475.17
12160,74,Single,Yes,118.42
12161,74,Double,No,321.72
12162,74,Suite,Yes,56.56
12163,74,Single,Yes,85.31
12164,74,Double,No,306.97
12165,74,Single,No,148.43
12166,74,Single,Yes,451.88
12167,74,Single,Yes,71.68
12168,74,Double,No,107.05
12169,74,Single,Yes,311.68
12170,74,Suite,Yes,81.11
12171,74,Double,Yes,381.56
12172,74,Single,No,311.53
12173,74,Suite,No,161.82
12174,74,Suite,No,75.03
12175,74,Double,Yes,206.08
12176,74,Single,No,354.85
12177,74,Single,No,204.64
12178,74,Double,Yes,325.44
12179,74,Double,Yes,481.94
12180,74,Single,Yes,353.12
12181,74,Double,No,91.70
12182,74,Single,Yes,355.18
12183,74,Double,Yes,289.21
12184,74,Single,No,152.35
12185,74,Double,No,444.60
12186,74,Suite,No,409.60
12187,74,Double,No,459.39
12188,74,Suite,No,343.18
12189,74,Double,No,131.29
12190,74,Single,Yes,299.09
12191,74,Single,No,406.37
12192,74,Single,No,362.38
12193,74,Double,Yes,57.52
12194,74,Single,Yes,367.78
12195,74,Double,Yes,390.31
12196,74,Double,Yes,136.70
12197,74,Double,Yes,300.14
12198,74,Double,No,223.20
12199,74,Single,No,138.38
12200,74,Single,No,202.85
12201,74,Suite,No,146.60
12202,74,Suite,Yes,222.32
12203,74,Suite,Yes,338.55
12204,74,Single,No,92.73
12205,74,Double,No,249.16
12206,74,Suite,Yes,418.55
12207,74,Suite,Yes,271.28
12208,74,Suite,Yes,301.68
12209,74,Suite,No,157.74
12210,74,Double,No,453.55
12211,74,Single,Yes,218.84
12212,74,Double,Yes,300.19
12213,74,Suite,No,238.90
12214,74,Suite,Yes,482.92
12215,74,Double,Yes,100.32
12216,74,Single,Yes,151.55
12217,74,Double,No,315.68
12218,74,Single,No,216.47
12219,74,Single,Yes,305.18
12220,74,Double,No,205.59
12221,74,Single,No,234.68
12222,74,Suite,Yes,94.06
12223,74,Suite,Yes,320.02
12224,74,Single,No,104.09
12225,74,Double,No,298.72
12226,74,Suite,Yes,352.35
12227,74,Suite,Yes,489.75
12228,74,Double,Yes,324.89
12229,74,Double,No,340.32
12230,75,Suite,Yes,426.23
12231,75,Double,No,382.52
12232,75,Suite,No,235.54
12233,75,Suite,No,145.23
12234,75,Double,Yes,376.78
12235,75,Single,Yes,79.66
12236,75,Suite,No,346.26
12237,75,Double,No,409.38
12238,75,Suite,Yes,427.57
12239,75,Suite,Yes,145.69
12240,75,Suite,Yes,424.53
12241,75,Single,No,412.70
12242,75,Double,Yes,357.72
12243,75,Suite,No,428.48
12244,75,Suite,Yes,202.94
12245,75,Single,No,383.02
12246,75,Suite,No,297.21
12247,75,Single,No,269.80
12248,75,Suite,Yes,340.71
12249,75,Single,No,359.37
12250,75,Single,No,157.68
12251,75,Single,Yes,197.37
12252,75,Single,Yes,368.25
12253,75,Suite,Yes,342.14
12254,75,Suite,No,311.40
12255,75,Suite,Yes,125.61
12256,75,Suite,Yes,484.89
12257,75,Suite,No,264.64
12258,75,Suite,Yes,414.51
12259,75,Single,No,261.42
12260,75,Suite,Yes,320.35
12261,75,Single,No,259.80
12262,75,Double,Yes,94.67
12263,75,Suite,Yes,69.27
12264,75,Suite,Yes,319.02
12265,75,Double,No,449.66
12266,75,Suite,Yes,277.29
12267,75,Suite,No,418.23
12268,75,Single,Yes,208.31
12269,75,Double,No,72.32
12270,75,Single,Yes,92.16
12271,75,Double,Yes,138.87
12272,75,Single,No,398.19
12273,75,Double,No,153.07
12274,75,Suite,Yes,374.03
12275,75,Double,Yes,133.98
12276,75,Double,Yes,122.12
12277,75,Suite,Yes,287.61
12278,75,Suite,No,210.37
12279,75,Double,No,438.74
12280,75,Single,Yes,62.71
12281,76,Single,Yes,193.69
12282,76,Double,Yes,319.55
12283,76,Single,Yes,378.27
12284,76,Suite,No,174.56
12285,76,Double,Yes,468.61
12286,76,Suite,No,217.66
12287,76,Suite,No,244.85
12288,76,Double,No,228.60
12289,76,Suite,Yes,213.84
12290,76,Single,No,159.35
12291,76,Double,No,439.83
12292,76,Single,No,81.72
12293,76,Double,No,208.40
12294,76,Suite,Yes,168.55
12295,76,Suite,No,298.54
12296,76,Double,Yes,495.65
12297,76,Suite,Yes,257.48
12298,76,Double,Yes,383.31
12299,76,Suite,No,214.79
12300,76,Suite,Yes,127.24
12301,76,Double,No,142.76
12302,76,Single,No,250.44
12303,76,Single,No,398.93
12304,76,Double,No,154.94
12305,76,Single,No,412.41
12306,76,Single,No,202.73
12307,76,Single,No,391.57
12308,76,Double,Yes,263.79
12309,76,Suite,No,256.29
12310,76,Single,No,254.77
12311,76,Double,Yes,73.18
12312,76,Double,No,401.85
12313,76,Double,No,342.98
12314,76,Double,No,419.45
12315,76,Single,No,220.06
12316,76,Suite,Yes,239.59
12317,76,Suite,No,445.39
12318,76,Suite,Yes,117.99
12319,76,Single,Yes,160.52
12320,76,Single,No,481.20
12321,76,Suite,No,366.78
12322,76,Double,Yes,378.44
12323,76,Suite,No,364.51
12324,76,Suite,No,397.19
12325,76,Double,No,310.97
12326,76,Double,No,329.65
12327,76,Single,No,237.84
12328,76,Single,Yes,261.60
12329,76,Suite,No,154.92
12330,76,Double,No,328.69
12331,76,Suite,No,474.23
12332,76,Single,No,402.81
12333,76,Single,Yes,89.96
12334,76,Double,No,273.08
12335,76,Single,No,265.07
12336,76,Suite,Yes,136.57
12337,76,Single,No,288.26
12338,76,Single,Yes,196.05
12339,76,Single,Yes,472.21
12340,76,Suite,No,309.42
12341,76,Double,No,137.49
12342,76,Single,No,384.38
12343,76,Double,Yes,57.56
12344,76,Double,No,376.15
12345,76,Single,No,336.90
12346,76,Double,Yes,257.78
12347,76,Double,No,192.94
12348,76,Single,Yes,358.40
12349,76,Single,No,307.96
12350,76,Double,No,456.75
12351,76,Double,Yes,106.19
12352,76,Suite,Yes,258.55
12353,76,Single,No,251.81
12354,76,Double,Yes,145.42
12355,76,Single,No,193.97
12356,76,Double,No,163.05
12357,76,Suite,No,156.70
12358,76,Single,Yes,288.37
12359,76,Double,No,372.55
12360,76,Single,Yes,286.91
12361,76,Double,Yes,171.79
12362,76,Single,Yes,137.85
12363,76,Single,Yes,417.53
12364,76,Double,Yes,467.91
12365,76,Suite,No,386.19
12366,76,Single,No,70.54
12367,76,Single,No,68.24
12368,76,Suite,Yes,79.10
12369,76,Suite,Yes,136.76
12370,76,Double,No,95.75
12371,76,Single,No,287.25
12372,76,Single,Yes,213.78
12373,76,Suite,No,222.96
12374,76,Double,No,363.61
12375,76,Single,No,453.70
12376,76,Suite,Yes,476.16
12377,76,Double,Yes,122.94
12378,76,Suite,Yes,160.23
12379,76,Suite,Yes,374.30
12380,76,Double,Yes,165.34
12381,76,Suite,No,425.63
12382,76,Suite,Yes,467.30
12383,76,Single,Yes,464.21
12384,76,Single,No,295.40
12385,76,Double,No,113.48
12386,76,Suite,No,447.80
12387,76,Single,No,113.16
12388,76,Suite,Yes,106.24
12389,76,Single,Yes,188.80
12390,76,Suite,Yes,194.41
12391,76,Suite,No,401.21
12392,76,Double,No,325.92
12393,76,Single,No,82.44
12394,76,Suite,Yes,234.07
12395,76,Double,No,269.97
12396,76,Single,No,419.44
12397,76,Double,No,455.77
12398,76,Suite,Yes,172.72
12399,76,Double,No,391.66
12400,76,Single,Yes,217.25
12401,76,Suite,No,411.47
12402,76,Single,No,369.39
12403,76,Single,Yes,130.50
12404,76,Single,No,146.79
12405,76,Double,Yes,255.12
12406,76,Single,Yes,153.42
12407,76,Suite,Yes,309.46
12408,76,Single,Yes,208.34
12409,76,Suite,No,264.76
12410,76,Double,Yes,444.57
12411,76,Single,No,372.23
12412,76,Double,Yes,253.43
12413,76,Double,Yes,109.68
12414,76,Double,No,93.73
12415,76,Single,No,446.32
12416,76,Suite,No,63.83
12417,76,Double,No,185.94
12418,76,Single,Yes,266.77
12419,76,Double,No,132.42
12420,76,Suite,No,329.53
12421,76,Single,Yes,199.73
12422,76,Double,No,337.58
12423,76,Suite,No,129.49
12424,76,Double,No,213.20
12425,76,Single,No,292.46
12426,76,Double,No,415.95
12427,76,Suite,No,175.19
12428,76,Single,No,449.93
12429,76,Double,Yes,360.94
12430,76,Suite,Yes,380.02
12431,76,Suite,Yes,151.53
12432,76,Single,No,267.41
12433,76,Double,No,278.31
12434,76,Single,No,361.02
12435,76,Single,No,91.32
12436,76,Double,No,217.87
12437,76,Single,Yes,359.53
12438,76,Single,Yes,423.39
12439,76,Double,Yes,421.03
12440,76,Suite,No,286.49
12441,76,Suite,No,258.62
12442,76,Single,Yes,56.64
12443,76,Single,Yes,325.43
12444,76,Single,Yes,190.55
12445,76,Double,Yes,251.77
12446,76,Double,Yes,228.83
12447,76,Suite,No,442.25
12448,76,Double,No,259.45
12449,76,Single,Yes,310.38
12450,76,Suite,Yes,288.69
12451,76,Single,Yes,314.20
12452,76,Double,Yes,326.43
12453,76,Single,Yes,298.66
12454,76,Suite,No,276.80
12455,76,Double,No,483.76
12456,76,Single,No,191.68
12457,76,Single,No,326.88
12458,76,Double,No,350.78
12459,76,Double,Yes,130.52
12460,76,Single,No,52.27
12461,76,Single,Yes,66.26
12462,76,Single,Yes,240.96
12463,76,Double,No,192.14
12464,76,Suite,No,475.71
12465,76,Double,No,275.53
12466,76,Single,No,416.09
12467,76,Double,No,348.80
12468,76,Single,Yes,440.96
12469,76,Suite,Yes,110.66
12470,76,Suite,Yes,280.98
12471,76,Suite,No,190.70
12472,76,Suite,No,482.28
12473,76,Double,No,158.63
12474,76,Single,Yes,243.56
12475,76,Double,No,361.88
12476,76,Double,Yes,263.66
12477,76,Single,No,422.74
12478,76,Double,No,332.71
12479,76,Suite,No,183.19
12480,76,Suite,No,101.58
12481,76,Single,Yes,477.73
12482,76,Single,Yes,470.91
12483,76,Single,No,351.63
12484,76,Suite,Yes,368.27
12485,76,Suite,No,134.05
12486,76,Double,No,425.42
12487,76,Single,Yes,122.42
12488,76,Single,Yes,390.24
12489,76,Double,Yes,105.45
12490,76,Single,Yes,375.18
12491,76,Suite,Yes,192.58
12492,76,Single,Yes,79.64
12493,76,Suite,No,66.46
12494,76,Single,No,211.11
12495,76,Suite,No,169.07
12496,76,Double,No,124.43
12497,76,Suite,No,62.57
12498,76,Single,No,63.89
12499,76,Single,No,431.74
12500,76,Suite,Yes,365.18
12501,76,Single,No,205.78
12502,76,Suite,No,148.54
12503,76,Suite,No,455.25
12504,76,Double,No,483.02
12505,76,Double,Yes,377.46
12506,76,Double,Yes,257.56
12507,76,Double,Yes,146.32
12508,76,Suite,Yes,370.95
12509,76,Single,No,381.39
12510,76,Single,No,81.29
12511,76,Suite,No,499.07
12512,76,Double,Yes,181.84
12513,76,Double,Yes,131.52
12514,76,Single,Yes,127.93
12515,76,Single,No,389.37
12516,76,Suite,Yes,331.64
12517,76,Double,Yes,344.45
12518,76,Single,No,317.44
12519,76,Double,Yes,385.34
12520,76,Single,Yes,449.14
12521,76,Single,No,339.68
12522,76,Single,No,111.67
12523,76,Single,No,233.02
12524,76,Single,Yes,218.21
12525,76,Single,Yes,124.49
12526,76,Double,No,195.35
12527,76,Double,No,335.62
12528,76,Single,No,79.37
12529,76,Suite,No,465.63
12530,76,Suite,Yes,255.54
12531,76,Double,Yes,113.88
12532,76,Single,Yes,91.10
12533,76,Suite,No,296.67
12534,76,Suite,Yes,189.57
12535,76,Single,No,267.50
12536,76,Suite,Yes,70.43
12537,76,Suite,Yes,474.09
12538,76,Suite,Yes,209.64
12539,76,Double,No,201.14
12540,76,Double,Yes,412.95
12541,76,Single,Yes,131.80
12542,76,Double,No,291.28
12543,76,Double,Yes,75.16
12544,76,Suite,No,245.65
12545,76,Suite,No,280.29
12546,76,Double,No,425.13
12547,76,Single,Yes,375.38
12548,76,Suite,No,168.95
12549,76,Single,Yes,492.70
12550,76,Double,No,141.22
12551,76,Single,Yes,338.52
12552,76,Single,Yes,274.05
12553,76,Double,No,144.65
12554,76,Single,Yes,377.71
12555,76,Single,Yes,296.52
12556,76,Suite,No,388.69
12557,76,Double,No,226.12
12558,76,Double,No,172.54
12559,76,Double,Yes,174.83
12560,76,Double,No,460.37
12561,76,Suite,Yes,350.72
12562,76,Suite,No,223.06
12563,76,Double,No,458.67
12564,76,Double,Yes,233.60
12565,76,Double,Yes,216.50
12566,76,Double,No,198.17
12567,76,Suite,No,222.73
12568,76,Double,Yes,412.40
12569,76,Single,Yes,451.91
12570,76,Suite,No,435.18
12571,76,Suite,Yes,104.49
12572,76,Suite,Yes,133.15
12573,76,Suite,Yes,390.47
12574,76,Double,Yes,248.89
12575,76,Single,No,454.41
12576,76,Suite,No,188.28
12577,76,Double,No,226.95
12578,76,Suite,No,174.43
12579,76,Single,Yes,272.45
12580,76,Single,Yes,248.40
12581,76,Suite,No,109.35
12582,76,Single,No,434.92
12583,76,Double,No,118.47
12584,76,Double,Yes,340.60
12585,76,Single,Yes,326.16
12586,76,Suite,No,407.92
12587,76,Suite,Yes,299.70
12588,76,Suite,Yes,166.23
12589,76,Single,No,347.69
12590,76,Double,No,204.91
12591,76,Single,Yes,201.97
12592,76,Suite,No,84.79
12593,76,Double,Yes,337.33
12594,76,Single,Yes,56.51
12595,76,Single,No,265.02
12596,76,Single,Yes,444.80
12597,76,Double,Yes,133.55
12598,76,Double,No,109.27
12599,76,Suite,No,432.10
12600,76,Double,Yes,493.75
12601,76,Double,No,136.72
12602,76,Suite,No,275.47
12603,76,Suite,No,315.36
12604,76,Single,No,256.28
12605,76,Suite,Yes,489.89
12606,76,Double,Yes,316.59
12607,76,Suite,No,472.41
12608,76,Suite,No,392.45
12609,76,Double,No,207.73
12610,76,Suite,Yes,161.66
12611,76,Double,Yes,458.25
12612,76,Suite,No,200.50
12613,76,Single,No,257.78
12614,76,Single,No,160.39
12615,76,Single,No,146.39
12616,76,Double,No,73.03
12617,76,Single,No,280.08
12618,76,Suite,Yes,196.22
12619,76,Double,No,162.47
12620,76,Double,Yes,205.72
12621,76,Double,No,490.64
12622,76,Single,Yes,394.54
12623,76,Suite,Yes,370.29
12624,76,Single,Yes,176.92
12625,76,Suite,No,435.08
12626,76,Double,Yes,236.18
12627,76,Suite,No,72.57
12628,76,Single,No,196.61
12629,76,Suite,Yes,59.14
12630,76,Double,No,316.76
12631,76,Single,No,148.92
12632,76,Single,Yes,301.26
12633,76,Double,No,176.16
12634,76,Suite,No,217.05
12635,76,Double,No,59.97
12636,76,Single,Yes,66.16
12637,76,Suite,No,208.95
12638,76,Single,No,176.67
12639,76,Single,Yes,361.09
12640,76,Single,Yes,96.49
12641,76,Suite,No,259.95
12642,76,Double,Yes,76.64
12643,76,Suite,Yes,202.34
12644,76,Single,Yes,78.74
12645,76,Suite,No,401.12
12646,76,Suite,No,463.63
12647,76,Single,Yes,64.77
12648,76,Double,No,429.25
12649,76,Suite,No,59.80
12650,76,Single,No,499.18
12651,76,Double,No,378.54
12652,76,Double,Yes,384.71
12653,76,Suite,Yes,144.32
12654,76,Suite,No,437.74
12655,76,Double,No,318.82
12656,76,Single,Yes,90.79
12657,76,Double,No,209.82
12658,76,Single,No,60.73
12659,76,Suite,No,125.41
12660,76,Single,No,197.14
12661,76,Double,No,188.69
12662,76,Suite,No,56.25
12663,76,Single,Yes,420.73
12664,76,Double,Yes,163.32
12665,76,Double,No,266.22
12666,76,Suite,No,448.14
12667,76,Double,No,57.06
12668,76,Suite,Yes,455.25
12669,76,Single,No,137.50
12670,76,Double,Yes,103.10
12671,76,Single,No,445.85
12672,76,Double,Yes,187.71
12673,76,Double,Yes,440.42
12674,76,Single,No,241.11
12675,76,Double,Yes,456.11
12676,76,Suite,Yes,416.16
12677,76,Suite,Yes,320.57
12678,76,Suite,Yes,162.36
12679,76,Double,No,252.42
12680,76,Double,Yes,412.89
12681,76,Suite,No,230.65
12682,76,Double,No,313.89
12683,76,Double,Yes,354.01
12684,76,Suite,Yes,197.26
12685,77,Double,No,201.61
12686,77,Single,No,356.96
12687,77,Single,No,486.24
12688,77,Double,Yes,376.24
12689,77,Single,Yes,50.19
12690,77,Suite,No,226.09
12691,77,Double,No,125.38
12692,77,Single,No,345.21
12693,77,Single,No,491.66
12694,77,Suite,No,244.16
12695,77,Single,Yes,255.09
12696,77,Suite,No,176.02
12697,77,Suite,Yes,475.46
12698,77,Suite,Yes,404.68
12699,77,Single,No,471.61
12700,77,Suite,Yes,458.89
12701,77,Double,No,85.42
12702,77,Single,No,228.62
12703,77,Double,No,409.87
12704,77,Double,No,74.51
12705,77,Single,Yes,258.42
12706,77,Double,Yes,400.89
12707,77,Single,No,316.15
12708,77,Single,Yes,395.00
12709,77,Suite,No,267.06
12710,77,Double,Yes,212.04
12711,77,Suite,No,78.75
12712,77,Single,Yes,198.70
12713,77,Suite,No,438.59
12714,77,Double,Yes,319.65
12715,77,Single,Yes,278.97
12716,77,Suite,No,284.89
12717,77,Double,No,297.28
12718,77,Double,No,344.55
12719,77,Suite,No,324.58
12720,77,Single,No,90.95
12721,77,Double,No,448.29
12722,77,Double,Yes,315.12
12723,77,Suite,Yes,110.04
12724,77,Suite,Yes,483.47
12725,77,Single,Yes,448.13
12726,77,Single,No,158.33
12727,77,Double,Yes,250.39
12728,77,Suite,Yes,356.01
12729,77,Double,Yes,486.24
12730,77,Double,No,133.68
12731,77,Single,No,325.96
12732,77,Double,Yes,236.18
12733,77,Single,Yes,174.75
12734,77,Suite,No,107.13
12735,77,Suite,No,335.49
12736,77,Double,No,262.59
12737,77,Single,Yes,455.40
12738,77,Double,Yes,325.72
12739,77,Suite,No,300.20
12740,77,Double,Yes,162.56
12741,77,Double,No,404.00
12742,77,Single,Yes,96.28
12743,77,Double,Yes,129.97
12744,77,Suite,Yes,488.71
12745,77,Double,No,123.97
12746,77,Single,No,473.81
12747,77,Suite,Yes,402.17
12748,77,Single,Yes,65.08
12749,77,Double,Yes,278.43
12750,77,Suite,No,448.80
12751,77,Single,Yes,243.43
12752,77,Double,No,459.54
12753,77,Suite,No,79.15
12754,77,Single,Yes,477.77
12755,77,Suite,No,433.69
12756,77,Single,No,350.42
12757,77,Suite,Yes,143.25
12758,77,Suite,No,358.06
12759,77,Suite,Yes,242.61
12760,77,Single,No,340.15
12761,77,Suite,No,334.01
12762,77,Double,Yes,340.92
12763,77,Suite,No,451.57
12764,77,Suite,No,241.53
12765,77,Double,Yes,116.18
12766,77,Single,No,383.84
12767,77,Suite,No,252.56
12768,77,Single,Yes,452.03
12769,77,Suite,No,113.41
12770,77,Double,Yes,179.78
12771,77,Suite,Yes,272.15
12772,77,Double,No,279.86
12773,77,Single,No,357.22
12774,77,Single,No,95.67
12775,77,Suite,Yes,372.82
12776,77,Suite,Yes,436.78
12777,77,Suite,Yes,220.25
12778,77,Single,Yes,145.83
12779,77,Suite,Yes,178.25
12780,77,Single,No,222.68
12781,77,Double,Yes,160.21
12782,77,Suite,Yes,393.03
12783,77,Single,No,61.07
12784,77,Single,No,297.41
12785,77,Suite,Yes,249.81
12786,77,Suite,No,478.78
12787,77,Double,No,153.41
12788,77,Single,No,309.56
12789,77,Suite,No,363.79
12790,77,Suite,No,197.40
12791,77,Suite,No,269.21
12792,77,Double,Yes,100.57
12793,77,Single,No,439.37
12794,77,Double,No,457.31
12795,77,Single,Yes,434.46
12796,77,Single,No,279.64
12797,77,Suite,Yes,238.42
12798,77,Single,No,186.91
12799,77,Suite,No,118.59
12800,77,Double,No,498.59
12801,77,Double,No,352.51
12802,77,Double,No,259.59
12803,77,Double,Yes,92.66
12804,77,Double,No,386.93
12805,77,Double,No,408.43
12806,77,Suite,Yes,313.71
12807,77,Suite,No,165.80
12808,77,Suite,Yes,454.28
12809,77,Single,Yes,101.41
12810,77,Suite,No,331.04
12811,77,Double,No,333.35
12812,77,Suite,No,177.73
12813,77,Single,Yes,407.27
12814,77,Single,Yes,394.67
12815,77,Double,No,313.01
12816,77,Single,Yes,187.86
12817,77,Single,No,168.70
12818,77,Double,No,431.62
12819,77,Single,Yes,58.17
12820,77,Double,No,250.41
12821,77,Single,Yes,322.49
12822,77,Single,No,489.08
12823,77,Single,Yes,441.87
12824,77,Suite,Yes,253.02
12825,77,Suite,Yes,458.64
12826,77,Suite,No,233.05
12827,77,Single,No,197.61
12828,77,Suite,No,280.21
12829,77,Double,Yes,376.63
12830,77,Double,Yes,438.94
12831,77,Suite,Yes,403.00
12832,77,Single,No,70.79
12833,77,Double,Yes,76.88
12834,77,Suite,No,84.97
12835,77,Suite,No,277.48
12836,77,Double,No,336.01
12837,77,Double,No,369.06
12838,77,Double,No,233.41
12839,77,Suite,Yes,245.77
12840,77,Double,Yes,462.23
12841,77,Double,No,257.51
12842,77,Single,Yes,389.19
12843,77,Suite,Yes,175.07
12844,77,Single,Yes,301.59
12845,77,Suite,Yes,67.93
12846,77,Single,Yes,209.31
12847,77,Double,Yes,199.71
12848,77,Single,No,94.27
12849,77,Suite,Yes,217.49
12850,77,Single,Yes,69.55
12851,77,Double,Yes,234.87
12852,77,Double,No,182.95
12853,77,Suite,Yes,147.64
12854,77,Suite,Yes,292.73
12855,77,Suite,No,219.26
12856,77,Double,No,254.92
12857,77,Double,No,104.93
12858,77,Suite,No,304.37
12859,77,Double,No,406.49
12860,77,Double,No,79.20
12861,77,Double,Yes,373.95
12862,77,Single,No,211.51
12863,77,Double,No,219.80
12864,77,Single,Yes,122.43
12865,77,Single,No,317.52
12866,77,Suite,Yes,210.56
12867,77,Suite,Yes,85.91
12868,77,Double,Yes,279.74
12869,77,Suite,Yes,408.54
12870,77,Double,Yes,93.88
12871,77,Double,No,87.40
12872,77,Single,No,400.72
12873,77,Single,No,363.15
12874,77,Suite,No,400.68
12875,77,Single,No,243.63
12876,77,Single,Yes,336.94
12877,77,Suite,No,145.71
12878,77,Double,No,402.50
12879,77,Double,No,345.24
12880,77,Suite,No,140.26
12881,77,Single,Yes,393.45
12882,77,Double,No,450.82
12883,77,Single,Yes,122.64
12884,77,Double,Yes,369.21
12885,77,Double,No,55.55
12886,77,Double,No,411.21
12887,77,Suite,No,263.22
12888,77,Single,No,420.04
12889,77,Double,Yes,106.44
12890,77,Suite,Yes,130.28
12891,77,Single,Yes,412.18
12892,77,Suite,Yes,399.34
12893,77,Single,Yes,181.10
12894,77,Single,Yes,346.96
12895,77,Double,No,101.17
12896,77,Double,Yes,168.59
12897,77,Single,No,343.18
12898,77,Double,Yes,274.78
12899,77,Double,Yes,335.71
12900,77,Double,Yes,484.46
12901,77,Double,Yes,96.09
12902,77,Double,Yes,232.28
12903,77,Suite,Yes,87.76
12904,77,Double,Yes,149.11
12905,77,Double,Yes,269.13
12906,77,Suite,No,72.99
12907,77,Suite,No,225.01
12908,77,Suite,Yes,267.29
12909,77,Single,Yes,52.12
12910,77,Double,Yes,362.60
12911,77,Single,Yes,65.42
12912,77,Double,No,215.83
12913,77,Double,Yes,360.79
12914,77,Suite,No,199.67
12915,77,Suite,No,445.90
12916,77,Single,Yes,118.63
12917,77,Double,Yes,329.10
12918,77,Double,No,407.58
12919,77,Single,Yes,323.38
12920,77,Suite,No,177.84
12921,77,Double,No,242.41
12922,77,Double,No,365.98
12923,77,Double,No,385.13
12924,77,Single,No,249.03
12925,77,Single,Yes,306.40
12926,77,Suite,Yes,218.01
12927,77,Double,No,273.12
12928,77,Single,No,289.53
12929,77,Suite,No,92.33
12930,77,Double,Yes,170.60
12931,77,Suite,No,329.67
12932,77,Single,No,406.16
12933,77,Suite,Yes,174.12
12934,77,Double,No,156.07
12935,77,Suite,No,85.81
12936,77,Single,No,222.44
12937,77,Suite,Yes,278.05
12938,77,Suite,Yes,305.75
12939,77,Single,No,378.88
12940,77,Suite,Yes,483.64
12941,77,Single,Yes,262.80
12942,77,Single,Yes,495.82
12943,77,Suite,Yes,127.80
12944,77,Suite,No,206.21
12945,77,Double,Yes,465.27
12946,77,Double,No,457.78
12947,77,Double,Yes,404.33
12948,77,Single,No,139.20
12949,77,Suite,Yes,262.86
12950,77,Single,Yes,245.90
12951,77,Single,Yes,395.46
12952,77,Single,No,137.96
12953,77,Suite,Yes,339.77
12954,77,Single,No,266.87
12955,77,Double,Yes,209.25
12956,77,Double,Yes,379.47
12957,77,Double,Yes,57.78
12958,77,Suite,Yes,338.05
12959,77,Single,No,251.30
12960,77,Double,Yes,243.62
12961,77,Double,No,207.39
12962,77,Suite,No,394.00
12963,77,Double,No,419.54
12964,77,Single,No,341.08
12965,77,Suite,No,305.28
12966,77,Suite,No,283.82
12967,77,Suite,No,395.60
12968,77,Suite,Yes,448.16
12969,77,Double,Yes,373.37
12970,77,Single,No,355.95
12971,77,Double,Yes,74.96
12972,77,Single,No,456.46
12973,77,Double,Yes,485.41
12974,77,Single,Yes,87.03
12975,77,Single,No,314.06
12976,77,Single,Yes,337.92
12977,77,Single,No,294.49
12978,77,Single,Yes,64.06
12979,77,Single,No,350.86
12980,77,Single,No,70.45
12981,77,Double,No,398.07
12982,77,Double,Yes,297.19
12983,77,Double,No,409.90
12984,77,Single,No,496.55
12985,77,Single,No,259.42
12986,77,Suite,No,193.02
12987,77,Double,Yes,344.89
12988,77,Single,Yes,95.91
12989,77,Single,No,472.34
12990,77,Double,No,309.38
12991,77,Single,No,85.96
12992,77,Suite,Yes,259.77
12993,77,Double,No,452.70
12994,77,Double,Yes,404.60
12995,77,Double,No,421.82
12996,77,Suite,Yes,492.86
12997,77,Suite,Yes,460.87
12998,77,Double,No,303.18
12999,77,Single,No,233.60
13000,77,Double,Yes,403.95
13001,77,Suite,Yes,338.65
13002,77,Single,No,158.61
13003,77,Double,Yes,292.79
13004,77,Double,No,225.57
13005,77,Suite,No,168.05
13006,77,Suite,Yes,368.79
13007,77,Suite,Yes,63.38
13008,77,Double,No,417.91
13009,77,Double,No,241.64
13010,77,Double,Yes,453.38
13011,77,Suite,No,56.74
13012,77,Single,No,85.07
13013,77,Suite,Yes,63.19
13014,77,Single,No,243.18
13015,77,Single,No,397.88
13016,77,Single,No,198.06
13017,77,Suite,No,410.74
13018,77,Suite,No,413.98
13019,77,Suite,No,130.49
13020,77,Suite,Yes,191.49
13021,77,Single,No,72.52
13022,77,Single,Yes,381.50
13023,77,Suite,Yes,376.95
13024,77,Single,No,306.96
13025,77,Single,Yes,229.02
13026,78,Suite,Yes,351.73
13027,78,Single,No,398.43
13028,78,Double,Yes,455.93
13029,78,Suite,No,430.08
13030,78,Double,Yes,153.10
13031,78,Suite,Yes,352.20
13032,78,Single,No,117.49
13033,78,Suite,Yes,421.74
13034,78,Double,No,185.24
13035,78,Double,No,102.07
13036,78,Single,Yes,485.44
13037,78,Single,Yes,451.56
13038,78,Suite,Yes,482.18
13039,78,Single,Yes,416.73
13040,78,Double,No,125.86
13041,78,Suite,No,259.64
13042,78,Suite,Yes,273.83
13043,78,Double,Yes,488.15
13044,78,Suite,No,341.90
13045,78,Suite,No,258.16
13046,78,Double,No,488.55
13047,78,Suite,No,207.45
13048,78,Double,Yes,328.19
13049,78,Suite,No,364.03
13050,78,Double,Yes,159.45
13051,78,Suite,No,72.96
13052,78,Single,Yes,68.76
13053,78,Single,Yes,265.28
13054,78,Suite,Yes,271.86
13055,78,Single,Yes,152.50
13056,78,Suite,No,467.97
13057,78,Single,No,185.75
13058,78,Suite,Yes,210.17
13059,78,Double,Yes,108.36
13060,78,Suite,Yes,313.59
13061,78,Single,No,354.58
13062,78,Single,No,245.55
13063,78,Suite,Yes,495.30
13064,78,Suite,No,417.25
13065,78,Suite,No,396.60
13066,78,Suite,No,284.31
13067,78,Suite,Yes,346.14
13068,78,Suite,Yes,318.63
13069,78,Suite,Yes,239.90
13070,78,Suite,No,229.06
13071,78,Double,Yes,95.02
13072,78,Single,Yes,244.46
13073,78,Single,Yes,187.28
13074,78,Double,Yes,132.97
13075,78,Double,No,393.11
13076,78,Single,No,453.45
13077,78,Suite,Yes,338.14
13078,78,Double,No,155.99
13079,78,Suite,Yes,198.98
13080,78,Single,Yes,229.61
13081,78,Double,No,85.09
13082,78,Double,No,104.65
13083,78,Suite,No,409.96
13084,78,Single,Yes,151.49
13085,78,Double,No,363.03
13086,78,Suite,Yes,278.49
13087,78,Suite,Yes,376.06
13088,78,Single,Yes,438.24
13089,78,Suite,Yes,230.78
13090,78,Double,No,482.43
13091,78,Suite,No,135.38
13092,78,Single,No,153.58
13093,78,Double,No,397.10
13094,78,Suite,No,164.91
13095,78,Double,No,119.97
13096,78,Single,Yes,76.91
13097,78,Suite,Yes,284.07
13098,78,Suite,No,428.12
13099,78,Single,No,223.07
13100,78,Single,Yes,100.12
13101,78,Single,Yes,57.30
13102,78,Single,Yes,440.41
13103,78,Suite,Yes,468.46
13104,78,Single,Yes,497.56
13105,78,Suite,No,312.97
13106,78,Double,Yes,359.58
13107,78,Double,No,167.49
13108,78,Single,No,336.51
13109,78,Double,Yes,362.58
13110,78,Single,No,275.69
13111,78,Double,Yes,344.80
13112,78,Double,Yes,153.93
13113,78,Suite,Yes,142.03
13114,78,Suite,Yes,474.03
13115,78,Double,No,271.75
13116,78,Single,No,129.35
13117,78,Single,Yes,95.17
13118,78,Single,Yes,385.40
13119,78,Suite,No,108.64
13120,78,Suite,No,375.21
13121,78,Single,Yes,316.12
13122,78,Double,Yes,253.05
13123,78,Suite,Yes,344.27
13124,78,Double,No,316.54
13125,78,Suite,Yes,475.72
13126,78,Suite,Yes,402.93
13127,78,Single,Yes,443.25
13128,78,Double,Yes,245.44
13129,78,Suite,Yes,153.67
13130,78,Double,No,283.01
13131,78,Suite,Yes,352.99
13132,78,Suite,Yes,163.98
13133,78,Suite,No,66.35
13134,78,Double,No,497.30
13135,78,Double,No,141.03
13136,78,Suite,No,291.41
13137,78,Suite,Yes,312.29
13138,78,Single,Yes,230.11
13139,78,Suite,Yes,125.14
13140,78,Single,No,428.24
13141,78,Suite,Yes,161.99
13142,78,Double,Yes,458.09
13143,78,Single,No,58.98
13144,78,Single,Yes,410.53
13145,78,Suite,No,401.63
13146,78,Single,Yes,415.11
13147,79,Double,No,399.15
13148,79,Double,Yes,403.67
13149,79,Double,No,69.19
13150,79,Suite,Yes,105.80
13151,79,Suite,Yes,106.13
13152,79,Double,No,187.29
13153,79,Single,Yes,237.59
13154,79,Suite,No,120.01
13155,79,Suite,No,132.43
13156,79,Suite,No,318.79
13157,79,Suite,Yes,178.26
13158,79,Single,No,356.27
13159,79,Double,No,212.77
13160,79,Single,No,348.90
13161,79,Double,Yes,189.58
13162,79,Suite,No,457.64
13163,79,Single,Yes,66.33
13164,79,Suite,Yes,86.95
13165,79,Single,No,81.93
13166,79,Single,Yes,175.45
13167,79,Double,No,401.11
13168,79,Double,No,193.90
13169,79,Single,Yes,84.87
13170,79,Suite,No,414.86
13171,79,Single,No,462.57
13172,79,Suite,No,273.91
13173,79,Suite,Yes,452.40
13174,79,Single,No,60.31
13175,79,Suite,No,475.15
13176,79,Double,Yes,429.50
13177,79,Double,No,309.30
13178,79,Single,No,379.81
13179,79,Suite,No,413.63
13180,79,Single,Yes,50.59
13181,79,Single,No,498.90
13182,79,Single,No,133.28
13183,79,Suite,Yes,286.71
13184,79,Suite,No,491.32
13185,79,Single,Yes,138.40
13186,79,Single,No,357.60
13187,79,Double,No,150.65
13188,79,Suite,No,436.34
13189,79,Double,Yes,382.19
13190,79,Single,No,284.02
13191,79,Suite,Yes,94.19
13192,79,Suite,Yes,211.42
13193,79,Single,No,130.39
13194,79,Double,Yes,261.74
13195,79,Double,Yes,183.71
13196,79,Suite,Yes,491.15
13197,79,Single,No,93.35
13198,79,Suite,Yes,167.61
13199,79,Double,No,115.29
13200,79,Double,No,132.62
13201,79,Suite,No,335.11
13202,79,Single,Yes,355.00
13203,79,Double,No,241.95
13204,79,Double,No,174.97
13205,79,Suite,Yes,415.94
13206,79,Single,No,86.58
13207,79,Suite,No,226.71
13208,79,Double,No,301.30
13209,79,Single,Yes,157.93
13210,79,Single,No,98.41
13211,79,Single,Yes,451.58
13212,79,Double,Yes,131.23
13213,79,Suite,Yes,155.80
13214,79,Suite,Yes,409.93
13215,79,Suite,Yes,181.46
13216,79,Double,Yes,217.85
13217,79,Single,Yes,404.44
13218,79,Double,No,157.46
13219,79,Single,No,468.92
13220,79,Single,No,315.79
13221,79,Single,No,120.92
13222,79,Double,No,278.06
13223,79,Suite,Yes,331.67
13224,79,Double,No,377.23
13225,79,Double,No,66.86
13226,79,Double,Yes,319.98
13227,79,Double,No,197.55
13228,79,Double,No,59.53
13229,79,Suite,Yes,321.27
13230,79,Suite,Yes,385.66
13231,79,Double,Yes,395.46
13232,79,Double,No,337.90
13233,79,Suite,No,231.13
13234,79,Suite,No,170.19
13235,79,Single,No,56.77
13236,79,Single,No,285.05
13237,79,Double,Yes,479.74
13238,79,Suite,No,354.06
13239,79,Double,No,50.39
13240,79,Suite,No,411.76
13241,79,Double,No,459.46
13242,79,Single,Yes,261.62
13243,79,Single,No,422.09
13244,79,Double,No,226.33
13245,79,Double,No,173.49
13246,79,Double,No,193.71
13247,79,Suite,No,322.97
13248,79,Double,No,72.76
13249,79,Double,Yes,93.59
13250,79,Suite,Yes,119.23
13251,79,Double,No,261.92
13252,79,Single,Yes,60.53
13253,79,Suite,No,139.13
13254,79,Single,No,299.68
13255,79,Suite,No,408.30
13256,79,Single,No,358.79
13257,79,Single,Yes,51.72
13258,79,Single,No,60.22
13259,79,Suite,No,457.06
13260,79,Single,No,312.89
13261,79,Single,Yes,363.99
13262,79,Single,Yes,151.84
13263,79,Double,No,214.46
13264,79,Suite,Yes,219.71
13265,79,Double,Yes,121.69
13266,79,Single,Yes,127.18
13267,79,Suite,No,107.26
13268,79,Single,No,141.45
13269,79,Suite,Yes,57.44
13270,79,Suite,Yes,191.01
13271,79,Suite,No,257.14
13272,79,Double,Yes,80.67
13273,79,Suite,No,85.53
13274,79,Double,Yes,107.55
13275,79,Double,No,199.21
13276,79,Double,Yes,152.55
13277,79,Suite,Yes,399.74
13278,79,Suite,No,255.86
13279,79,Double,No,144.38
13280,79,Single,No,79.21
13281,79,Single,Yes,86.44
13282,79,Single,Yes,323.06
13283,79,Suite,Yes,59.29
13284,79,Single,Yes,386.97
13285,79,Suite,Yes,176.12
13286,79,Single,No,125.37
13287,79,Suite,No,170.19
13288,79,Suite,No,489.94
13289,79,Suite,No,152.41
13290,79,Single,No,183.64
13291,79,Single,No,62.25
13292,79,Suite,No,394.43
13293,79,Double,Yes,191.04
13294,79,Single,No,354.74
13295,79,Suite,Yes,480.25
13296,79,Single,Yes,194.32
13297,79,Single,Yes,266.75
13298,79,Single,No,426.71
13299,79,Double,Yes,160.26
13300,79,Double,Yes,197.39
13301,79,Double,Yes,312.44
13302,79,Single,No,320.44
13303,79,Double,No,136.95
13304,79,Single,Yes,369.13
13305,79,Suite,Yes,231.44
13306,79,Double,Yes,422.42
13307,79,Suite,No,177.62
13308,79,Double,Yes,344.93
13309,79,Single,Yes,128.42
13310,79,Double,Yes,194.02
13311,79,Double,Yes,182.92
13312,79,Suite,Yes,165.31
13313,79,Double,No,435.53
13314,79,Suite,No,482.13
13315,79,Double,Yes,97.53
13316,79,Double,Yes,78.87
13317,79,Single,No,126.18
13318,79,Single,No,175.33
13319,79,Single,No,314.08
13320,79,Single,No,221.95
13321,79,Double,Yes,171.63
13322,79,Suite,Yes,215.61
13323,79,Suite,Yes,218.97
13324,79,Double,Yes,157.61
13325,79,Single,Yes,107.00
13326,79,Suite,No,402.37
13327,79,Single,No,260.53
13328,79,Single,No,322.22
13329,79,Double,Yes,77.46
13330,79,Suite,No,405.72
13331,79,Double,No,177.22
13332,79,Suite,No,104.15
13333,79,Suite,No,160.94
13334,79,Suite,Yes,116.16
13335,79,Suite,Yes,126.08
13336,79,Double,Yes,241.77
13337,79,Suite,No,228.19
13338,79,Single,No,280.33
13339,79,Double,Yes,155.27
13340,79,Suite,Yes,309.90
13341,79,Double,No,382.41
13342,79,Double,No,312.49
13343,79,Suite,No,77.75
13344,79,Single,Yes,357.19
13345,79,Suite,No,284.00
13346,79,Double,Yes,489.77
13347,79,Single,No,428.46
13348,79,Double,No,362.07
13349,79,Double,No,334.23
13350,79,Suite,No,245.46
13351,79,Single,Yes,69.40
13352,79,Suite,No,460.37
13353,79,Single,No,176.81
13354,79,Suite,No,207.64
13355,79,Double,No,361.66
13356,79,Single,No,330.88
13357,79,Suite,No,252.58
13358,79,Single,No,456.00
13359,79,Suite,Yes,339.04
13360,79,Suite,No,415.92
13361,79,Double,Yes,313.23
13362,80,Single,Yes,67.83
13363,80,Suite,No,497.98
13364,80,Double,No,121.55
13365,80,Suite,No,433.24
13366,80,Suite,Yes,276.03
13367,80,Suite,Yes,266.06
13368,80,Single,No,433.54
13369,80,Double,No,320.14
13370,80,Suite,Yes,136.27
13371,80,Single,No,312.37
13372,80,Single,Yes,286.92
13373,80,Double,Yes,472.27
13374,80,Double,Yes,486.36
13375,80,Single,Yes,422.01
13376,80,Suite,Yes,372.01
13377,80,Suite,Yes,79.35
13378,80,Double,Yes,325.02
13379,80,Single,No,368.54
13380,80,Double,No,146.23
13381,80,Suite,No,123.45
13382,80,Double,Yes,242.88
13383,80,Double,Yes,448.11
13384,80,Single,No,454.89
13385,80,Double,Yes,216.84
13386,80,Suite,No,126.91
13387,80,Double,Yes,395.60
13388,80,Single,No,310.33
13389,80,Suite,No,389.43
13390,80,Suite,No,135.69
13391,80,Single,No,331.55
13392,80,Double,Yes,221.70
13393,80,Single,Yes,198.74
13394,80,Single,Yes,116.27
13395,80,Suite,No,227.77
13396,80,Single,No,287.45
13397,80,Double,Yes,310.89
13398,80,Single,No,268.68
13399,80,Single,No,199.20
13400,80,Double,Yes,322.55
13401,80,Suite,No,104.77
13402,80,Single,Yes,226.35
13403,80,Suite,No,266.03
13404,80,Single,No,311.66
13405,80,Double,No,375.89
13406,80,Single,No,237.06
13407,80,Double,No,144.93
13408,80,Suite,Yes,230.46
13409,80,Double,Yes,337.62
13410,80,Single,Yes,429.95
13411,80,Single,Yes,209.06
13412,80,Single,No,464.95
13413,80,Suite,No,177.21
13414,80,Double,Yes,310.47
13415,80,Double,Yes,338.20
13416,80,Single,Yes,473.69
13417,80,Single,No,160.48
13418,80,Double,Yes,312.16
13419,80,Single,Yes,243.33
13420,80,Suite,No,363.16
13421,80,Double,Yes,193.50
13422,80,Single,Yes,320.99
13423,80,Suite,No,244.14
13424,80,Single,Yes,382.94
13425,80,Suite,Yes,270.68
13426,80,Suite,No,475.88
13427,80,Suite,Yes,134.12
13428,80,Double,No,365.65
13429,80,Suite,No,112.67
13430,80,Double,Yes,495.15
13431,80,Double,Yes,106.32
13432,80,Single,Yes,366.89
13433,80,Double,No,405.50
13434,80,Double,Yes,254.85
13435,80,Suite,No,482.74
13436,80,Double,Yes,112.04
13437,80,Single,Yes,495.38
13438,80,Double,Yes,360.16
13439,80,Double,No,426.37
13440,80,Double,No,232.56
13441,80,Single,Yes,171.18
13442,80,Double,Yes,261.88
13443,80,Double,No,331.47
13444,80,Double,No,485.56
13445,80,Suite,Yes,404.82
13446,80,Suite,No,318.58
13447,80,Suite,Yes,268.12
13448,80,Single,No,196.84
13449,80,Single,Yes,99.52
13450,80,Suite,No,452.56
13451,80,Suite,No,170.34
13452,80,Single,Yes,433.86
13453,80,Suite,Yes,145.03
13454,80,Suite,No,196.84
13455,80,Suite,Yes,407.97
13456,80,Suite,Yes,431.35
13457,80,Suite,Yes,278.03
13458,80,Double,No,423.45
13459,80,Suite,No,89.56
13460,80,Single,No,50.37
13461,80,Double,No,221.37
13462,80,Suite,No,373.10
13463,80,Suite,Yes,385.56
13464,80,Double,Yes,102.67
13465,80,Suite,No,64.99
13466,80,Suite,No,311.84
13467,80,Suite,Yes,376.56
13468,80,Suite,No,467.33
13469,80,Double,Yes,298.25
13470,80,Double,No,225.73
13471,80,Single,Yes,405.50
13472,80,Single,Yes,225.03
13473,80,Suite,Yes,127.00
13474,80,Single,No,386.84
13475,80,Double,Yes,336.37
13476,80,Suite,Yes,192.56
13477,80,Suite,Yes,453.96
13478,80,Single,Yes,67.49
13479,80,Single,No,215.98
13480,80,Double,No,404.81
13481,80,Single,No,207.12
13482,80,Single,Yes,147.19
13483,80,Suite,Yes,253.42
13484,80,Double,Yes,493.83
13485,80,Suite,No,120.18
13486,80,Double,Yes,439.56
13487,80,Suite,No,187.45
13488,80,Double,Yes,362.66
13489,80,Single,Yes,374.43
13490,80,Double,No,354.48
13491,80,Single,No,206.02
13492,80,Single,Yes,360.29
13493,80,Double,No,246.41
13494,80,Suite,No,101.47
13495,80,Single,No,444.24
13496,80,Single,No,434.04
13497,80,Double,No,198.18
13498,80,Double,Yes,483.03
13499,80,Suite,Yes,113.94
13500,80,Single,No,229.41
13501,80,Single,Yes,475.03
13502,80,Single,No,304.28
13503,80,Double,Yes,327.65
13504,80,Single,Yes,119.27
13505,80,Single,No,447.10
13506,80,Single,Yes,78.69
13507,80,Double,Yes,80.32
13508,80,Single,Yes,167.97
13509,80,Double,No,220.98
13510,80,Double,No,86.78
13511,80,Single,Yes,373.86
13512,80,Double,Yes,322.58
13513,80,Suite,No,163.18
13514,80,Suite,No,178.56
13515,80,Suite,No,438.18
13516,80,Double,Yes,327.88
13517,80,Double,No,350.58
13518,80,Single,No,194.39
13519,80,Suite,Yes,266.86
13520,80,Double,Yes,367.29
13521,80,Single,No,459.38
13522,80,Suite,No,448.81
13523,80,Suite,No,95.74
13524,80,Suite,Yes,482.73
13525,80,Single,No,462.63
13526,80,Single,Yes,175.75
13527,80,Suite,Yes,369.92
13528,80,Double,Yes,126.66
13529,81,Single,Yes,205.31
13530,81,Single,Yes,240.36
13531,81,Suite,Yes,59.89
13532,81,Suite,Yes,322.42
13533,81,Suite,No,488.30
13534,81,Single,No,64.08
13535,81,Single,Yes,285.47
13536,81,Suite,Yes,363.82
13537,81,Double,Yes,111.64
13538,81,Single,No,475.42
13539,81,Single,Yes,206.22
13540,81,Double,Yes,172.23
13541,81,Suite,No,157.40
13542,81,Suite,No,325.17
13543,81,Single,Yes,293.37
13544,81,Single,Yes,85.44
13545,81,Single,No,356.82
13546,81,Suite,Yes,402.79
13547,81,Single,Yes,481.46
13548,81,Suite,No,67.79
13549,81,Single,No,431.33
13550,81,Suite,Yes,483.77
13551,81,Suite,Yes,366.10
13552,81,Single,No,476.37
13553,81,Suite,No,475.34
13554,81,Single,No,128.86
13555,81,Single,Yes,185.82
13556,81,Single,Yes,111.30
13557,81,Double,Yes,103.35
13558,81,Suite,No,67.69
13559,81,Double,No,65.98
13560,81,Double,Yes,453.32
13561,81,Suite,No,261.48
13562,81,Single,Yes,197.41
13563,81,Single,Yes,396.62
13564,81,Double,Yes,393.87
13565,81,Double,No,323.98
13566,81,Suite,Yes,396.79
13567,81,Double,No,378.39
13568,81,Suite,No,244.84
13569,81,Single,No,424.41
13570,81,Suite,Yes,322.35
13571,81,Single,No,150.89
13572,81,Double,No,385.99
13573,81,Single,No,85.12
13574,81,Single,No,475.04
13575,81,Double,No,339.52
13576,81,Suite,Yes,134.78
13577,81,Single,No,154.90
13578,81,Suite,No,249.74
13579,81,Single,Yes,80.34
13580,81,Suite,Yes,487.11
13581,82,Suite,Yes,382.52
13582,82,Suite,Yes,445.02
13583,82,Single,No,59.51
13584,82,Double,No,470.96
13585,82,Single,Yes,303.17
13586,82,Suite,No,428.77
13587,82,Double,Yes,218.19
13588,82,Single,Yes,355.17
13589,82,Suite,Yes,215.08
13590,82,Double,Yes,412.96
13591,82,Suite,No,209.09
13592,82,Double,Yes,155.42
13593,82,Double,No,175.82
13594,82,Double,Yes,296.20
13595,82,Suite,No,153.28
13596,82,Single,Yes,499.43
13597,82,Suite,Yes,494.55
13598,82,Single,No,357.41
13599,82,Suite,Yes,439.19
13600,82,Single,No,263.61
13601,82,Suite,Yes,133.84
13602,82,Single,Yes,358.32
13603,82,Single,No,226.12
13604,82,Single,No,404.59
13605,82,Double,Yes,418.33
13606,82,Single,Yes,374.54
13607,82,Suite,No,358.65
13608,82,Suite,Yes,185.50
13609,82,Single,Yes,396.93
13610,82,Double,Yes,434.58
13611,82,Suite,Yes,129.90
13612,82,Suite,Yes,81.63
13613,82,Double,No,463.56
13614,82,Double,No,121.16
13615,82,Suite,No,311.04
13616,82,Suite,No,73.28
13617,82,Double,No,433.58
13618,82,Suite,No,275.28
13619,82,Double,Yes,302.97
13620,82,Suite,No,191.83
13621,82,Single,No,495.00
13622,82,Single,No,349.05
13623,82,Double,Yes,131.87
13624,82,Single,No,320.26
13625,82,Double,No,309.75
13626,82,Single,Yes,413.37
13627,82,Suite,Yes,248.38
13628,82,Single,No,160.20
13629,82,Double,Yes,455.63
13630,82,Suite,Yes,444.42
13631,82,Single,No,448.45
13632,82,Single,Yes,364.34
13633,82,Suite,No,111.66
13634,82,Double,No,348.71
13635,82,Single,No,91.66
13636,82,Double,Yes,320.37
13637,82,Suite,No,246.48
13638,82,Double,No,462.54
13639,82,Suite,Yes,235.28
13640,82,Suite,No,210.30
13641,82,Double,No,370.57
13642,82,Suite,Yes,75.23
13643,82,Suite,No,448.60
13644,82,Double,No,334.28
13645,82,Double,Yes,80.07
13646,82,Single,No,94.51
13647,82,Double,Yes,461.57
13648,82,Suite,Yes,481.53
13649,82,Single,No,51.88
13650,82,Suite,Yes,306.69
13651,82,Double,No,188.07
13652,82,Suite,Yes,356.78
13653,82,Double,Yes,448.37
13654,82,Double,Yes,425.88
13655,82,Suite,Yes,392.00
13656,82,Single,No,253.09
13657,82,Double,Yes,95.14
13658,82,Suite,No,119.81
13659,82,Single,No,285.71
13660,82,Single,Yes,129.67
13661,82,Suite,Yes,428.29
13662,82,Double,Yes,69.87
13663,82,Double,No,302.73
13664,82,Single,No,346.08
13665,82,Double,Yes,199.02
13666,82,Suite,No,288.53
13667,82,Suite,Yes,404.90
13668,82,Single,No,189.12
13669,82,Single,Yes,206.26
13670,82,Single,No,392.59
13671,82,Single,No,176.28
13672,82,Double,Yes,415.30
13673,82,Suite,Yes,132.35
13674,82,Single,Yes,80.02
13675,82,Double,No,408.83
13676,82,Single,No,57.44
13677,82,Suite,Yes,374.51
13678,82,Double,No,459.58
13679,82,Suite,No,95.66
13680,82,Suite,No,207.46
13681,82,Suite,No,450.50
13682,82,Single,No,348.71
13683,82,Single,No,227.32
13684,82,Suite,Yes,88.36
13685,82,Single,Yes,62.49
13686,82,Suite,Yes,448.10
13687,82,Double,Yes,190.11
13688,82,Single,No,397.80
13689,82,Double,No,408.63
13690,82,Single,Yes,477.09
13691,82,Single,Yes,88.82
13692,83,Single,No,233.24
13693,83,Single,Yes,302.86
13694,83,Double,No,125.71
13695,83,Double,Yes,67.13
13696,83,Suite,Yes,60.20
13697,83,Single,No,220.17
13698,83,Suite,No,366.55
13699,83,Suite,No,345.99
13700,83,Double,Yes,286.15
13701,83,Single,No,234.16
13702,83,Double,No,308.20
13703,83,Suite,Yes,389.56
13704,83,Double,Yes,326.44
13705,83,Suite,No,387.10
13706,83,Double,No,372.87
13707,83,Double,Yes,182.36
13708,83,Single,Yes,267.50
13709,83,Double,No,83.77
13710,83,Double,No,339.16
13711,83,Double,No,374.68
13712,83,Single,No,424.67
13713,83,Suite,No,228.56
13714,83,Single,No,273.59
13715,83,Double,No,472.28
13716,83,Suite,No,78.05
13717,83,Double,No,260.41
13718,83,Single,No,419.48
13719,83,Suite,Yes,436.74
13720,83,Single,No,265.89
13721,83,Single,No,122.56
13722,83,Double,Yes,373.19
13723,83,Double,Yes,218.60
13724,83,Double,Yes,77.53
13725,83,Double,Yes,329.40
13726,83,Suite,No,176.85
13727,83,Suite,Yes,451.31
13728,83,Double,Yes,83.66
13729,83,Single,No,434.35
13730,83,Single,No,417.01
13731,83,Single,Yes,418.34
13732,83,Single,Yes,244.39
13733,83,Double,No,202.66
13734,83,Double,No,409.26
13735,83,Single,No,221.04
13736,83,Double,No,238.85
13737,83,Double,No,172.27
13738,83,Suite,No,71.76
13739,83,Suite,No,195.92
13740,83,Single,Yes,139.74
13741,83,Single,Yes,233.56
13742,83,Double,Yes,400.10
13743,83,Double,Yes,237.63
13744,83,Suite,Yes,114.69
13745,83,Suite,No,457.68
13746,83,Suite,No,110.36
13747,83,Suite,Yes,414.44
13748,83,Double,Yes,393.05
13749,83,Single,Yes,333.09
13750,83,Suite,No,95.29
13751,83,Double,Yes,207.24
13752,83,Suite,Yes,479.47
13753,83,Double,Yes,341.92
13754,83,Single,Yes,193.25
13755,83,Single,Yes,325.09
13756,83,Suite,No,442.39
13757,83,Single,Yes,180.30
13758,83,Double,Yes,257.44
13759,83,Double,No,173.21
13760,83,Double,Yes,460.33
13761,83,Suite,Yes,175.57
13762,83,Double,No,436.97
13763,83,Suite,Yes,292.40
13764,83,Suite,Yes,432.30
13765,83,Double,No,313.46
13766,83,Single,Yes,432.20
13767,83,Suite,No,421.06
13768,83,Double,No,407.19
13769,83,Suite,No,174.82
13770,83,Single,No,50.79
13771,83,Single,Yes,397.94
13772,83,Suite,No,128.07
13773,83,Single,No,482.90
13774,83,Single,No,139.51
13775,83,Double,No,312.91
13776,83,Suite,No,189.82
13777,83,Single,Yes,308.74
13778,83,Suite,Yes,121.16
13779,83,Single,No,489.13
13780,83,Single,Yes,176.89
13781,83,Single,No,57.00
13782,83,Double,Yes,204.18
13783,83,Single,No,453.99
13784,83,Double,Yes,220.73
13785,83,Double,Yes,226.42
13786,83,Suite,No,478.51
13787,83,Suite,Yes,121.43
13788,83,Double,No,216.23
13789,83,Double,No,137.76
13790,83,Single,Yes,244.40
13791,83,Single,Yes,449.82
13792,83,Single,No,217.37
13793,83,Double,Yes,422.07
13794,83,Suite,No,360.05
13795,83,Double,No,52.51
13796,83,Double,Yes,186.17
13797,83,Double,No,101.15
13798,83,Single,Yes,221.61
13799,83,Double,Yes,310.59
13800,83,Double,Yes,333.32
13801,83,Single,Yes,161.98
13802,83,Double,Yes,106.90
13803,83,Double,No,57.91
13804,83,Single,No,260.14
13805,83,Suite,Yes,371.78
13806,83,Single,No,412.03
13807,83,Single,No,105.18
13808,83,Suite,Yes,260.22
13809,83,Suite,No,368.57
13810,83,Single,No,405.25
13811,83,Double,No,83.07
13812,83,Suite,No,385.52
13813,83,Suite,Yes,335.33
13814,83,Suite,Yes,255.64
13815,83,Double,Yes,340.87
13816,83,Single,No,439.81
13817,83,Single,No,226.74
13818,83,Single,No,109.27
13819,83,Double,Yes,103.32
13820,83,Double,Yes,468.67
13821,83,Suite,Yes,116.26
13822,83,Double,No,69.85
13823,83,Single,No,416.57
13824,83,Suite,Yes,178.98
13825,83,Suite,Yes,468.74
13826,83,Double,Yes,181.94
13827,83,Double,No,152.01
13828,83,Single,Yes,334.16
13829,83,Suite,Yes,301.53
13830,83,Double,No,322.91
13831,83,Suite,Yes,56.10
13832,83,Single,Yes,174.95
13833,83,Double,No,477.64
13834,83,Suite,No,224.83
13835,83,Single,No,201.60
13836,83,Suite,Yes,367.15
13837,83,Single,Yes,316.56
13838,83,Single,Yes,478.42
13839,83,Single,Yes,164.08
13840,83,Single,Yes,390.99
13841,83,Double,Yes,304.77
13842,83,Double,No,442.83
13843,83,Suite,No,406.80
13844,83,Suite,Yes,91.98
13845,83,Suite,Yes,60.91
13846,83,Single,Yes,372.12
13847,83,Suite,No,221.37
13848,84,Single,Yes,360.40
13849,84,Suite,Yes,321.19
13850,84,Single,No,133.20
13851,84,Double,No,485.72
13852,84,Double,No,433.31
13853,84,Double,No,143.75
13854,84,Double,No,372.18
13855,84,Double,Yes,286.90
13856,84,Double,Yes,123.18
13857,84,Suite,Yes,365.77
13858,84,Single,No,467.63
13859,84,Double,Yes,272.94
13860,84,Single,No,392.79
13861,84,Suite,Yes,435.61
13862,84,Double,Yes,399.50
13863,84,Suite,No,241.05
13864,84,Double,Yes,324.22
13865,84,Double,No,352.18
13866,84,Double,Yes,95.93
13867,84,Double,Yes,225.58
13868,84,Single,No,252.25
13869,84,Double,Yes,422.40
13870,84,Single,No,308.92
13871,84,Single,No,337.50
13872,84,Single,Yes,435.70
13873,84,Single,No,181.53
13874,84,Suite,No,187.49
13875,84,Suite,No,361.93
13876,84,Single,No,468.11
13877,84,Double,Yes,286.37
13878,84,Double,Yes,304.65
13879,84,Single,No,101.40
13880,84,Double,No,175.06
13881,84,Single,Yes,478.04
13882,84,Single,No,400.29
13883,84,Double,Yes,345.69
13884,84,Suite,No,257.12
13885,84,Single,No,122.53
13886,84,Suite,Yes,94.45
13887,84,Single,Yes,296.08
13888,84,Double,Yes,115.11
13889,84,Double,Yes,424.17
13890,84,Suite,No,72.23
13891,84,Single,Yes,266.95
13892,84,Double,Yes,471.39
13893,84,Single,Yes,348.25
13894,84,Single,No,64.03
13895,84,Double,Yes,298.15
13896,84,Suite,Yes,240.13
13897,84,Double,Yes,137.84
13898,84,Single,No,188.73
13899,84,Single,Yes,200.55
13900,84,Double,Yes,272.41
13901,84,Double,Yes,204.58
13902,84,Suite,No,374.56
13903,84,Single,Yes,61.21
13904,84,Single,No,201.86
13905,84,Double,No,103.66
13906,84,Single,Yes,351.83
13907,84,Suite,No,201.68
13908,84,Single,No,308.41
13909,84,Double,No,113.03
13910,84,Single,Yes,445.25
13911,84,Suite,Yes,352.96
13912,84,Single,No,267.22
13913,84,Suite,No,63.56
13914,84,Double,No,446.38
13915,84,Single,No,178.50
13916,84,Suite,Yes,419.64
13917,84,Double,No,256.69
13918,84,Suite,No,474.28
13919,84,Double,Yes,91.70
13920,84,Suite,No,182.72
13921,84,Single,No,396.75
13922,84,Suite,Yes,471.51
13923,84,Single,Yes,269.38
13924,84,Double,Yes,302.61
13925,84,Suite,Yes,221.43
13926,84,Suite,No,150.38
13927,84,Suite,No,91.69
13928,84,Single,No,417.25
13929,84,Suite,Yes,118.19
13930,84,Double,No,212.41
13931,84,Double,No,123.13
13932,84,Double,Yes,73.01
13933,84,Double,Yes,152.54
13934,84,Suite,Yes,177.75
13935,84,Single,No,290.43
13936,84,Suite,Yes,113.15
13937,84,Single,Yes,403.96
13938,84,Single,Yes,321.12
13939,84,Single,No,375.24
13940,84,Double,Yes,291.79
13941,84,Single,Yes,330.26
13942,84,Double,Yes,245.27
13943,84,Single,No,305.91
13944,84,Single,Yes,141.56
13945,84,Single,Yes,412.41
13946,84,Single,Yes,108.84
13947,84,Suite,Yes,119.73
13948,84,Suite,No,457.32
13949,84,Double,Yes,321.06
13950,84,Suite,Yes,484.21
13951,84,Suite,Yes,265.28
13952,84,Double,No,491.25
13953,84,Single,Yes,333.52
13954,84,Double,No,403.12
13955,84,Double,No,57.75
13956,84,Single,No,165.13
13957,84,Single,No,132.55
13958,84,Single,Yes,391.69
13959,84,Suite,No,408.98
13960,84,Suite,No,128.76
13961,84,Single,Yes,99.03
13962,84,Suite,Yes,112.85
13963,84,Single,No,453.00
13964,84,Suite,No,383.54
13965,84,Double,No,230.45
13966,84,Suite,Yes,177.18
13967,84,Double,Yes,362.83
13968,84,Single,No,223.68
13969,84,Double,Yes,347.93
13970,84,Suite,Yes,402.14
13971,84,Single,Yes,442.51
13972,84,Double,No,224.36
13973,84,Double,No,89.84
13974,84,Single,No,455.97
13975,84,Double,Yes,206.97
13976,84,Double,Yes,437.58
13977,84,Single,No,133.89
13978,84,Single,Yes,273.06
13979,84,Suite,No,470.73
13980,84,Suite,No,195.95
13981,84,Single,Yes,434.62
13982,84,Single,No,320.32
13983,84,Single,No,366.56
13984,84,Single,Yes,86.56
13985,84,Double,Yes,268.46
13986,84,Suite,Yes,299.57
13987,84,Suite,Yes,112.93
13988,84,Double,No,282.29
13989,84,Suite,Yes,426.77
13990,84,Single,No,145.20
13991,84,Suite,No,499.86
13992,84,Suite,Yes,111.96
13993,84,Single,No,206.91
13994,84,Double,Yes,431.27
13995,84,Suite,No,283.39
13996,84,Double,No,438.63
13997,84,Double,No,195.73
13998,84,Double,Yes,376.16
13999,84,Suite,Yes,494.98
14000,84,Single,No,159.29
14001,84,Single,No,497.91
14002,84,Single,Yes,125.39
14003,84,Double,No,371.54
14004,84,Double,No,406.78
14005,84,Single,Yes,63.66
14006,84,Single,Yes,59.59
14007,84,Suite,Yes,107.58
14008,84,Double,Yes,298.18
14009,84,Single,No,448.00
14010,84,Double,Yes,288.74
14011,84,Single,No,367.80
14012,84,Double,No,226.97
14013,84,Single,Yes,484.13
14014,84,Double,No,488.46
14015,84,Double,No,133.99
14016,84,Double,Yes,343.56
14017,84,Suite,Yes,82.38
14018,84,Suite,Yes,94.25
14019,84,Double,Yes,185.76
14020,84,Double,No,273.95
14021,84,Double,Yes,176.86
14022,84,Single,No,485.70
14023,84,Double,Yes,380.69
14024,84,Suite,No,178.03
14025,84,Single,Yes,300.04
14026,84,Single,No,225.03
14027,84,Double,Yes,380.65
14028,84,Suite,No,386.30
14029,84,Suite,No,201.25
14030,84,Suite,No,261.56
14031,84,Double,No,98.10
14032,84,Single,No,273.96
14033,84,Double,Yes,330.05
14034,84,Suite,Yes,309.03
14035,84,Double,Yes,286.96
14036,85,Double,Yes,115.36
14037,85,Single,Yes,420.40
14038,85,Single,Yes,305.32
14039,85,Double,No,138.13
14040,85,Double,Yes,173.57
14041,85,Double,No,115.79
14042,85,Suite,Yes,137.56
14043,85,Single,No,398.15
14044,85,Suite,Yes,489.92
14045,85,Single,Yes,206.32
14046,85,Double,No,180.46
14047,85,Suite,No,369.19
14048,85,Double,Yes,299.16
14049,85,Single,No,387.72
14050,85,Double,No,157.59
14051,85,Suite,Yes,72.95
14052,85,Double,Yes,276.68
14053,85,Double,Yes,68.76
14054,85,Double,Yes,466.36
14055,85,Single,Yes,236.12
14056,85,Suite,No,132.53
14057,85,Double,Yes,486.22
14058,85,Single,No,176.60
14059,85,Single,Yes,256.87
14060,85,Double,Yes,147.61
14061,85,Single,No,384.54
14062,85,Suite,Yes,436.40
14063,85,Double,Yes,192.55
14064,85,Single,Yes,193.62
14065,85,Double,No,352.75
14066,85,Double,Yes,217.88
14067,85,Double,Yes,133.13
14068,85,Single,No,73.32
14069,85,Suite,No,256.79
14070,85,Suite,No,246.46
14071,85,Single,No,288.48
14072,85,Single,No,435.50
14073,85,Suite,No,382.74
14074,85,Single,No,483.47
14075,85,Double,No,438.57
14076,85,Suite,No,472.02
14077,85,Double,No,221.19
14078,85,Suite,No,348.43
14079,85,Single,No,447.66
14080,85,Single,No,314.06
14081,85,Suite,Yes,109.18
14082,85,Suite,No,237.62
14083,85,Double,No,237.18
14084,85,Suite,No,359.06
14085,85,Double,Yes,399.05
14086,85,Single,No,82.50
14087,85,Single,Yes,107.60
14088,85,Double,No,498.41
14089,85,Single,Yes,179.15
14090,85,Suite,Yes,458.62
14091,85,Double,No,348.83
14092,85,Double,Yes,325.05
14093,85,Suite,No,201.72
14094,85,Suite,Yes,474.52
14095,85,Suite,Yes,399.78
14096,85,Suite,No,383.19
14097,85,Double,Yes,190.11
14098,85,Single,Yes,109.88
14099,86,Suite,No,362.59
14100,86,Single,No,227.89
14101,86,Single,No,157.09
14102,86,Suite,Yes,297.77
14103,86,Suite,No,419.57
14104,86,Single,No,181.97
14105,86,Suite,Yes,163.57
14106,86,Double,No,164.86
14107,86,Suite,No,405.37
14108,86,Double,Yes,495.50
14109,86,Single,Yes,80.64
14110,86,Double,No,356.62
14111,86,Double,No,246.54
14112,86,Suite,Yes,363.79
14113,86,Single,Yes,385.18
14114,86,Double,No,75.67
14115,86,Single,No,375.03
14116,86,Suite,Yes,195.46
14117,86,Suite,Yes,265.80
14118,86,Suite,Yes,372.10
14119,86,Single,No,79.28
14120,86,Single,No,237.72
14121,86,Double,Yes,143.81
14122,86,Suite,No,261.23
14123,86,Suite,No,396.11
14124,86,Single,Yes,352.05
14125,86,Double,No,89.82
14126,86,Single,No,289.20
14127,86,Suite,No,288.97
14128,86,Single,Yes,388.22
14129,86,Suite,No,165.97
14130,86,Single,Yes,78.33
14131,86,Double,No,220.03
14132,86,Single,Yes,122.80
14133,86,Single,Yes,226.66
14134,86,Single,No,105.87
14135,86,Suite,Yes,207.12
14136,86,Single,Yes,262.37
14137,86,Double,Yes,70.30
14138,86,Suite,No,348.04
14139,86,Suite,No,242.39
14140,86,Double,No,84.37
14141,86,Suite,Yes,118.55
14142,86,Single,No,388.95
14143,86,Double,No,429.94
14144,86,Single,Yes,249.37
14145,86,Double,No,321.92
14146,86,Single,Yes,438.82
14147,86,Suite,Yes,200.58
14148,86,Single,Yes,127.03
14149,86,Double,No,407.29
14150,86,Single,No,171.08
14151,86,Double,No,357.74
14152,86,Single,Yes,203.41
14153,86,Single,Yes,469.11
14154,86,Suite,No,217.12
14155,86,Suite,No,87.47
14156,86,Double,Yes,222.95
14157,86,Suite,No,99.83
14158,86,Double,No,346.00
14159,87,Double,Yes,126.43
14160,87,Suite,No,273.86
14161,87,Single,No,266.53
14162,87,Suite,Yes,332.89
14163,87,Suite,No,90.40
14164,87,Double,No,416.41
14165,87,Double,No,80.28
14166,87,Single,Yes,220.00
14167,87,Double,Yes,343.69
14168,87,Suite,Yes,288.56
14169,87,Single,No,469.73
14170,87,Single,No,344.46
14171,87,Suite,No,346.43
14172,87,Suite,No,334.87
14173,87,Single,Yes,205.23
14174,87,Double,Yes,401.84
14175,87,Single,No,300.88
14176,87,Suite,Yes,255.79
14177,87,Double,Yes,96.00
14178,87,Suite,Yes,290.36
14179,87,Single,No,182.14
14180,87,Single,Yes,79.65
14181,87,Single,No,450.73
14182,87,Suite,No,118.36
14183,87,Double,No,391.24
14184,87,Suite,No,352.60
14185,87,Suite,Yes,82.48
14186,87,Single,Yes,269.88
14187,87,Single,Yes,206.30
14188,87,Suite,No,478.49
14189,87,Double,No,445.90
14190,87,Single,Yes,408.16
14191,87,Single,No,356.33
14192,87,Single,Yes,248.20
14193,87,Double,Yes,144.93
14194,87,Single,No,68.14
14195,87,Single,No,470.94
14196,87,Single,No,184.04
14197,87,Suite,No,187.51
14198,87,Suite,No,192.09
14199,87,Single,Yes,101.05
14200,87,Single,Yes,77.13
14201,87,Double,Yes,276.33
14202,87,Single,No,498.77
14203,87,Single,No,442.54
14204,87,Suite,No,352.72
14205,87,Double,No,179.62
14206,87,Suite,Yes,123.16
14207,87,Single,Yes,380.06
14208,87,Double,No,169.52
14209,88,Suite,No,292.72
14210,88,Single,No,261.89
14211,88,Single,Yes,365.17
14212,88,Double,Yes,321.01
14213,88,Single,Yes,314.06
14214,88,Single,No,475.75
14215,88,Double,Yes,442.23
14216,88,Double,Yes,158.92
14217,88,Single,No,59.00
14218,88,Single,No,136.00
14219,88,Single,Yes,230.84
14220,88,Double,No,242.12
14221,88,Single,Yes,499.99
14222,88,Suite,Yes,291.77
14223,88,Single,No,477.49
14224,88,Single,No,194.62
14225,88,Double,Yes,300.09
14226,88,Suite,Yes,426.54
14227,88,Single,Yes,329.37
14228,88,Single,Yes,233.45
14229,88,Single,No,295.99
14230,88,Double,No,373.69
14231,88,Single,Yes,289.62
14232,88,Single,No,117.90
14233,88,Double,Yes,496.29
14234,88,Suite,Yes,156.00
14235,88,Double,Yes,273.87
14236,88,Single,No,168.13
14237,88,Single,Yes,393.31
14238,88,Suite,No,150.42
14239,88,Double,Yes,256.47
14240,88,Suite,Yes,214.96
14241,88,Double,Yes,343.60
14242,88,Single,No,60.91
14243,88,Double,Yes,106.34
14244,88,Double,Yes,62.33
14245,88,Single,No,134.52
14246,88,Suite,No,371.41
14247,88,Single,Yes,291.23
14248,88,Double,Yes,444.16
14249,88,Suite,No,300.85
14250,88,Double,Yes,313.92
14251,88,Single,No,197.76
14252,88,Single,No,91.30
14253,88,Single,Yes,317.04
14254,88,Double,No,298.05
14255,88,Single,Yes,471.00
14256,88,Single,No,330.12
14257,88,Double,Yes,343.12
14258,88,Double,No,205.28
14259,88,Suite,Yes,349.94
14260,88,Single,No,242.47
14261,88,Suite,No,213.73
14262,88,Suite,Yes,108.98
14263,88,Single,No,301.21
14264,88,Single,Yes,388.13
14265,88,Single,Yes,384.01
14266,88,Suite,Yes,497.05
14267,88,Suite,Yes,418.14
14268,88,Suite,No,293.36
14269,88,Double,Yes,259.54
14270,88,Single,No,490.44
14271,88,Double,No,440.87
14272,88,Single,No,353.12
14273,88,Double,Yes,370.23
14274,88,Suite,Yes,308.63
14275,88,Suite,Yes,335.14
14276,88,Single,No,100.71
14277,88,Double,Yes,52.81
14278,88,Double,No,349.90
14279,88,Single,Yes,204.82
14280,88,Single,No,151.55
14281,88,Single,No,104.05
14282,88,Single,No,203.84
14283,88,Double,Yes,260.63
14284,88,Single,No,210.61
14285,88,Single,No,57.96
14286,88,Single,No,110.17
14287,88,Suite,Yes,130.55
14288,88,Single,Yes,63.17
14289,88,Single,Yes,340.95
14290,89,Double,No,250.41
14291,89,Double,No,473.10
14292,89,Double,No,214.51
14293,89,Single,Yes,117.16
14294,89,Double,No,362.68
14295,89,Suite,Yes,273.34
14296,89,Single,No,117.89
14297,89,Suite,No,428.96
14298,89,Single,No,400.69
14299,89,Single,No,119.71
14300,89,Suite,Yes,124.33
14301,89,Single,Yes,373.18
14302,89,Double,No,82.22
14303,89,Double,Yes,410.75
14304,89,Suite,Yes,153.46
14305,89,Single,No,212.52
14306,89,Double,Yes,410.40
14307,89,Suite,Yes,348.99
14308,89,Single,No,469.55
14309,89,Single,Yes,382.44
14310,89,Suite,No,281.40
14311,89,Double,Yes,242.86
14312,89,Single,Yes,219.27
14313,89,Suite,Yes,388.05
14314,89,Double,No,201.60
14315,89,Double,Yes,464.96
14316,89,Suite,Yes,286.21
14317,89,Single,Yes,340.83
14318,89,Double,No,218.78
14319,89,Double,Yes,110.87
14320,89,Single,No,365.99
14321,89,Single,Yes,387.55
14322,89,Double,No,243.02
14323,89,Double,Yes,83.22
14324,89,Single,No,289.87
14325,89,Suite,Yes,468.62
14326,89,Single,No,252.62
14327,89,Single,Yes,369.78
14328,89,Suite,No,183.43
14329,89,Suite,No,72.70
14330,89,Double,Yes,365.40
14331,89,Single,No,377.31
14332,89,Single,Yes,395.07
14333,89,Single,Yes,417.74
14334,89,Single,No,67.57
14335,89,Double,No,335.66
14336,89,Double,No,316.76
14337,89,Single,No,437.40
14338,89,Double,No,350.85
14339,89,Suite,No,156.74
14340,89,Single,No,211.13
14341,89,Double,Yes,283.09
14342,89,Suite,No,233.99
14343,89,Single,Yes,215.46
14344,89,Single,No,60.25
14345,89,Single,No,97.59
14346,89,Suite,No,352.49
14347,89,Double,Yes,138.69
14348,89,Single,Yes,301.83
14349,89,Suite,Yes,319.28
14350,89,Double,Yes,418.22
14351,89,Single,No,366.76
14352,89,Double,No,474.06
14353,89,Single,Yes,492.22
14354,89,Double,Yes,378.01
14355,89,Single,Yes,182.86
14356,89,Double,Yes,330.06
14357,89,Double,Yes,333.75
14358,89,Double,Yes,397.82
14359,89,Double,Yes,375.24
14360,89,Single,Yes,484.96
14361,89,Single,No,190.98
14362,89,Double,Yes,197.29
14363,89,Single,No,463.39
14364,89,Double,Yes,57.48
14365,89,Single,No,305.61
14366,89,Suite,Yes,310.89
14367,89,Suite,Yes,327.65
14368,89,Double,No,381.58
14369,89,Double,No,101.26
14370,89,Double,No,480.67
14371,90,Single,No,222.95
14372,90,Suite,Yes,273.81
14373,90,Single,No,304.64
14374,90,Double,No,248.98
14375,90,Single,Yes,217.77
14376,90,Suite,Yes,58.38
14377,90,Double,Yes,164.60
14378,90,Single,No,319.66
14379,90,Single,No,312.69
14380,90,Double,Yes,195.07
14381,90,Double,No,247.69
14382,90,Single,Yes,254.06
14383,90,Suite,No,204.18
14384,90,Single,No,123.04
14385,90,Suite,Yes,70.88
14386,90,Double,No,149.70
14387,90,Single,No,220.81
14388,90,Single,No,151.70
14389,90,Suite,No,86.53
14390,90,Suite,No,382.63
14391,90,Suite,No,87.51
14392,90,Suite,Yes,279.35
14393,90,Double,Yes,140.59
14394,90,Double,No,275.88
14395,90,Single,Yes,389.04
14396,90,Suite,No,92.82
14397,90,Double,Yes,418.15
14398,90,Suite,Yes,305.13
14399,90,Single,Yes,484.34
14400,90,Suite,Yes,474.89
14401,90,Double,Yes,481.50
14402,90,Suite,No,379.23
14403,90,Single,No,260.49
14404,90,Suite,Yes,284.50
14405,90,Suite,No,367.39
14406,90,Suite,Yes,191.86
14407,90,Suite,No,322.21
14408,90,Double,Yes,108.44
14409,90,Suite,Yes,356.95
14410,90,Double,No,282.34
14411,90,Suite,Yes,192.76
14412,90,Single,No,307.01
14413,90,Double,No,284.64
14414,90,Single,Yes,162.94
14415,90,Single,Yes,53.81
14416,90,Double,Yes,148.58
14417,90,Double,No,350.66
14418,90,Double,No,322.88
14419,90,Double,Yes,351.01
14420,90,Single,Yes,276.06
14421,90,Double,No,188.97
14422,90,Single,No,462.61
14423,90,Single,No,370.85
14424,90,Double,No,119.63
14425,90,Single,No,384.96
14426,90,Double,Yes,158.01
14427,90,Suite,Yes,387.09
14428,90,Suite,No,210.08
14429,90,Single,No,221.83
14430,90,Suite,No,369.66
14431,90,Double,Yes,368.29
14432,90,Suite,No,344.59
14433,90,Suite,Yes,131.01
14434,90,Double,No,497.77
14435,90,Double,Yes,84.34
14436,90,Single,Yes,123.95
14437,90,Suite,Yes,469.36
14438,90,Double,No,466.89
14439,90,Single,No,192.75
14440,90,Single,Yes,58.98
14441,90,Suite,Yes,365.27
14442,90,Single,No,479.27
14443,90,Suite,Yes,488.58
14444,90,Suite,Yes,133.05
14445,90,Suite,Yes,399.81
14446,90,Suite,Yes,106.45
14447,90,Single,No,246.90
14448,90,Double,No,158.36
14449,90,Single,Yes,283.55
14450,90,Single,Yes,290.48
14451,90,Double,No,106.88
14452,90,Double,Yes,130.63
14453,90,Suite,Yes,245.70
14454,90,Single,No,391.65
14455,90,Single,Yes,400.15
14456,90,Double,No,114.38
14457,90,Double,Yes,98.78
14458,90,Single,Yes,189.76
14459,90,Suite,Yes,67.39
14460,90,Double,No,207.54
14461,90,Suite,No,394.33
14462,90,Double,Yes,347.77
14463,90,Suite,Yes,486.22
14464,90,Double,Yes,336.81
14465,90,Single,No,130.97
14466,90,Single,Yes,469.27
14467,90,Single,Yes,109.86
14468,90,Suite,Yes,368.93
14469,91,Suite,No,424.23
14470,91,Double,No,180.02
14471,91,Single,Yes,471.30
14472,91,Double,Yes,163.19
14473,91,Single,Yes,498.16
14474,91,Double,Yes,57.31
14475,91,Double,No,166.10
14476,91,Single,No,434.29
14477,91,Single,Yes,119.38
14478,91,Suite,Yes,121.86
14479,91,Suite,Yes,85.36
14480,91,Double,Yes,53.26
14481,91,Suite,No,340.97
14482,91,Double,No,149.01
14483,91,Single,No,318.21
14484,91,Double,No,66.97
14485,91,Double,Yes,427.23
14486,91,Double,No,334.79
14487,91,Suite,No,144.13
14488,91,Single,No,314.29
14489,91,Double,No,226.80
14490,91,Single,Yes,175.94
14491,91,Double,Yes,247.71
14492,91,Single,Yes,377.48
14493,91,Single,No,126.53
14494,91,Double,No,303.87
14495,91,Double,Yes,279.51
14496,91,Suite,No,358.85
14497,91,Suite,No,246.80
14498,91,Double,Yes,286.78
14499,91,Double,Yes,274.51
14500,91,Single,No,134.10
14501,91,Double,No,111.52
14502,91,Suite,Yes,457.99
14503,91,Double,Yes,89.55
14504,91,Double,Yes,445.11
14505,91,Single,Yes,230.20
14506,91,Suite,Yes,463.66
14507,91,Single,Yes,222.62
14508,91,Double,Yes,71.04
14509,91,Single,No,427.19
14510,91,Double,Yes,219.13
14511,91,Suite,Yes,78.98
14512,91,Double,No,85.22
14513,91,Suite,No,61.11
14514,91,Single,Yes,190.32
14515,91,Single,No,225.22
14516,91,Single,Yes,499.54
14517,91,Suite,Yes,291.14
14518,91,Double,Yes,82.15
14519,91,Single,Yes,410.14
14520,91,Single,No,440.81
14521,91,Suite,No,374.51
14522,91,Double,No,296.03
14523,91,Double,No,247.84
14524,91,Suite,Yes,313.71
14525,91,Double,No,467.57
14526,91,Single,No,184.78
14527,91,Single,No,107.84
14528,91,Single,No,188.02
14529,91,Suite,No,236.20
14530,91,Double,No,491.00
14531,91,Single,No,342.76
14532,91,Double,Yes,72.61
14533,91,Double,No,326.69
14534,91,Single,No,225.22
14535,91,Double,Yes,208.93
14536,91,Single,No,74.77
14537,91,Double,Yes,222.12
14538,91,Single,No,327.67
14539,91,Single,No,81.06
14540,91,Single,No,475.20
14541,91,Suite,No,347.42
14542,91,Suite,No,467.64
14543,91,Double,No,422.36
14544,91,Single,No,488.39
14545,91,Single,Yes,403.81
14546,91,Single,No,340.57
14547,91,Single,No,225.44
14548,91,Suite,No,490.58
14549,91,Single,No,81.58
14550,91,Single,Yes,277.42
14551,91,Suite,Yes,157.08
14552,91,Single,No,223.01
14553,91,Suite,No,158.27
14554,91,Suite,No,202.40
14555,91,Double,No,205.45
14556,91,Single,No,150.29
14557,91,Suite,No,466.98
14558,91,Single,No,302.75
14559,91,Suite,Yes,284.45
14560,91,Double,Yes,121.37
14561,91,Suite,Yes,122.31
14562,91,Double,Yes,290.28
14563,91,Single,Yes,149.96
14564,92,Double,No,322.58
14565,92,Suite,No,105.81
14566,92,Double,No,253.41
14567,92,Suite,Yes,352.29
14568,92,Double,No,417.61
14569,92,Suite,No,82.94
14570,92,Double,No,412.39
14571,92,Double,No,324.94
14572,92,Double,Yes,84.29
14573,92,Suite,Yes,366.99
14574,92,Double,Yes,127.15
14575,92,Single,No,129.34
14576,92,Single,No,217.04
14577,92,Double,No,477.53
14578,92,Double,Yes,278.46
14579,92,Suite,Yes,277.98
14580,92,Double,Yes,266.82
14581,92,Double,Yes,210.81
14582,92,Single,No,237.40
14583,92,Double,Yes,445.97
14584,92,Double,Yes,183.62
14585,92,Double,Yes,115.71
14586,92,Double,Yes,193.61
14587,92,Single,Yes,118.88
14588,92,Suite,Yes,318.80
14589,92,Double,No,152.45
14590,92,Single,No,489.19
14591,92,Double,Yes,138.10
14592,92,Single,Yes,188.48
14593,92,Double,No,165.08
14594,92,Suite,No,55.13
14595,92,Suite,Yes,234.63
14596,92,Suite,No,366.98
14597,92,Suite,No,241.09
14598,92,Single,Yes,257.08
14599,92,Single,Yes,114.79
14600,92,Double,Yes,217.06
14601,92,Suite,Yes,243.02
14602,92,Single,Yes,249.12
14603,92,Single,Yes,472.50
14604,92,Double,No,257.68
14605,92,Single,Yes,381.33
14606,92,Double,No,134.65
14607,92,Double,Yes,384.51
14608,92,Suite,Yes,246.06
14609,92,Single,Yes,236.88
14610,92,Single,No,441.12
14611,92,Single,Yes,124.87
14612,92,Double,Yes,461.56
14613,92,Single,Yes,105.98
14614,92,Double,No,369.03
14615,92,Single,No,73.91
14616,92,Double,No,373.61
14617,92,Suite,No,165.50
14618,92,Single,No,413.66
14619,92,Suite,Yes,496.90
14620,92,Single,No,279.90
14621,92,Double,Yes,351.67
14622,92,Suite,No,99.91
14623,92,Single,Yes,269.17
14624,92,Double,No,298.80
14625,92,Single,Yes,407.07
14626,92,Suite,Yes,472.53
14627,92,Double,No,315.66
14628,92,Suite,No,211.73
14629,92,Double,Yes,169.94
14630,92,Single,Yes,359.34
14631,92,Single,Yes,348.60
14632,92,Suite,Yes,183.04
14633,92,Double,Yes,373.69
14634,92,Double,No,291.12
14635,92,Double,No,240.83
14636,92,Suite,No,369.61
14637,92,Double,Yes,270.59
14638,92,Suite,Yes,421.42
14639,92,Suite,Yes,257.40
14640,92,Suite,No,275.54
14641,92,Suite,Yes,90.00
14642,92,Suite,Yes,291.13
14643,92,Suite,No,447.79
14644,92,Single,No,132.99
14645,92,Suite,No,327.43
14646,92,Double,No,300.75
14647,92,Double,Yes,451.92
14648,92,Single,Yes,110.35
14649,92,Single,No,74.84
14650,92,Single,Yes,280.78
14651,92,Single,Yes,163.89
14652,92,Double,No,205.37
14653,92,Single,No,444.56
14654,92,Double,No,498.87
14655,92,Double,Yes,319.93
14656,92,Suite,Yes,282.51
14657,92,Double,No,269.84
14658,92,Suite,No,99.15
14659,92,Suite,No,52.30
14660,92,Single,Yes,170.55
14661,92,Single,No,323.23
14662,92,Single,No,173.72
14663,92,Suite,Yes,101.60
14664,92,Double,Yes,88.64
14665,92,Double,Yes,197.16
14666,92,Single,No,221.05
14667,92,Single,No,414.31
14668,92,Single,Yes,331.37
14669,92,Suite,Yes,484.84
14670,92,Double,No,70.62
14671,92,Suite,No,302.02
14672,92,Suite,Yes,428.06
14673,92,Suite,No,68.30
14674,92,Double,Yes,476.36
14675,92,Suite,Yes,55.60
14676,92,Suite,Yes,332.25
14677,92,Suite,Yes,97.99
14678,92,Single,No,235.04
14679,92,Double,Yes,462.19
14680,92,Suite,Yes,379.73
14681,92,Single,Yes,113.46
14682,92,Suite,No,133.44
14683,92,Suite,No,354.76
14684,92,Single,No,417.66
14685,92,Suite,No,300.31
14686,92,Single,No,260.41
14687,92,Double,Yes,497.03
14688,92,Suite,No,71.67
14689,92,Suite,No,450.07
14690,92,Double,Yes,285.94
14691,92,Double,Yes,240.16
14692,92,Single,No,90.84
14693,92,Single,Yes,128.31
14694,92,Double,Yes,197.97
14695,92,Single,Yes,169.85
14696,92,Suite,Yes,267.76
14697,92,Single,No,149.25
14698,92,Single,Yes,161.34
14699,92,Suite,No,243.68
14700,92,Single,Yes,417.56
14701,92,Suite,Yes,291.71
14702,92,Suite,No,278.62
14703,92,Double,Yes,296.56
14704,92,Suite,No,377.11
14705,92,Single,No,115.03
14706,92,Suite,Yes,167.69
14707,92,Single,Yes,245.12
14708,92,Suite,No,178.45
14709,92,Single,No,164.93
14710,92,Double,Yes,217.03
14711,92,Suite,Yes,429.17
14712,92,Suite,Yes,178.95
14713,92,Suite,No,180.86
14714,92,Double,No,262.67
14715,92,Double,Yes,62.87
14716,92,Double,Yes,492.13
14717,92,Suite,No,492.64
14718,92,Single,No,383.03
14719,92,Double,Yes,410.88
14720,92,Single,No,70.17
14721,92,Suite,Yes,115.27
14722,92,Suite,Yes,384.94
14723,92,Suite,No,326.15
14724,92,Double,Yes,332.34
14725,92,Single,No,113.00
14726,92,Double,Yes,86.69
14727,92,Double,No,427.58
14728,92,Suite,Yes,345.48
14729,92,Suite,No,83.63
14730,92,Suite,Yes,394.53
14731,92,Single,No,226.43
14732,92,Single,No,213.79
14733,92,Double,Yes,484.08
14734,92,Double,No,266.71
14735,92,Double,Yes,215.30
14736,92,Suite,Yes,289.90
14737,92,Suite,No,267.83
14738,92,Double,Yes,236.43
14739,92,Double,No,107.74
14740,92,Double,Yes,321.91
14741,92,Single,Yes,447.86
14742,92,Single,No,397.76
14743,92,Single,No,274.49
14744,92,Single,No,325.72
14745,92,Suite,No,263.25
14746,92,Single,Yes,67.66
14747,92,Single,No,237.19
14748,92,Double,No,392.51
14749,92,Double,Yes,113.97
14750,92,Double,No,72.33
14751,92,Single,No,93.16
14752,92,Single,Yes,418.35
14753,92,Single,Yes,454.10
14754,92,Single,No,193.45
14755,92,Suite,No,486.91
14756,92,Suite,Yes,404.94
14757,92,Suite,Yes,154.97
14758,92,Suite,No,204.99
14759,92,Suite,No,459.14
14760,92,Suite,No,169.24
14761,92,Suite,No,496.55
14762,92,Suite,No,99.05
14763,92,Single,Yes,136.27
14764,92,Single,Yes,438.79
14765,92,Double,No,327.92
14766,92,Double,Yes,85.77
14767,92,Suite,Yes,382.66
14768,92,Single,No,431.13
14769,92,Double,No,71.59
14770,92,Double,Yes,471.91
14771,92,Suite,Yes,250.33
14772,92,Single,Yes,401.24
14773,92,Double,No,95.75
14774,92,Double,Yes,141.74
14775,92,Suite,No,423.10
14776,92,Suite,Yes,123.17
14777,92,Single,No,65.68
14778,92,Single,Yes,423.64
14779,92,Single,Yes,166.44
14780,92,Suite,Yes,484.42
14781,92,Suite,No,89.37
14782,92,Double,No,237.58
14783,92,Double,Yes,123.10
14784,92,Single,Yes,327.23
14785,92,Single,Yes,51.72
14786,92,Double,Yes,119.80
14787,92,Double,Yes,51.90
14788,92,Suite,Yes,58.36
14789,92,Single,Yes,321.70
14790,92,Double,No,119.65
14791,92,Double,Yes,415.34
14792,92,Single,No,165.39
14793,92,Double,No,257.14
14794,92,Suite,Yes,66.67
14795,92,Double,No,68.70
14796,92,Double,Yes,147.62
14797,92,Double,Yes,73.82
14798,92,Suite,No,298.02
14799,92,Suite,No,142.96
14800,92,Double,Yes,189.11
14801,92,Single,No,346.97
14802,92,Single,No,398.39
14803,92,Double,No,83.16
14804,92,Suite,Yes,258.77
14805,92,Double,No,262.77
14806,92,Suite,Yes,146.66
14807,92,Single,Yes,494.70
14808,92,Single,No,396.24
14809,92,Single,No,292.22
14810,92,Double,No,275.84
14811,92,Double,No,466.41
14812,92,Single,Yes,422.26
14813,92,Single,No,251.12
14814,92,Suite,No,55.02
14815,92,Single,Yes,189.74
14816,92,Single,No,152.61
14817,92,Double,No,80.71
14818,92,Double,Yes,280.00
14819,92,Double,Yes,183.77
14820,92,Suite,No,168.70
14821,92,Single,Yes,112.51
14822,92,Double,Yes,253.79
14823,92,Single,No,422.30
14824,92,Single,Yes,363.71
14825,92,Suite,No,221.11
14826,92,Single,Yes,114.87
14827,92,Suite,No,71.90
14828,92,Double,Yes,106.72
14829,92,Suite,No,176.81
14830,92,Double,No,386.03
14831,92,Suite,No,316.05
14832,92,Suite,No,475.72
14833,92,Suite,No,408.42
14834,92,Single,Yes,372.43
14835,92,Double,Yes,351.79
14836,92,Double,Yes,468.26
14837,92,Suite,Yes,483.52
14838,92,Double,No,98.10
14839,92,Suite,Yes,247.51
14840,92,Single,Yes,136.61
14841,92,Suite,No,490.34
14842,92,Suite,Yes,456.34
14843,92,Single,Yes,445.24
14844,92,Single,Yes,367.31
14845,92,Suite,No,292.95
14846,92,Single,No,386.77
14847,92,Double,No,256.91
14848,92,Suite,Yes,472.23
14849,92,Suite,No,256.64
14850,92,Suite,Yes,226.66
14851,92,Single,Yes,481.10
14852,92,Suite,Yes,378.84
14853,92,Double,No,246.68
14854,92,Double,Yes,166.94
14855,92,Suite,Yes,89.05
14856,92,Single,No,459.10
14857,92,Suite,Yes,496.77
14858,92,Single,Yes,366.72
14859,92,Single,Yes,399.11
14860,92,Single,Yes,422.27
14861,92,Suite,No,334.66
14862,92,Double,Yes,371.67
14863,92,Double,Yes,123.26
14864,92,Suite,No,204.63
14865,92,Single,No,188.56
14866,92,Single,Yes,348.74
14867,92,Suite,Yes,359.23
14868,92,Single,No,277.90
14869,92,Double,No,166.35
14870,92,Single,No,351.55
14871,92,Suite,No,165.21
14872,93,Suite,Yes,239.89
14873,93,Suite,No,329.41
14874,93,Suite,Yes,160.04
14875,93,Suite,No,70.76
14876,93,Suite,No,371.94
14877,93,Suite,Yes,98.47
14878,93,Suite,No,75.00
14879,93,Single,Yes,441.11
14880,93,Double,Yes,476.79
14881,93,Single,No,64.38
14882,93,Suite,No,52.73
14883,93,Single,Yes,55.77
14884,93,Suite,No,399.06
14885,93,Single,Yes,110.05
14886,93,Single,Yes,496.99
14887,93,Double,Yes,149.27
14888,93,Suite,Yes,392.45
14889,93,Double,Yes,116.14
14890,93,Single,No,307.91
14891,93,Suite,No,161.28
14892,93,Suite,Yes,212.88
14893,93,Single,No,124.31
14894,93,Double,No,238.47
14895,93,Single,Yes,117.34
14896,93,Suite,No,267.11
14897,93,Double,No,205.61
14898,93,Double,Yes,266.64
14899,93,Double,Yes,57.52
14900,93,Double,Yes,387.12
14901,93,Double,Yes,77.62
14902,93,Suite,No,463.68
14903,93,Single,No,491.84
14904,93,Single,No,437.50
14905,93,Suite,Yes,271.73
14906,93,Single,No,253.76
14907,93,Suite,Yes,189.64
14908,93,Double,Yes,443.03
14909,93,Single,Yes,461.65
14910,93,Suite,No,345.75
14911,93,Suite,Yes,391.01
14912,93,Suite,No,138.76
14913,93,Single,Yes,431.84
14914,93,Single,Yes,439.40
14915,93,Double,No,177.14
14916,93,Suite,No,478.83
14917,93,Suite,No,50.95
14918,93,Double,No,369.63
14919,93,Single,No,316.56
14920,93,Single,Yes,188.80
14921,93,Double,Yes,454.71
14922,93,Double,Yes,124.68
14923,93,Single,No,449.39
14924,93,Double,Yes,84.39
14925,93,Double,No,323.27
14926,93,Single,Yes,178.16
14927,93,Suite,No,313.93
14928,93,Single,Yes,238.12
14929,93,Suite,No,129.36
14930,93,Single,Yes,437.99
14931,93,Suite,No,413.12
14932,93,Single,Yes,379.81
14933,93,Single,No,142.69
14934,93,Single,Yes,184.30
14935,93,Double,No,253.98
14936,93,Single,Yes,80.25
14937,93,Double,Yes,493.70
14938,93,Suite,Yes,115.47
14939,93,Double,Yes,444.43
14940,93,Suite,No,58.22
14941,93,Double,Yes,480.07
14942,93,Suite,No,400.99
14943,93,Single,Yes,423.90
14944,93,Suite,Yes,427.40
14945,93,Single,Yes,264.23
14946,93,Suite,Yes,75.48
14947,93,Double,Yes,63.02
14948,93,Double,No,186.82
14949,93,Double,No,331.27
14950,93,Suite,No,135.60
14951,93,Double,Yes,75.29
14952,93,Single,Yes,172.37
14953,93,Suite,No,488.23
14954,93,Suite,No,55.24
14955,93,Double,No,261.96
14956,93,Suite,Yes,234.99
14957,93,Double,No,380.64
14958,93,Suite,No,348.08
14959,93,Suite,Yes,386.41
14960,93,Single,No,221.27
14961,93,Single,Yes,314.53
14962,93,Suite,Yes,77.26
14963,93,Single,No,160.21
14964,93,Single,Yes,66.98
14965,93,Single,No,336.40
14966,93,Suite,No,157.71
14967,93,Single,No,442.85
14968,93,Suite,No,376.45
14969,93,Suite,Yes,217.16
14970,93,Single,No,173.25
14971,93,Single,Yes,339.99
14972,93,Double,No,447.04
14973,93,Double,Yes,130.91
14974,93,Double,No,346.72
14975,93,Suite,Yes,197.04
14976,93,Suite,Yes,91.76
14977,93,Suite,No,238.86
14978,93,Double,Yes,454.13
14979,93,Single,No,477.98
14980,93,Suite,Yes,225.27
14981,93,Double,Yes,112.70
14982,93,Double,Yes,481.51
14983,93,Double,Yes,433.12
14984,93,Single,Yes,99.68
14985,93,Single,No,105.43
14986,93,Suite,Yes,453.48
14987,93,Single,Yes,236.29
14988,93,Single,No,342.83
14989,93,Single,No,132.42
14990,93,Double,No,385.53
14991,93,Suite,No,398.72
14992,93,Double,No,243.85
14993,93,Double,No,468.31
14994,93,Double,Yes,96.81
14995,93,Single,No,169.56
14996,93,Single,No,356.52
14997,93,Single,Yes,264.81
14998,93,Single,No,290.94
14999,93,Suite,Yes,361.60
15000,93,Double,Yes,285.24
15001,93,Single,Yes,51.13
15002,93,Double,Yes,356.99
15003,93,Single,No,271.42
15004,93,Single,No,244.99
15005,93,Suite,Yes,210.41
15006,93,Double,Yes,476.99
15007,93,Single,No,399.25
15008,93,Double,No,344.83
15009,93,Single,No,147.95
15010,93,Single,Yes,58.98
15011,93,Suite,Yes,50.05
15012,93,Single,Yes,238.60
15013,93,Single,Yes,465.28
15014,93,Double,Yes,482.27
15015,93,Suite,Yes,442.96
15016,93,Double,Yes,150.78
15017,93,Suite,Yes,446.88
15018,93,Suite,No,202.09
15019,93,Suite,Yes,355.03
15020,93,Double,Yes,316.91
15021,93,Suite,Yes,386.58
15022,93,Single,No,263.63
15023,93,Double,Yes,153.18
15024,93,Single,No,111.44
15025,93,Double,No,103.38
15026,93,Suite,Yes,107.76
15027,93,Suite,Yes,459.04
15028,93,Suite,Yes,400.01
15029,93,Single,No,429.50
15030,93,Suite,Yes,202.97
15031,93,Suite,No,68.30
15032,93,Single,No,176.14
15033,93,Suite,No,346.70
15034,93,Suite,No,462.37
15035,93,Suite,No,420.50
15036,93,Double,Yes,454.94
15037,93,Double,Yes,176.66
15038,93,Suite,No,253.87
15039,93,Suite,No,418.57
15040,93,Single,No,420.53
15041,93,Suite,Yes,246.29
15042,93,Single,No,270.53
15043,94,Double,No,239.48
15044,94,Double,No,365.46
15045,94,Double,No,161.74
15046,94,Suite,No,138.99
15047,94,Single,Yes,72.57
15048,94,Double,No,81.22
15049,94,Single,No,343.86
15050,94,Single,Yes,494.77
15051,94,Single,Yes,235.33
15052,94,Double,Yes,287.18
15053,94,Single,No,309.82
15054,94,Suite,No,254.81
15055,94,Double,No,413.94
15056,94,Double,No,81.73
15057,94,Double,No,191.56
15058,94,Suite,Yes,388.39
15059,94,Double,Yes,176.50
15060,94,Single,Yes,188.47
15061,94,Double,No,482.17
15062,94,Single,No,336.74
15063,94,Suite,Yes,358.39
15064,94,Double,No,117.75
15065,94,Single,Yes,484.66
15066,94,Suite,Yes,149.66
15067,94,Suite,Yes,330.22
15068,94,Double,Yes,87.22
15069,94,Double,No,96.62
15070,94,Double,No,108.15
15071,94,Double,Yes,310.20
15072,94,Single,No,206.50
15073,94,Single,Yes,99.20
15074,94,Suite,No,110.88
15075,94,Single,No,189.05
15076,94,Suite,Yes,289.29
15077,94,Suite,No,352.58
15078,94,Single,No,409.55
15079,94,Double,No,433.78
15080,94,Suite,Yes,51.92
15081,94,Suite,No,342.18
15082,94,Single,No,415.32
15083,94,Suite,No,168.67
15084,94,Suite,Yes,60.28
15085,94,Suite,Yes,157.42
15086,94,Single,No,381.94
15087,94,Double,Yes,209.66
15088,94,Single,No,381.54
15089,94,Single,Yes,259.14
15090,94,Double,Yes,410.92
15091,94,Single,Yes,450.32
15092,94,Suite,Yes,265.72
15093,94,Double,No,69.81
15094,94,Suite,No,181.82
15095,94,Suite,No,279.67
15096,94,Suite,No,347.31
15097,94,Suite,Yes,51.56
15098,94,Suite,Yes,330.05
15099,94,Suite,Yes,308.11
15100,94,Double,Yes,316.89
15101,94,Suite,Yes,497.18
15102,94,Suite,No,112.42
15103,94,Suite,No,379.28
15104,94,Single,Yes,297.43
15105,94,Double,Yes,377.28
15106,94,Suite,Yes,225.87
15107,94,Suite,Yes,238.98
15108,94,Single,Yes,450.04
15109,94,Double,Yes,455.41
15110,94,Double,No,413.72
15111,94,Suite,No,67.61
15112,94,Suite,Yes,238.03
15113,94,Single,No,137.86
15114,94,Single,Yes,388.23
15115,94,Suite,No,110.85
15116,94,Double,Yes,418.09
15117,94,Single,Yes,148.17
15118,94,Suite,Yes,110.48
15119,94,Suite,Yes,433.17
15120,94,Single,Yes,257.44
15121,94,Double,Yes,211.49
15122,94,Suite,Yes,390.13
15123,94,Double,No,365.97
15124,94,Double,Yes,156.02
15125,94,Suite,No,72.05
15126,94,Single,Yes,303.23
15127,94,Suite,No,91.34
15128,94,Double,Yes,178.45
15129,94,Single,Yes,264.59
15130,94,Single,No,101.41
15131,94,Single,Yes,413.89
15132,94,Single,No,434.63
15133,94,Single,Yes,302.05
15134,94,Single,No,212.07
15135,94,Double,No,312.33
15136,94,Suite,No,440.84
15137,94,Double,Yes,369.56
15138,94,Single,No,183.05
15139,94,Suite,Yes,280.57
15140,94,Double,No,475.09
15141,94,Single,Yes,111.33
15142,94,Single,Yes,57.16
15143,94,Single,Yes,122.26
15144,94,Single,Yes,230.36
15145,94,Single,No,442.13
15146,94,Single,Yes,207.88
15147,94,Single,Yes,306.92
15148,94,Suite,No,443.86
15149,94,Suite,Yes,297.52
15150,94,Double,Yes,184.24
15151,94,Double,Yes,144.11
15152,94,Suite,No,473.43
15153,94,Double,Yes,451.18
15154,94,Double,No,170.52
15155,94,Suite,Yes,166.26
15156,94,Suite,No,186.51
15157,94,Suite,Yes,247.81
15158,94,Double,Yes,200.75
15159,94,Suite,Yes,274.23
15160,94,Suite,No,280.27
15161,94,Double,No,457.84
15162,94,Double,No,79.96
15163,94,Single,No,373.57
15164,94,Single,No,91.35
15165,94,Single,No,75.37
15166,94,Double,No,172.11
15167,94,Single,No,418.60
15168,94,Single,No,472.89
15169,94,Suite,No,380.33
15170,94,Double,No,350.64
15171,94,Single,No,144.49
15172,94,Suite,Yes,223.00
15173,94,Double,Yes,106.34
15174,94,Suite,No,209.52
15175,94,Suite,No,357.49
15176,94,Double,No,325.12
15177,94,Single,Yes,280.91
15178,94,Double,No,145.33
15179,94,Suite,No,114.47
15180,94,Suite,No,158.03
15181,94,Double,Yes,478.19
15182,94,Suite,No,364.12
15183,94,Double,No,317.00
15184,94,Double,No,282.79
15185,94,Double,No,239.59
15186,94,Double,No,319.37
15187,94,Double,Yes,411.89
15188,94,Single,Yes,260.77
15189,94,Double,Yes,58.91
15190,94,Double,Yes,492.02
15191,94,Double,No,136.76
15192,94,Single,No,230.50
15193,94,Double,No,192.99
15194,94,Single,No,486.15
15195,94,Double,No,265.53
15196,94,Single,No,268.81
15197,94,Suite,Yes,239.60
15198,94,Double,Yes,294.56
15199,94,Suite,Yes,58.32
15200,94,Double,Yes,178.30
15201,94,Single,No,343.95
15202,94,Double,Yes,425.42
15203,94,Single,No,308.67
15204,94,Single,No,81.66
15205,94,Double,No,150.61
15206,94,Suite,Yes,265.35
15207,94,Single,Yes,211.91
15208,94,Single,No,183.92
15209,94,Single,No,283.71
15210,94,Single,No,495.81
15211,94,Suite,Yes,96.27
15212,94,Single,Yes,71.86
15213,94,Suite,Yes,126.56
15214,94,Double,No,170.87
15215,94,Single,Yes,125.81
15216,94,Suite,No,118.70
15217,94,Single,No,355.90
15218,94,Suite,Yes,171.48
15219,94,Single,No,118.55
15220,94,Single,Yes,431.23
15221,94,Single,Yes,300.05
15222,94,Suite,Yes,449.34
15223,94,Suite,Yes,433.13
15224,94,Double,No,119.92
15225,94,Double,Yes,376.56
15226,94,Single,No,243.61
15227,94,Single,No,285.87
15228,95,Single,No,249.75
15229,95,Single,Yes,485.30
15230,95,Double,Yes,195.14
15231,95,Suite,No,102.79
15232,95,Double,Yes,458.96
15233,95,Suite,Yes,183.94
15234,95,Double,No,294.48
15235,95,Double,Yes,128.32
15236,95,Double,No,376.12
15237,95,Double,Yes,127.12
15238,95,Double,Yes,388.58
15239,95,Single,Yes,132.10
15240,95,Single,Yes,395.52
15241,95,Single,Yes,139.41
15242,95,Suite,Yes,318.29
15243,95,Double,Yes,292.72
15244,95,Single,Yes,446.58
15245,95,Suite,No,308.31
15246,95,Suite,Yes,262.44
15247,95,Single,Yes,396.02
15248,95,Single,Yes,72.16
15249,95,Suite,No,213.56
15250,95,Suite,No,402.70
15251,95,Suite,No,397.81
15252,95,Suite,Yes,112.32
15253,95,Single,Yes,230.34
15254,95,Single,Yes,282.75
15255,95,Single,Yes,441.53
15256,95,Suite,Yes,130.21
15257,95,Double,Yes,73.93
15258,95,Double,Yes,62.83
15259,95,Double,No,438.95
15260,95,Suite,No,280.79
15261,95,Double,Yes,165.31
15262,95,Double,Yes,67.13
15263,95,Single,Yes,159.59
15264,95,Suite,Yes,149.20
15265,95,Single,Yes,433.88
15266,95,Single,Yes,350.31
15267,95,Suite,Yes,272.24
15268,95,Double,Yes,431.64
15269,95,Single,No,297.65
15270,95,Double,Yes,300.69
15271,95,Single,No,304.08
15272,95,Double,No,106.17
15273,95,Suite,Yes,131.13
15274,95,Suite,Yes,232.59
15275,95,Single,No,327.31
15276,95,Double,Yes,283.50
15277,95,Single,No,369.77
15278,95,Double,No,66.31
15279,95,Suite,No,112.78
15280,95,Single,Yes,499.24
15281,95,Single,No,247.68
15282,95,Suite,Yes,257.72
15283,95,Single,No,281.24
15284,95,Double,Yes,471.23
15285,95,Suite,No,410.29
15286,95,Suite,No,97.36
15287,95,Suite,No,218.76
15288,95,Double,No,443.46
15289,95,Single,Yes,421.55
15290,95,Single,No,171.07
15291,95,Double,Yes,457.71
15292,95,Double,No,286.38
15293,95,Suite,Yes,242.34
15294,95,Double,Yes,247.29
15295,95,Double,Yes,481.64
15296,95,Double,No,75.90
15297,95,Double,No,236.59
15298,95,Single,No,371.52
15299,95,Single,No,353.10
15300,95,Suite,No,134.35
15301,95,Double,Yes,302.58
15302,95,Single,Yes,151.09
15303,95,Double,No,374.64
15304,95,Double,Yes,425.68
15305,95,Single,No,89.26
15306,95,Single,No,147.38
15307,95,Suite,Yes,132.10
15308,95,Double,Yes,345.66
15309,95,Suite,No,59.58
15310,95,Suite,Yes,462.64
15311,95,Double,Yes,63.36
15312,95,Double,Yes,135.30
15313,95,Single,No,279.83
15314,96,Single,No,195.03
15315,96,Single,Yes,282.84
15316,96,Suite,Yes,439.73
15317,96,Double,No,218.83
15318,96,Suite,Yes,471.10
15319,96,Double,No,169.47
15320,96,Suite,No,490.12
15321,96,Double,Yes,232.38
15322,96,Single,No,169.85
15323,96,Single,No,425.59
15324,96,Double,No,310.02
15325,96,Single,No,215.99
15326,96,Suite,Yes,304.17
15327,96,Double,No,302.99
15328,96,Single,No,478.11
15329,96,Suite,Yes,442.29
15330,96,Single,Yes,169.85
15331,96,Double,No,128.81
15332,96,Single,Yes,294.83
15333,96,Single,Yes,236.27
15334,96,Single,Yes,114.90
15335,96,Suite,Yes,84.43
15336,96,Single,Yes,86.43
15337,96,Suite,No,72.67
15338,96,Double,Yes,181.34
15339,96,Single,No,371.67
15340,96,Single,Yes,146.85
15341,96,Single,No,74.94
15342,96,Single,No,197.88
15343,96,Suite,Yes,76.02
15344,96,Single,No,413.21
15345,96,Double,No,259.60
15346,96,Suite,No,186.95
15347,96,Suite,Yes,341.09
15348,96,Single,No,144.08
15349,96,Suite,Yes,315.21
15350,96,Double,No,72.02
15351,96,Double,Yes,53.74
15352,96,Suite,Yes,416.89
15353,96,Double,Yes,436.15
15354,96,Single,No,428.42
15355,96,Single,Yes,194.06
15356,96,Suite,Yes,426.81
15357,96,Double,No,439.57
15358,96,Double,Yes,319.34
15359,96,Suite,No,396.61
15360,96,Suite,No,473.88
15361,96,Double,Yes,171.60
15362,96,Single,No,410.56
15363,96,Double,Yes,271.40
15364,96,Single,No,375.97
15365,96,Suite,Yes,478.63
15366,96,Suite,No,463.70
15367,96,Single,Yes,382.47
15368,96,Single,No,427.55
15369,96,Suite,Yes,330.05
15370,96,Suite,Yes,265.54
15371,96,Double,No,54.91
15372,96,Suite,No,244.47
15373,96,Single,Yes,379.44
15374,96,Suite,Yes,137.08
15375,96,Suite,Yes,278.56
15376,96,Suite,No,419.17
15377,96,Double,Yes,180.39
15378,96,Double,No,302.67
15379,96,Double,No,481.68
15380,96,Suite,Yes,415.67
15381,96,Double,Yes,287.95
15382,96,Single,No,194.66
15383,96,Double,Yes,123.23
15384,96,Single,No,463.27
15385,96,Suite,Yes,232.91
15386,96,Double,Yes,370.72
15387,96,Single,No,453.15
15388,96,Single,Yes,180.62
15389,96,Suite,Yes,308.01
15390,96,Double,Yes,346.87
15391,96,Suite,Yes,241.14
15392,96,Single,No,194.16
15393,96,Suite,No,106.12
15394,96,Single,No,413.88
15395,96,Single,Yes,123.40
15396,96,Double,Yes,172.98
15397,96,Single,No,51.40
15398,96,Suite,Yes,213.75
15399,96,Suite,No,293.49
15400,96,Single,Yes,488.51
15401,96,Double,No,187.03
15402,96,Single,Yes,214.54
15403,96,Single,Yes,66.53
15404,96,Suite,No,392.64
15405,96,Suite,No,186.62
15406,96,Suite,No,401.07
15407,96,Suite,Yes,156.21
15408,96,Double,No,301.89
15409,96,Double,Yes,85.32
15410,96,Suite,No,341.31
15411,96,Single,Yes,445.19
15412,96,Double,No,113.28
15413,96,Single,No,52.91
15414,96,Double,Yes,302.99
15415,96,Double,No,288.39
15416,96,Suite,Yes,365.26
15417,96,Double,No,323.99
15418,96,Double,Yes,270.40
15419,96,Double,No,167.75
15420,96,Double,No,472.24
15421,96,Suite,Yes,65.22
15422,96,Suite,No,468.85
15423,96,Double,No,195.42
15424,96,Suite,No,99.92
15425,96,Double,No,167.21
15426,96,Single,No,302.30
15427,96,Suite,Yes,334.87
15428,96,Single,No,267.09
15429,96,Suite,Yes,252.93
15430,96,Double,No,246.93
15431,96,Double,Yes,96.99
15432,96,Single,Yes,101.34
15433,96,Double,No,340.47
15434,96,Suite,Yes,174.38
15435,96,Double,No,177.71
15436,96,Double,Yes,222.80
15437,96,Double,No,271.98
15438,96,Single,Yes,74.98
15439,96,Double,Yes,133.74
15440,96,Single,No,488.52
15441,96,Double,No,304.04
15442,96,Single,Yes,107.27
15443,96,Double,No,52.23
15444,96,Suite,Yes,339.63
15445,96,Single,No,208.69
15446,96,Single,Yes,445.58
15447,96,Single,No,497.11
15448,96,Single,Yes,252.50
15449,96,Suite,Yes,309.17
15450,96,Single,No,293.88
15451,96,Single,No,435.89
15452,96,Double,No,258.98
15453,96,Double,Yes,279.92
15454,96,Single,No,255.07
15455,96,Single,No,480.28
15456,96,Single,Yes,81.37
15457,96,Suite,Yes,374.31
15458,96,Suite,Yes,123.77
15459,96,Double,No,303.67
15460,96,Single,Yes,425.86
15461,96,Double,Yes,125.85
15462,96,Suite,No,273.16
15463,96,Single,Yes,412.18
15464,96,Single,No,283.11
15465,96,Double,Yes,397.97
15466,96,Suite,No,285.42
15467,96,Double,Yes,360.44
15468,96,Suite,Yes,144.70
15469,96,Double,No,157.66
15470,96,Double,No,374.80
15471,96,Single,Yes,242.75
15472,96,Single,Yes,467.49
15473,96,Double,Yes,132.28
15474,96,Double,Yes,216.55
15475,96,Single,No,412.79
15476,96,Single,Yes,223.22
15477,96,Suite,No,232.79
15478,96,Double,No,276.76
15479,96,Single,Yes,277.42
15480,96,Suite,No,424.33
15481,96,Single,Yes,319.58
15482,96,Double,No,499.30
15483,96,Double,Yes,131.46
15484,96,Single,Yes,399.59
15485,96,Double,No,485.36
15486,96,Double,No,493.48
15487,96,Double,No,272.38
15488,96,Double,Yes,397.43
15489,96,Double,No,206.80
15490,96,Suite,No,75.67
15491,96,Single,Yes,298.11
15492,96,Single,No,401.94
15493,96,Suite,Yes,53.42
15494,96,Single,Yes,271.56
15495,96,Single,No,272.76
15496,96,Double,Yes,371.47
15497,96,Single,Yes,436.67
15498,96,Suite,No,382.91
15499,96,Single,Yes,158.35
15500,96,Double,Yes,175.23
15501,96,Double,No,377.12
15502,96,Suite,No,186.61
15503,96,Double,No,244.68
15504,96,Double,No,355.39
15505,96,Single,Yes,243.99
15506,96,Suite,No,371.62
15507,96,Suite,Yes,260.60
15508,96,Suite,No,395.96
15509,96,Single,No,363.75
15510,96,Double,Yes,242.15
15511,96,Single,Yes,321.32
15512,96,Suite,Yes,70.13
15513,96,Single,Yes,496.64
15514,96,Suite,Yes,192.87
15515,96,Single,Yes,102.02
15516,96,Double,Yes,490.99
15517,96,Suite,No,332.35
15518,96,Single,Yes,230.59
15519,96,Single,Yes,175.33
15520,96,Suite,No,195.00
15521,96,Single,Yes,117.34
15522,96,Single,Yes,318.77
15523,96,Single,Yes,150.14
15524,96,Double,Yes,130.71
15525,96,Single,Yes,335.73
15526,96,Single,Yes,408.56
15527,96,Suite,No,249.67
15528,96,Single,Yes,225.87
15529,96,Single,No,447.69
15530,96,Double,Yes,376.23
15531,96,Single,Yes,257.94
15532,96,Suite,Yes,479.97
15533,96,Single,No,51.68
15534,96,Single,Yes,165.05
15535,96,Suite,Yes,122.40
15536,96,Single,Yes,189.35
15537,96,Suite,Yes,214.71
15538,96,Double,Yes,466.33
15539,96,Double,Yes,95.83
15540,96,Single,No,400.47
15541,96,Suite,Yes,251.20
15542,96,Single,No,435.79
15543,96,Suite,Yes,151.54
15544,96,Suite,Yes,405.33
15545,96,Single,Yes,356.39
15546,96,Suite,No,451.41
15547,96,Suite,No,93.26
15548,96,Suite,No,174.76
15549,96,Single,No,285.52
15550,96,Suite,No,112.85
15551,96,Double,No,461.65
15552,96,Double,No,349.25
15553,96,Single,No,353.47
15554,96,Single,Yes,120.15
15555,96,Suite,No,255.01
15556,96,Double,No,284.62
15557,96,Double,No,360.70
15558,96,Suite,No,496.36
15559,96,Double,Yes,329.84
15560,96,Single,No,203.10
15561,96,Suite,Yes,283.87
15562,96,Suite,Yes,391.04
15563,96,Suite,No,477.16
15564,96,Suite,No,207.00
15565,96,Double,Yes,422.70
15566,96,Suite,Yes,66.10
15567,96,Double,No,230.21
15568,96,Single,No,479.69
15569,96,Suite,Yes,135.59
15570,96,Suite,Yes,481.31
15571,96,Suite,No,451.18
15572,96,Suite,No,480.05
15573,96,Suite,No,414.72
15574,96,Suite,Yes,391.32
15575,96,Double,Yes,99.95
15576,96,Suite,Yes,415.36
15577,96,Single,Yes,150.53
15578,96,Suite,No,162.39
15579,96,Single,No,297.56
15580,96,Double,Yes,140.96
15581,96,Single,Yes,303.87
15582,96,Single,No,71.55
15583,96,Double,No,388.41
15584,96,Single,Yes,251.66
15585,96,Double,No,118.33
15586,96,Single,Yes,169.32
15587,96,Single,No,247.23
15588,96,Suite,No,211.64
15589,96,Single,No,158.17
15590,96,Single,Yes,487.05
15591,96,Suite,Yes,112.85
15592,96,Double,No,317.03
15593,96,Suite,Yes,287.43
15594,96,Single,No,377.62
15595,96,Single,No,319.08
15596,96,Single,No,198.37
15597,96,Suite,Yes,153.50
15598,96,Single,Yes,425.13
15599,96,Single,No,328.49
15600,96,Double,Yes,402.36
15601,96,Single,Yes,56.84
15602,96,Double,Yes,137.25
15603,96,Suite,No,81.79
15604,96,Double,No,288.90
15605,96,Suite,Yes,230.44
15606,96,Suite,No,473.85
15607,96,Suite,No,320.83
15608,96,Double,Yes,258.19
15609,96,Single,No,478.91
15610,96,Single,Yes,427.21
15611,96,Double,Yes,315.99
15612,96,Suite,Yes,365.48
15613,96,Single,No,335.07
15614,96,Single,Yes,447.63
15615,96,Single,Yes,427.67
15616,96,Double,Yes,260.87
15617,96,Suite,No,190.91
15618,96,Single,No,469.71
15619,96,Double,Yes,52.48
15620,96,Single,Yes,411.44
15621,96,Single,No,297.62
15622,96,Suite,Yes,341.31
15623,96,Single,Yes,336.74
15624,96,Single,Yes,331.30
15625,96,Double,No,51.84
15626,96,Double,No,143.23
15627,96,Double,Yes,347.24
15628,96,Suite,No,178.28
15629,96,Double,Yes,419.70
15630,97,Single,Yes,339.32
15631,97,Double,Yes,217.44
15632,97,Double,No,404.34
15633,97,Double,Yes,311.55
15634,97,Double,Yes,280.32
15635,97,Single,No,294.11
15636,97,Double,No,232.44
15637,97,Suite,No,242.88
15638,97,Double,Yes,94.31
15639,97,Suite,No,352.91
15640,97,Suite,Yes,107.68
15641,97,Double,No,91.56
15642,97,Single,Yes,113.90
15643,97,Suite,Yes,492.78
15644,97,Suite,Yes,351.14
15645,97,Double,No,471.16
15646,97,Single,No,53.83
15647,97,Double,Yes,195.26
15648,97,Double,No,388.60
15649,97,Suite,No,243.54
15650,97,Double,No,296.31
15651,97,Single,No,254.07
15652,97,Single,Yes,380.05
15653,97,Suite,No,85.87
15654,97,Double,No,123.68
15655,97,Suite,Yes,428.39
15656,97,Single,Yes,51.52
15657,97,Suite,No,498.74
15658,97,Suite,Yes,160.38
15659,97,Double,Yes,406.95
15660,97,Double,Yes,174.93
15661,97,Single,Yes,310.88
15662,97,Suite,Yes,91.02
15663,97,Double,No,467.84
15664,97,Single,No,490.03
15665,97,Double,No,450.85
15666,97,Single,Yes,205.65
15667,97,Suite,Yes,337.21
15668,97,Double,No,461.11
15669,97,Single,Yes,239.66
15670,97,Single,No,112.38
15671,97,Suite,No,359.12
15672,97,Suite,No,357.41
15673,97,Double,No,156.47
15674,97,Suite,Yes,324.44
15675,97,Suite,No,115.87
15676,97,Single,Yes,454.33
15677,97,Suite,No,121.50
15678,97,Suite,No,177.15
15679,97,Double,No,72.98
15680,97,Single,Yes,187.88
15681,97,Suite,No,336.45
15682,97,Double,Yes,389.77
15683,97,Double,No,238.25
15684,97,Suite,No,299.58
15685,97,Double,Yes,389.17
15686,97,Suite,Yes,96.57
15687,97,Single,No,430.33
15688,97,Single,No,275.55
15689,97,Single,Yes,366.78
15690,97,Single,No,375.00
15691,97,Suite,No,52.90
15692,97,Single,No,329.24
15693,97,Double,No,300.15
15694,97,Suite,Yes,416.43
15695,97,Single,Yes,55.36
15696,97,Single,Yes,391.28
15697,97,Single,Yes,317.98
15698,97,Suite,No,457.05
15699,97,Suite,No,437.20
15700,97,Single,Yes,282.38
15701,97,Single,Yes,92.27
15702,97,Double,No,205.22
15703,97,Double,Yes,477.92
15704,97,Single,Yes,158.77
15705,97,Double,Yes,310.85
15706,97,Double,Yes,293.90
15707,97,Suite,Yes,232.04
15708,97,Suite,Yes,153.24
15709,97,Single,No,472.72
15710,97,Single,Yes,338.01
15711,97,Suite,No,190.21
15712,97,Single,No,218.99
15713,97,Double,No,412.05
15714,97,Double,No,121.50
15715,97,Suite,No,214.24
15716,97,Single,No,254.68
15717,97,Suite,Yes,381.61
15718,97,Suite,No,402.12
15719,97,Single,Yes,142.01
15720,97,Suite,Yes,153.68
15721,97,Single,No,245.18
15722,97,Single,Yes,391.89
15723,97,Suite,No,160.50
15724,97,Single,No,374.73
15725,97,Double,Yes,488.58
15726,97,Single,No,256.87
15727,97,Suite,Yes,320.98
15728,97,Single,Yes,230.71
15729,97,Suite,Yes,209.47
15730,97,Suite,Yes,125.60
15731,97,Double,No,242.84
15732,97,Single,Yes,429.73
15733,97,Suite,No,352.54
15734,97,Suite,Yes,115.94
15735,97,Single,No,298.93
15736,97,Single,Yes,66.65
15737,97,Suite,No,64.85
15738,97,Double,No,60.31
15739,97,Suite,No,311.31
15740,97,Double,Yes,433.32
15741,97,Double,Yes,294.15
15742,97,Double,No,453.91
15743,97,Suite,No,186.03
15744,97,Single,No,208.25
15745,97,Suite,No,162.12
15746,97,Suite,No,63.50
15747,97,Single,Yes,217.63
15748,97,Double,Yes,315.84
15749,97,Double,No,353.78
15750,97,Suite,No,445.38
15751,97,Suite,Yes,235.24
15752,97,Single,Yes,362.72
15753,97,Single,No,496.27
15754,97,Double,Yes,382.01
15755,97,Single,No,248.28
15756,97,Single,No,211.13
15757,97,Suite,Yes,164.37
15758,97,Double,Yes,289.83
15759,97,Single,No,405.35
15760,97,Single,Yes,462.06
15761,97,Double,No,461.80
15762,97,Suite,Yes,431.03
15763,97,Single,No,388.57
15764,97,Double,Yes,62.08
15765,97,Double,No,111.15
15766,97,Double,Yes,324.97
15767,97,Double,No,65.00
15768,97,Suite,Yes,161.98
15769,97,Single,Yes,464.86
15770,97,Single,No,320.34
15771,97,Suite,No,152.36
15772,97,Single,No,487.45
15773,97,Single,No,305.75
15774,97,Suite,Yes,124.02
15775,97,Double,Yes,277.86
15776,97,Suite,Yes,166.40
15777,97,Suite,Yes,470.56
15778,97,Double,No,359.25
15779,97,Double,No,190.22
15780,98,Suite,No,106.06
15781,98,Suite,Yes,343.61
15782,98,Suite,No,67.37
15783,98,Double,No,461.02
15784,98,Double,No,137.28
15785,98,Double,No,362.84
15786,98,Double,No,286.72
15787,98,Double,No,431.43
15788,98,Suite,No,374.71
15789,98,Suite,No,267.51
15790,98,Suite,No,50.62
15791,98,Single,Yes,457.41
15792,98,Single,No,177.12
15793,98,Double,No,104.68
15794,98,Double,Yes,433.23
15795,98,Suite,No,95.06
15796,98,Suite,Yes,336.12
15797,98,Single,Yes,461.83
15798,98,Double,Yes,329.69
15799,98,Suite,No,251.81
15800,98,Suite,Yes,254.99
15801,98,Double,Yes,241.96
15802,98,Single,Yes,323.99
15803,98,Double,Yes,357.88
15804,98,Single,Yes,213.51
15805,98,Suite,No,144.91
15806,98,Single,Yes,192.36
15807,98,Double,Yes,415.70
15808,98,Double,No,54.26
15809,98,Double,No,451.27
15810,98,Single,No,255.98
15811,98,Double,No,419.92
15812,98,Single,Yes,150.64
15813,98,Single,Yes,348.90
15814,98,Suite,No,108.39
15815,98,Suite,No,108.70
15816,98,Double,No,253.47
15817,98,Suite,Yes,325.10
15818,98,Suite,No,278.26
15819,98,Suite,Yes,285.36
15820,98,Double,No,94.64
15821,98,Double,No,75.27
15822,98,Suite,No,435.17
15823,98,Double,No,272.97
15824,98,Double,Yes,395.45
15825,98,Suite,Yes,159.64
15826,98,Single,Yes,160.15
15827,98,Suite,Yes,84.42
15828,98,Suite,No,270.64
15829,98,Double,Yes,320.73
15830,98,Suite,Yes,145.43
15831,98,Double,No,109.68
15832,98,Single,No,118.97
15833,98,Single,Yes,447.89
15834,98,Single,Yes,461.24
15835,98,Single,Yes,167.58
15836,98,Double,Yes,399.62
15837,98,Single,No,410.42
15838,98,Single,Yes,219.03
15839,98,Single,Yes,113.80
15840,98,Double,No,410.56
15841,98,Single,No,494.42
15842,98,Suite,No,180.77
15843,98,Double,Yes,499.46
15844,98,Suite,Yes,350.25
15845,98,Double,No,297.10
15846,98,Double,No,449.45
15847,98,Suite,Yes,320.60
15848,98,Double,Yes,332.72
15849,98,Suite,No,290.10
15850,98,Suite,Yes,153.46
15851,98,Suite,No,388.62
15852,98,Single,Yes,411.49
15853,98,Single,Yes,336.53
15854,98,Single,Yes,74.17
15855,98,Suite,No,131.42
15856,98,Suite,No,434.53
15857,98,Suite,Yes,427.56
15858,98,Double,Yes,253.68
15859,98,Suite,No,124.68
15860,98,Suite,Yes,126.42
15861,98,Double,No,371.17
15862,98,Suite,Yes,311.50
15863,98,Suite,No,175.12
15864,98,Single,Yes,294.70
15865,98,Single,No,136.84
15866,98,Double,Yes,113.19
15867,98,Suite,Yes,386.47
15868,98,Suite,No,281.83
15869,98,Suite,Yes,151.31
15870,98,Suite,No,203.60
15871,98,Double,No,267.44
15872,98,Suite,No,471.35
15873,98,Suite,No,166.44
15874,98,Suite,Yes,365.19
15875,98,Single,Yes,200.75
15876,98,Single,Yes,249.47
15877,98,Double,No,290.80
15878,98,Single,No,350.68
15879,98,Single,Yes,352.32
15880,98,Suite,Yes,211.74
15881,98,Double,Yes,230.15
15882,98,Double,No,498.54
15883,98,Double,No,141.12
15884,98,Single,No,462.10
15885,98,Suite,No,251.92
15886,98,Suite,No,313.88
15887,98,Suite,Yes,105.14
15888,98,Suite,No,324.99
15889,98,Single,Yes,358.91
15890,98,Single,Yes,316.47
15891,98,Suite,No,90.64
15892,98,Single,No,222.60
15893,98,Single,Yes,267.18
15894,98,Single,Yes,352.44
15895,98,Double,No,162.84
15896,98,Single,No,417.72
15897,98,Double,No,288.99
15898,98,Single,Yes,224.68
15899,98,Suite,No,244.21
15900,98,Suite,Yes,197.50
15901,98,Suite,No,488.14
15902,98,Single,Yes,272.18
15903,98,Suite,No,254.19
15904,98,Suite,No,362.00
15905,98,Suite,Yes,172.08
15906,98,Suite,No,51.47
15907,98,Single,Yes,441.32
15908,98,Suite,Yes,436.14
15909,98,Suite,No,102.80
15910,98,Suite,Yes,67.54
15911,98,Double,Yes,163.53
15912,98,Double,Yes,419.12
15913,98,Single,No,410.72
15914,98,Single,Yes,89.77
15915,98,Suite,No,370.40
15916,98,Suite,Yes,263.16
15917,98,Double,Yes,351.02
15918,98,Double,No,439.18
15919,98,Suite,No,308.48
15920,98,Single,No,109.63
15921,98,Single,No,296.05
15922,98,Single,No,339.73
15923,98,Single,No,134.00
15924,98,Double,No,162.25
15925,98,Single,Yes,441.02
15926,98,Suite,Yes,343.04
15927,98,Suite,No,62.85
15928,98,Suite,Yes,115.30
15929,98,Suite,No,159.57
15930,98,Suite,No,79.19
15931,98,Single,Yes,458.03
15932,98,Suite,Yes,104.65
15933,98,Suite,No,408.76
15934,98,Suite,No,294.11
15935,98,Suite,No,121.67
15936,98,Suite,Yes,230.02
15937,98,Suite,Yes,296.37
15938,98,Single,No,217.93
15939,98,Single,Yes,82.43
15940,98,Suite,No,53.32
15941,98,Single,Yes,267.02
15942,98,Single,Yes,317.19
15943,98,Suite,Yes,374.79
15944,98,Double,Yes,173.97
15945,98,Suite,Yes,124.06
15946,98,Double,No,324.29
15947,98,Double,Yes,229.24
15948,98,Suite,No,186.73
15949,98,Single,Yes,364.26
15950,98,Suite,No,263.53
15951,98,Double,No,481.81
15952,98,Double,Yes,136.31
15953,98,Single,No,444.41
15954,98,Double,No,264.08
15955,98,Single,No,449.86
15956,98,Single,Yes,72.73
15957,98,Suite,Yes,495.62
15958,98,Single,No,202.27
15959,98,Double,Yes,54.65
15960,98,Suite,Yes,142.55
15961,98,Single,Yes,367.97
15962,98,Single,No,223.89
15963,98,Double,No,251.65
15964,98,Single,Yes,372.83
15965,98,Suite,Yes,139.80
15966,98,Single,Yes,411.37
15967,98,Single,Yes,415.96
15968,98,Suite,No,349.95
15969,98,Suite,Yes,200.67
15970,98,Single,No,270.55
15971,98,Single,No,319.12
15972,98,Suite,No,114.82
15973,98,Single,No,146.69
15974,98,Double,No,178.91
15975,98,Suite,No,60.64
15976,99,Single,Yes,429.10
15977,99,Suite,No,121.62
15978,99,Single,Yes,464.00
15979,99,Suite,No,97.01
15980,99,Double,Yes,405.67
15981,99,Single,Yes,65.11
15982,99,Single,Yes,137.73
15983,99,Double,No,235.12
15984,99,Suite,No,140.01
15985,99,Single,Yes,375.50
15986,99,Single,Yes,318.71
15987,99,Single,Yes,474.70
15988,99,Double,No,265.13
15989,99,Suite,No,326.65
15990,99,Single,Yes,105.52
15991,99,Single,Yes,121.46
15992,99,Single,No,253.94
15993,99,Single,No,361.14
15994,99,Single,Yes,343.67
15995,99,Single,No,98.33
15996,99,Double,Yes,90.74
15997,99,Double,Yes,223.58
15998,99,Suite,Yes,333.12
15999,99,Double,Yes,200.19
16000,99,Double,Yes,471.26
16001,99,Suite,Yes,293.42
16002,99,Suite,Yes,350.40
16003,99,Suite,Yes,179.37
16004,99,Double,Yes,445.26
16005,99,Double,Yes,388.16
16006,99,Single,Yes,60.86
16007,99,Single,Yes,236.71
16008,99,Single,No,377.81
16009,99,Suite,No,409.67
16010,99,Suite,Yes,225.73
16011,99,Double,Yes,151.18
16012,99,Single,Yes,465.53
16013,99,Double,Yes,253.38
16014,99,Suite,No,402.24
16015,99,Double,No,212.13
16016,99,Double,No,367.24
16017,99,Single,No,353.37
16018,99,Double,No,440.78
16019,99,Single,No,250.41
16020,99,Single,No,415.91
16021,99,Single,No,152.94
16022,99,Double,No,395.25
16023,99,Double,Yes,350.85
16024,99,Double,Yes,208.27
16025,99,Suite,Yes,450.76
16026,99,Double,Yes,470.94
16027,99,Double,No,54.64
16028,99,Suite,No,236.10
16029,99,Suite,No,369.28
16030,99,Single,Yes,334.20
16031,99,Single,No,189.42
16032,99,Double,No,182.93
16033,99,Suite,No,447.22
16034,99,Single,Yes,108.36
16035,99,Single,No,76.22
16036,99,Single,No,490.38
16037,99,Double,Yes,453.48
16038,99,Single,Yes,258.65
16039,99,Double,No,97.92
16040,99,Double,No,146.55
16041,99,Single,Yes,493.91
16042,99,Suite,Yes,408.29
16043,99,Single,No,303.10
16044,99,Double,No,345.39
16045,99,Single,Yes,113.68
16046,99,Single,Yes,472.35
16047,99,Single,No,361.59
16048,99,Single,No,182.34
16049,99,Double,No,168.99
16050,99,Double,No,179.95
16051,99,Double,No,223.48
16052,99,Suite,Yes,272.80
16053,99,Double,Yes,63.74
16054,99,Single,Yes,388.52
16055,99,Single,Yes,228.87
16056,99,Single,Yes,329.56
16057,99,Suite,Yes,409.07
16058,99,Suite,Yes,375.10
16059,99,Suite,Yes,263.16
16060,99,Suite,No,268.07
16061,99,Double,Yes,191.91
16062,99,Single,No,366.27
16063,99,Single,No,453.53
16064,99,Suite,No,183.94
16065,99,Single,No,145.80
16066,99,Suite,No,92.10
16067,99,Single,Yes,268.44
16068,99,Single,Yes,399.88
16069,99,Suite,Yes,461.43
16070,99,Suite,No,141.41
16071,99,Single,No,117.06
16072,99,Suite,No,371.43
16073,99,Double,Yes,414.25
16074,99,Suite,Yes,439.85
16075,99,Suite,Yes,74.12
16076,99,Double,Yes,360.49
16077,99,Single,No,135.85
16078,99,Single,Yes,268.09
16079,99,Single,No,356.38
16080,99,Suite,No,357.86
16081,99,Suite,No,432.06
16082,100,Single,No,493.03
16083,100,Suite,Yes,296.69
16084,100,Suite,Yes,99.69
16085,100,Single,No,400.86
16086,100,Single,No,339.89
16087,100,Double,No,375.04
16088,100,Single,Yes,277.11
16089,100,Double,Yes,354.50
16090,100,Single,Yes,415.13
16091,100,Double,No,360.34
16092,100,Single,No,368.76
16093,100,Single,No,390.28
16094,100,Single,Yes,414.08
16095,100,Single,No,221.88
16096,100,Double,Yes,205.60
16097,100,Single,Yes,368.97
16098,100,Double,Yes,499.25
16099,100,Single,No,202.77
16100,100,Suite,Yes,394.71
16101,100,Double,Yes,105.91
16102,100,Double,Yes,111.65
16103,100,Single,No,374.70
16104,100,Single,Yes,113.94
16105,100,Suite,No,153.85
16106,100,Double,No,167.71
16107,100,Suite,Yes,154.94
16108,100,Single,Yes,281.05
16109,100,Suite,No,150.46
16110,100,Suite,Yes,443.26
16111,100,Suite,No,115.42
16112,100,Single,No,75.03
16113,100,Suite,Yes,495.50
16114,100,Double,No,309.46
16115,100,Suite,No,281.39
16116,100,Double,Yes,382.08
16117,100,Single,Yes,441.38
16118,100,Suite,No,333.90
16119,100,Single,No,388.71
16120,100,Single,No,248.35
16121,100,Double,Yes,88.58
16122,100,Single,Yes,249.11
16123,100,Double,Yes,109.34
16124,100,Double,No,55.21
16125,100,Double,Yes,198.13
16126,100,Double,No,158.40
16127,100,Double,No,155.48
16128,100,Single,No,251.66
16129,100,Suite,Yes,490.63
16130,100,Double,No,182.82
16131,100,Single,Yes,499.70
16132,100,Suite,Yes,436.26
16133,100,Double,No,196.19
16134,100,Double,Yes,163.15
16135,100,Suite,No,372.72
16136,100,Suite,Yes,481.86
16137,100,Single,Yes,53.93
16138,100,Single,No,456.62
16139,100,Suite,Yes,288.68
16140,100,Double,No,51.02
16141,100,Single,Yes,122.71
16142,100,Suite,Yes,206.01
16143,100,Single,No,182.22
16144,100,Double,No,152.32
16145,100,Single,Yes,487.80
16146,100,Suite,Yes,166.70
16147,100,Single,No,250.18
16148,100,Single,Yes,321.64
16149,100,Single,No,105.38
16150,100,Single,No,407.69
16151,100,Double,Yes,453.91
16152,100,Suite,No,182.74
16153,100,Suite,No,495.54
16154,100,Suite,Yes,126.32
16155,100,Single,No,430.84
16156,100,Double,Yes,308.66
16157,100,Suite,Yes,238.94
16158,100,Double,Yes,359.98
16159,100,Single,No,441.05
16160,100,Suite,No,127.67
16161,100,Suite,No,396.11
16162,100,Single,Yes,406.84
16163,100,Single,No,247.36
16164,100,Single,No,376.65
16165,100,Single,No,131.48
16166,100,Suite,No,393.84
16167,100,Single,No,410.22
16168,100,Single,Yes,390.07
16169,100,Single,No,106.22
16170,100,Single,Yes,489.61
16171,100,Suite,No,60.75
16172,100,Single,No,415.46
16173,100,Double,Yes,419.36
16174,100,Single,No,341.67
16175,100,Double,No,185.22
16176,100,Single,No,252.99
16177,100,Single,Yes,493.21
16178,100,Suite,No,273.20
16179,100,Single,No,399.12
16180,100,Double,Yes,253.69
16181,100,Suite,Yes,191.03
16182,100,Double,No,221.30
16183,100,Suite,No,402.13
16184,100,Double,No,283.08
16185,100,Single,Yes,473.53
16186,100,Single,No,327.56
16187,100,Single,Yes,94.53
16188,100,Suite,No,344.06
16189,100,Single,No,73.78
16190,100,Double,No,427.36
16191,100,Suite,Yes,157.09
16192,100,Single,No,162.51
16193,100,Double,No,219.55
16194,100,Double,Yes,102.51
16195,100,Single,Yes,143.04
16196,100,Double,Yes,461.18
16197,100,Single,Yes,343.05
16198,100,Double,No,474.99
16199,100,Suite,Yes,70.00
16200,100,Suite,No,80.71
16201,100,Suite,No,117.94
16202,100,Double,No,69.35
16203,100,Single,Yes,297.79
16204,100,Single,Yes,58.59
16205,100,Single,Yes,193.00
16206,100,Single,Yes,82.17
16207,100,Suite,Yes,323.12
16208,100,Suite,No,60.87
16209,100,Double,Yes,300.43
16210,100,Suite,Yes,332.49
16211,100,Single,No,355.61
16212,100,Suite,No,350.05
16213,100,Double,Yes,94.83
16214,100,Double,No,372.66
16215,100,Single,Yes,204.66
16216,100,Single,No,268.23
16217,100,Single,No,218.05
16218,100,Double,No,242.58
16219,100,Double,No,158.80
16220,100,Double,No,431.01
16221,100,Single,No,289.36
16222,100,Suite,Yes,413.22
16223,100,Double,Yes,179.88
16224,100,Single,No,159.72
16225,100,Single,No,107.93
16226,100,Single,Yes,129.90
16227,100,Suite,No,239.86
16228,100,Single,No,163.87
16229,100,Suite,No,75.56
16230,100,Double,No,339.87
16231,100,Suite,Yes,268.98
16232,100,Suite,Yes,205.46
16233,100,Single,Yes,384.75
16234,100,Single,No,351.44
16235,100,Double,No,126.02
16236,100,Double,Yes,100.66
16237,100,Single,No,344.09
16238,100,Suite,No,314.97
16239,100,Single,No,488.33
16240,100,Suite,Yes,320.23
16241,100,Suite,Yes,157.28
16242,100,Single,Yes,262.34
16243,100,Suite,No,286.17
16244,100,Double,Yes,211.04
16245,100,Double,Yes,399.71
16246,100,Suite,Yes,460.50
16247,100,Single,Yes,285.38
16248,100,Suite,No,383.60
16249,100,Single,Yes,272.31
16250,100,Double,No,356.23
16251,100,Double,Yes,244.45
16252,100,Suite,No,249.35
16253,100,Single,Yes,406.87
16254,100,Double,No,271.81
16255,100,Suite,No,112.24
16256,100,Suite,Yes,425.53
16257,100,Double,Yes,297.82
16258,100,Single,No,340.00
16259,100,Single,Yes,282.88
16260,100,Single,Yes,378.35
16261,100,Double,Yes,72.31
16262,100,Suite,Yes,174.15
16263,100,Single,Yes,262.29
16264,100,Suite,Yes,373.47
16265,100,Suite,No,178.81
16266,100,Single,No,330.97
16267,100,Double,Yes,329.59
16268,100,Double,Yes,257.30
16269,100,Single,Yes,220.40
16270,100,Double,No,137.03
16271,100,Suite,No,408.26
16272,100,Suite,No,481.35
16273,100,Single,Yes,372.58
16274,100,Suite,Yes,136.22
16275,100,Suite,Yes,470.30
16276,100,Double,No,470.36
16277,100,Double,Yes,411.29
16278,100,Double,Yes,73.86
16279,100,Double,Yes,166.24
16280,100,Suite,Yes,192.62
16281,100,Single,Yes,250.16
16282,100,Suite,No,72.29
16283,100,Double,Yes,132.92
16284,100,Double,No,176.60
16285,100,Suite,No,115.78
16286,100,Double,No,355.17
16287,100,Suite,Yes,201.59
16288,100,Single,Yes,480.18
16289,100,Single,No,387.32
16290,100,Single,Yes,116.39
16291,100,Single,Yes,154.71
16292,100,Single,Yes,247.02
16293,100,Suite,Yes,434.30
16294,100,Double,Yes,57.48
16295,100,Suite,No,468.96
16296,100,Single,Yes,339.50
16297,100,Double,Yes,446.71
16298,100,Single,Yes,360.41
16299,100,Double,No,331.54
16300,100,Single,Yes,141.83
16301,100,Single,No,224.89
16302,100,Suite,No,341.74
16303,100,Single,Yes,459.91
16304,100,Suite,Yes,317.05
16305,100,Suite,Yes,421.51
16306,100,Single,Yes,288.14
16307,100,Single,No,372.38
16308,100,Single,Yes,55.00
16309,100,Suite,No,379.94
16310,100,Suite,Yes,264.99
16311,100,Suite,No,394.69
